nation,year,share_air_time_valid,dep_total,n_rows,covid_flag,match_sensitive,reason
AE,2004,0.0,424.0,14,False,False,share_air_time_valid < 0.5
AE,2005,0.0,822.0,24,False,False,share_air_time_valid < 0.5
AE,2006,0.0,1715.0,30,False,False,share_air_time_valid < 0.5
AE,2007,0.0,2895.0,79,False,False,share_air_time_valid < 0.5
AE,2008,0.0,3085.0,97,False,False,share_air_time_valid < 0.5
AE,2009,0.0,4257.0,176,False,False,share_air_time_valid < 0.5
AE,2010,0.0,5350.0,198,False,False,share_air_time_valid < 0.5
AE,2011,0.0,6556.0,216,False,False,share_air_time_valid < 0.5
AE,2012,0.0,7096.0,266,False,False,share_air_time_valid < 0.5
AE,2013,0.0,8034.0,274,False,False,share_air_time_valid < 0.5
AE,2014,0.0,10798.0,336,False,False,share_air_time_valid < 0.5
AE,2015,0.0,14083.0,449,False,False,share_air_time_valid < 0.5
AE,2016,0.0,15883.0,494,False,False,share_air_time_valid < 0.5
AE,2017,0.0,15932.0,533,False,False,share_air_time_valid < 0.5
AE,2018,0.0,13835.0,473,False,False,share_air_time_valid < 0.5
AE,2019,0.0,12798.0,445,False,False,share_air_time_valid < 0.5
AE,2020,0.0,4631.0,236,True,False,share_air_time_valid < 0.5
AE,2021,0.0,8351.0,387,True,False,share_air_time_valid < 0.5
AE,2022,0.0,11961.0,418,False,False,share_air_time_valid < 0.5
AE,2023,0.0,12807.0,404,False,False,share_air_time_valid < 0.5
AE,2024,0.0,13278.0,426,False,False,share_air_time_valid < 0.5
AE,2025,0.0,14552.0,466,False,False,share_air_time_valid < 0.5
AL,2018,0.0,96.0,8,False,False,share_air_time_valid < 0.5
AL,2019,0.0,393.0,24,False,False,share_air_time_valid < 0.5
AL,2020,0.0,75.0,6,True,False,share_air_time_valid < 0.5
AN,2008,0.0,44.0,4,False,False,share_air_time_valid < 0.5
AN,2009,0.0,630.0,24,False,False,share_air_time_valid < 0.5
AN,2010,0.0,1310.0,46,False,False,share_air_time_valid < 0.5
AN,2011,0.0,1660.0,78,False,False,share_air_time_valid < 0.5
AN,2012,0.0,1682.0,90,False,False,share_air_time_valid < 0.5
AN,2013,0.0,1176.0,62,False,False,share_air_time_valid < 0.5
AN,2014,0.0,804.0,48,False,False,share_air_time_valid < 0.5
AN,2015,0.0,889.0,48,False,False,share_air_time_valid < 0.5
AN,2016,0.0,1017.0,43,False,False,share_air_time_valid < 0.5
AN,2017,0.0,1427.0,34,False,False,share_air_time_valid < 0.5
AR,1990,0.0,1288.0,207,False,False,share_air_time_valid < 0.5
AR,1991,0.0,1342.0,210,False,False,share_air_time_valid < 0.5
AR,1992,0.0,1495.0,201,False,False,share_air_time_valid < 0.5
AR,1993,0.0,1245.0,188,False,False,share_air_time_valid < 0.5
AR,1994,0.0,1574.0,159,False,False,share_air_time_valid < 0.5
AR,1995,0.0,2018.0,146,False,False,share_air_time_valid < 0.5
AR,1996,0.0,2511.0,114,False,False,share_air_time_valid < 0.5
AR,1997,0.0,2365.0,117,False,False,share_air_time_valid < 0.5
AR,1998,0.0,2023.0,107,False,False,share_air_time_valid < 0.5
AR,1999,0.0,1826.0,67,False,False,share_air_time_valid < 0.5
AR,2000,0.0,2059.0,125,False,False,share_air_time_valid < 0.5
AR,2001,0.0,819.0,50,False,False,share_air_time_valid < 0.5
AR,2002,0.0,622.0,52,False,False,share_air_time_valid < 0.5
AR,2003,0.0,781.0,63,False,False,share_air_time_valid < 0.5
AR,2004,0.0,653.0,66,False,False,share_air_time_valid < 0.5
AR,2005,0.0,627.0,50,False,False,share_air_time_valid < 0.5
AR,2006,0.0,533.0,56,False,False,share_air_time_valid < 0.5
AR,2007,0.0,542.0,78,False,False,share_air_time_valid < 0.5
AR,2008,0.0,532.0,73,False,False,share_air_time_valid < 0.5
AR,2009,0.0,516.0,48,False,False,share_air_time_valid < 0.5
AR,2010,0.0,666.0,42,False,False,share_air_time_valid < 0.5
AR,2011,0.0,687.0,37,False,False,share_air_time_valid < 0.5
AR,2012,0.0,764.0,46,False,False,share_air_time_valid < 0.5
AR,2013,0.0,1455.0,50,False,False,share_air_time_valid < 0.5
AR,2014,0.0,1985.0,88,False,False,share_air_time_valid < 0.5
AR,2015,0.0,2183.0,92,False,False,share_air_time_valid < 0.5
AR,2016,0.0,2357.0,86,False,False,share_air_time_valid < 0.5
AR,2017,0.0,2240.0,64,False,False,share_air_time_valid < 0.5
AR,2018,0.0,2168.0,50,False,False,share_air_time_valid < 0.5
AR,2019,0.0,2026.0,50,False,False,share_air_time_valid < 0.5
AR,2020,0.0,613.0,42,True,False,share_air_time_valid < 0.5
AR,2021,0.0,729.0,36,True,False,share_air_time_valid < 0.5
AR,2022,0.0,2380.0,118,False,False,share_air_time_valid < 0.5
AR,2023,0.0,5033.0,272,False,False,share_air_time_valid < 0.5
AR,2024,0.0,5784.0,292,False,False,share_air_time_valid < 0.5
AR,2025,0.0,4915.0,225,False,False,share_air_time_valid < 0.5
AT,1990,0.0,530.0,24,False,False,share_air_time_valid < 0.5
AT,1991,0.0,568.0,24,False,False,share_air_time_valid < 0.5
AT,1992,0.0,1121.0,74,False,False,share_air_time_valid < 0.5
AT,1993,0.0,1731.0,92,False,False,share_air_time_valid < 0.5
AT,1994,0.0,1690.0,93,False,False,share_air_time_valid < 0.5
AT,1995,0.0,1519.0,74,False,False,share_air_time_valid < 0.5
AT,1996,0.0,1854.0,72,False,False,share_air_time_valid < 0.5
AT,1997,0.0,2042.0,72,False,False,share_air_time_valid < 0.5
AT,1998,0.0,2112.0,88,False,False,share_air_time_valid < 0.5
AT,1999,0.0,2282.0,164,False,False,share_air_time_valid < 0.5
AT,2000,0.0,2368.0,122,False,False,share_air_time_valid < 0.5
AT,2001,0.0,2167.0,96,False,False,share_air_time_valid < 0.5
AT,2002,0.0,1408.0,48,False,False,share_air_time_valid < 0.5
AT,2003,0.0,1335.0,48,False,False,share_air_time_valid < 0.5
AT,2004,0.0,1410.0,48,False,False,share_air_time_valid < 0.5
AT,2005,0.0,1504.0,48,False,False,share_air_time_valid < 0.5
AT,2006,0.0,1606.0,54,False,False,share_air_time_valid < 0.5
AT,2007,0.0,1720.0,72,False,False,share_air_time_valid < 0.5
AT,2008,0.0,1810.0,68,False,False,share_air_time_valid < 0.5
AT,2009,0.0,1338.0,50,False,False,share_air_time_valid < 0.5
AT,2010,0.0,1368.0,66,False,False,share_air_time_valid < 0.5
AT,2011,0.0,1395.0,66,False,False,share_air_time_valid < 0.5
AT,2012,0.0,1388.0,62,False,False,share_air_time_valid < 0.5
AT,2013,0.0,1699.0,66,False,False,share_air_time_valid < 0.5
AT,2014,0.0,2222.0,88,False,False,share_air_time_valid < 0.5
AT,2015,0.0,2538.0,112,False,False,share_air_time_valid < 0.5
AT,2016,0.0,2908.0,136,False,False,share_air_time_valid < 0.5
AT,2017,0.0,2949.0,158,False,False,share_air_time_valid < 0.5
AT,2018,0.0,2747.0,134,False,False,share_air_time_valid < 0.5
AT,2019,0.0,3336.0,156,False,False,share_air_time_valid < 0.5
AT,2020,0.0,890.0,60,True,False,share_air_time_valid < 0.5
AT,2021,0.0,1370.0,80,True,False,share_air_time_valid < 0.5
AT,2022,0.0,2437.0,114,False,False,share_air_time_valid < 0.5
AT,2023,0.0,2549.0,108,False,False,share_air_time_valid < 0.5
AT,2024,0.0,2339.0,103,False,False,share_air_time_valid < 0.5
AT,2025,0.0,3117.0,150,False,False,share_air_time_valid < 0.5
AU,1990,0.0,2342.0,297,False,False,share_air_time_valid < 0.5
AU,1991,0.0,3832.0,363,False,False,share_air_time_valid < 0.5
AU,1992,0.0,4422.0,308,False,False,share_air_time_valid < 0.5
AU,1993,0.0,4702.0,289,False,False,share_air_time_valid < 0.5
AU,1994,0.0,4605.0,293,False,False,share_air_time_valid < 0.5
AU,1995,0.0,3812.0,254,False,False,share_air_time_valid < 0.5
AU,1996,0.0,2987.0,151,False,False,share_air_time_valid < 0.5
AU,1997,0.0,2776.0,108,False,False,share_air_time_valid < 0.5
AU,1998,0.0,3007.0,94,False,False,share_air_time_valid < 0.5
AU,1999,0.0,3278.0,98,False,False,share_air_time_valid < 0.5
AU,2000,0.0,4164.0,133,False,False,share_air_time_valid < 0.5
AU,2001,0.0,4096.0,106,False,False,share_air_time_valid < 0.5
AU,2002,0.0,3199.0,96,False,False,share_air_time_valid < 0.5
AU,2003,0.0,3411.0,96,False,False,share_air_time_valid < 0.5
AU,2004,0.0,4063.0,110,False,False,share_air_time_valid < 0.5
AU,2005,0.0,4104.0,120,False,False,share_air_time_valid < 0.5
AU,2006,0.0,4538.0,152,False,False,share_air_time_valid < 0.5
AU,2007,0.0,5105.0,198,False,False,share_air_time_valid < 0.5
AU,2008,0.0,5091.0,168,False,False,share_air_time_valid < 0.5
AU,2009,0.0,4654.0,219,False,False,share_air_time_valid < 0.5
AU,2010,0.0,4542.0,218,False,False,share_air_time_valid < 0.5
AU,2011,0.0,4729.0,222,False,False,share_air_time_valid < 0.5
AU,2012,0.0,4644.0,185,False,False,share_air_time_valid < 0.5
AU,2013,0.0,4718.0,200,False,False,share_air_time_valid < 0.5
AU,2014,0.0,4851.0,203,False,False,share_air_time_valid < 0.5
AU,2015,0.0,5324.0,242,False,False,share_air_time_valid < 0.5
AU,2016,0.0,5413.0,262,False,False,share_air_time_valid < 0.5
AU,2017,0.0,5026.0,227,False,False,share_air_time_valid < 0.5
AU,2018,0.0,5567.0,257,False,False,share_air_time_valid < 0.5
AU,2019,0.0,5710.0,251,False,False,share_air_time_valid < 0.5
AU,2020,0.0,1388.0,75,True,False,share_air_time_valid < 0.5
AU,2021,0.0,99.0,11,True,False,share_air_time_valid < 0.5
AU,2022,0.0,3307.0,188,False,False,share_air_time_valid < 0.5
AU,2023,0.0,4632.0,274,False,False,share_air_time_valid < 0.5
AU,2024,0.0,5076.0,314,False,False,share_air_time_valid < 0.5
AU,2025,0.0,4989.0,314,False,False,share_air_time_valid < 0.5
AZ,2014,0.0,64.0,8,False,False,share_air_time_valid < 0.5
AZ,2015,0.0,288.0,24,False,False,share_air_time_valid < 0.5
AZ,2016,0.0,254.0,24,False,False,share_air_time_valid < 0.5
AZ,2017,0.0,276.0,24,False,False,share_air_time_valid < 0.5
AZ,2018,0.0,210.0,24,False,False,share_air_time_valid < 0.5
AZ,2019,0.0,192.0,22,False,False,share_air_time_valid < 0.5
AZ,2020,0.0,32.0,6,True,False,share_air_time_valid < 0.5
BD,1990,0.0,130.0,6,False,False,share_air_time_valid < 0.5
BD,1993,0.0,4.0,2,False,False,share_air_time_valid < 0.5
BD,1994,0.0,102.0,24,False,False,share_air_time_valid < 0.5
BD,1995,0.0,208.0,24,False,False,share_air_time_valid < 0.5
BD,1996,0.0,210.0,24,False,False,share_air_time_valid < 0.5
BD,1997,0.0,200.0,24,False,False,share_air_time_valid < 0.5
BD,1998,0.0,208.0,24,False,False,share_air_time_valid < 0.5
BD,1999,0.0,162.0,20,False,False,share_air_time_valid < 0.5
BD,2000,0.0,272.0,38,False,False,share_air_time_valid < 0.5
BD,2001,0.0,277.0,34,False,False,share_air_time_valid < 0.5
BD,2002,0.0,212.0,24,False,False,share_air_time_valid < 0.5
BD,2003,0.0,206.0,24,False,False,share_air_time_valid < 0.5
BD,2004,0.0,208.0,24,False,False,share_air_time_valid < 0.5
BD,2005,0.0,200.0,24,False,False,share_air_time_valid < 0.5
BD,2006,0.0,62.0,14,False,False,share_air_time_valid < 0.5
BE,1990,0.0,1476.0,50,False,False,share_air_time_valid < 0.5
BE,1991,0.0,1841.0,86,False,False,share_air_time_valid < 0.5
BE,1992,0.0,2205.0,115,False,False,share_air_time_valid < 0.5
BE,1993,0.0,1926.0,86,False,False,share_air_time_valid < 0.5
BE,1994,0.0,2274.0,122,False,False,share_air_time_valid < 0.5
BE,1995,0.0,2689.0,148,False,False,share_air_time_valid < 0.5
BE,1996,0.0,2821.0,172,False,False,share_air_time_valid < 0.5
BE,1997,0.0,2566.0,175,False,False,share_air_time_valid < 0.5
BE,1998,0.0,2372.0,177,False,False,share_air_time_valid < 0.5
BE,1999,0.0,3054.0,271,False,False,share_air_time_valid < 0.5
BE,2000,0.0,1746.0,122,False,False,share_air_time_valid < 0.5
BG,1992,0.0,6.0,2,False,False,share_air_time_valid < 0.5
BG,1993,0.0,62.0,10,False,False,share_air_time_valid < 0.5
BH,1994,0.0,260.0,214,False,False,share_air_time_valid < 0.5
BH,1995,0.0,418.0,356,False,False,share_air_time_valid < 0.5
BH,1996,0.0,398.0,53,False,False,share_air_time_valid < 0.5
BH,1997,0.0,38.0,8,False,False,share_air_time_valid < 0.5
BH,2025,0.0,80.0,6,False,False,share_air_time_valid < 0.5
BO,2008,0.0,243.0,20,False,False,share_air_time_valid < 0.5
BO,2009,0.0,375.0,43,False,False,share_air_time_valid < 0.5
BO,2010,0.0,373.0,40,False,False,share_air_time_valid < 0.5
BO,2011,0.0,432.0,50,False,False,share_air_time_valid < 0.5
BO,2012,0.0,115.0,10,False,False,share_air_time_valid < 0.5
BR,1990,0.0,3297.0,432,False,False,share_air_time_valid < 0.5
BR,1991,0.0,4198.0,534,False,False,share_air_time_valid < 0.5
BR,1992,0.0,5058.0,671,False,False,share_air_time_valid < 0.5
BR,1993,0.0,5048.0,644,False,False,share_air_time_valid < 0.5
BR,1994,0.0,5378.0,714,False,False,share_air_time_valid < 0.5
BR,1995,0.0,5965.0,567,False,False,share_air_time_valid < 0.5
BR,1996,0.0,7066.0,640,False,False,share_air_time_valid < 0.5
BR,1997,0.0,7657.0,679,False,False,share_air_time_valid < 0.5
BR,1998,0.0,7764.0,692,False,False,share_air_time_valid < 0.5
BR,1999,0.0,6485.0,537,False,False,share_air_time_valid < 0.5
BR,2000,0.0,5747.0,327,False,False,share_air_time_valid < 0.5
BR,2001,0.0,5648.0,301,False,False,share_air_time_valid < 0.5
BR,2002,0.0,4852.0,290,False,False,share_air_time_valid < 0.5
BR,2003,0.0,3752.0,220,False,False,share_air_time_valid < 0.5
BR,2004,0.0,3693.0,219,False,False,share_air_time_valid < 0.5
BR,2005,0.0,3875.0,194,False,False,share_air_time_valid < 0.5
BR,2006,0.0,3592.0,193,False,False,share_air_time_valid < 0.5
BR,2007,0.0,3646.0,96,False,False,share_air_time_valid < 0.5
BR,2008,0.0,3985.0,112,False,False,share_air_time_valid < 0.5
BR,2009,0.0,5432.0,160,False,False,share_air_time_valid < 0.5
BR,2010,0.0,5629.0,151,False,False,share_air_time_valid < 0.5
BR,2011,0.0,6738.0,207,False,False,share_air_time_valid < 0.5
BR,2012,0.0,7411.0,208,False,False,share_air_time_valid < 0.5
BR,2013,0.0,7057.0,224,False,False,share_air_time_valid < 0.5
BR,2014,0.0,7515.0,273,False,False,share_air_time_valid < 0.5
BR,2015,0.0,8881.0,318,False,False,share_air_time_valid < 0.5
BR,2016,0.0,6326.0,284,False,False,share_air_time_valid < 0.5
BR,2017,0.0,5523.0,280,False,False,share_air_time_valid < 0.5
BR,2018,0.0,7449.0,467,False,False,share_air_time_valid < 0.5
BR,2019,0.0,5664.0,378,False,False,share_air_time_valid < 0.5
BR,2020,0.0,1360.0,112,True,False,share_air_time_valid < 0.5
BR,2021,0.0,748.0,58,True,False,share_air_time_valid < 0.5
BR,2022,0.0,2170.0,182,False,False,share_air_time_valid < 0.5
BR,2023,0.0,3291.0,304,False,False,share_air_time_valid < 0.5
BR,2024,0.0,4011.0,305,False,False,share_air_time_valid < 0.5
BR,2025,0.0,4487.0,310,False,False,share_air_time_valid < 0.5
BS,1990,0.0,5871.0,128,False,False,share_air_time_valid < 0.5
BS,1991,0.0,5647.0,71,False,False,share_air_time_valid < 0.5
BS,1993,0.0,312.0,4,False,False,share_air_time_valid < 0.5
BS,1994,0.0,36.0,2,False,False,share_air_time_valid < 0.5
BS,1995,0.0,420.0,4,False,False,share_air_time_valid < 0.5
BS,1996,0.0,2990.0,36,False,False,share_air_time_valid < 0.5
BS,1997,0.0,2430.0,38,False,False,share_air_time_valid < 0.5
BS,1998,0.0,4991.0,78,False,False,share_air_time_valid < 0.5
BS,1999,0.0,5667.0,116,False,False,share_air_time_valid < 0.5
BS,2000,0.0,4762.0,67,False,False,share_air_time_valid < 0.5
BS,2001,0.0,5215.0,61,False,False,share_air_time_valid < 0.5
BS,2002,0.0,4872.0,81,False,False,share_air_time_valid < 0.5
BS,2003,0.0,7354.0,183,False,False,share_air_time_valid < 0.5
BS,2004,0.0,8988.0,260,False,False,share_air_time_valid < 0.5
BS,2005,0.0,9004.0,245,False,False,share_air_time_valid < 0.5
BS,2006,0.0,8375.0,204,False,False,share_air_time_valid < 0.5
BS,2007,0.0,7656.0,193,False,False,share_air_time_valid < 0.5
BS,2008,0.0,7904.0,189,False,False,share_air_time_valid < 0.5
BS,2009,0.0,7425.0,196,False,False,share_air_time_valid < 0.5
BS,2010,0.0,7760.0,210,False,False,share_air_time_valid < 0.5
BS,2011,0.0,7075.0,197,False,False,share_air_time_valid < 0.5
BS,2012,0.0,7792.0,235,False,False,share_air_time_valid < 0.5
BS,2013,0.0,7660.0,196,False,False,share_air_time_valid < 0.5
BS,2014,0.0,8215.0,296,False,False,share_air_time_valid < 0.5
BS,2015,0.0,7023.0,210,False,False,share_air_time_valid < 0.5
BS,2016,0.0,7036.0,308,False,False,share_air_time_valid < 0.5
BS,2017,0.0,7468.0,308,False,False,share_air_time_valid < 0.5
BS,2018,0.0,8406.0,421,False,False,share_air_time_valid < 0.5
BS,2019,0.0,6480.0,355,False,False,share_air_time_valid < 0.5
BS,2020,0.0,955.0,68,True,False,share_air_time_valid < 0.5
CA,1990,0.0,30752.0,764,False,False,share_air_time_valid < 0.5
CA,1991,0.0,29545.0,829,False,False,share_air_time_valid < 0.5
CA,1992,0.0,30659.0,997,False,False,share_air_time_valid < 0.5
CA,1993,0.0,35260.0,845,False,False,share_air_time_valid < 0.5
CA,1994,0.0,41527.0,898,False,False,share_air_time_valid < 0.5
CA,1995,0.0,59425.0,1336,False,False,share_air_time_valid < 0.5
CA,1996,0.0,52567.0,1365,False,False,share_air_time_valid < 0.5
CA,1997,0.0,58704.0,1710,False,False,share_air_time_valid < 0.5
CA,1998,0.0,63424.0,2351,False,False,share_air_time_valid < 0.5
CA,1999,0.0,60277.0,1914,False,False,share_air_time_valid < 0.5
CA,2000,0.0,68671.0,2380,False,False,share_air_time_valid < 0.5
CA,2001,0.0,105073.0,3152,False,False,share_air_time_valid < 0.5
CA,2002,0.0,122234.0,3542,False,False,share_air_time_valid < 0.5
CA,2003,0.0,135125.0,3763,False,False,share_air_time_valid < 0.5
CA,2004,0.0,151586.0,5009,False,False,share_air_time_valid < 0.5
CA,2005,0.0,143743.0,5106,False,False,share_air_time_valid < 0.5
CA,2006,0.0,151685.0,6106,False,False,share_air_time_valid < 0.5
CA,2007,0.0,158121.0,5912,False,False,share_air_time_valid < 0.5
CA,2008,0.0,164971.0,5797,False,False,share_air_time_valid < 0.5
CA,2009,0.0,159913.0,5661,False,False,share_air_time_valid < 0.5
CA,2010,0.0,175034.0,6193,False,False,share_air_time_valid < 0.5
CA,2011,0.0,179365.0,6442,False,False,share_air_time_valid < 0.5
CA,2012,0.0,190383.0,6400,False,False,share_air_time_valid < 0.5
CA,2013,0.0,177100.0,5767,False,False,share_air_time_valid < 0.5
CA,2014,0.0,153183.0,4937,False,False,share_air_time_valid < 0.5
CA,2015,0.0,157196.0,5223,False,False,share_air_time_valid < 0.5
CA,2016,0.0,166766.0,5573,False,False,share_air_time_valid < 0.5
CA,2017,0.0,176210.0,5747,False,False,share_air_time_valid < 0.5
CA,2018,0.0,177622.0,6058,False,False,share_air_time_valid < 0.5
CA,2019,0.0,163035.0,6077,False,False,share_air_time_valid < 0.5
CA,2020,0.0,36472.0,2353,True,False,share_air_time_valid < 0.5
CA,2021,0.0,44498.0,2534,True,False,share_air_time_valid < 0.5
CA,2022,0.0,138824.0,6325,False,False,share_air_time_valid < 0.5
CA,2023,0.0,168265.0,7568,False,False,share_air_time_valid < 0.5
CA,2024,0.0,164029.0,8291,False,False,share_air_time_valid < 0.5
CA,2025,0.0,145921.0,8308,False,False,share_air_time_valid < 0.5
CH,1990,0.0,4603.0,371,False,False,share_air_time_valid < 0.5
CH,1991,0.0,4184.0,385,False,False,share_air_time_valid < 0.5
CH,1992,0.0,4153.0,369,False,False,share_air_time_valid < 0.5
CH,1993,0.0,4238.0,349,False,False,share_air_time_valid < 0.5
CH,1994,0.0,4234.0,335,False,False,share_air_time_valid < 0.5
CH,1995,0.0,4155.0,318,False,False,share_air_time_valid < 0.5
CH,1996,0.0,4677.0,330,False,False,share_air_time_valid < 0.5
CH,1997,0.0,4781.0,326,False,False,share_air_time_valid < 0.5
CH,1998,0.0,5675.0,369,False,False,share_air_time_valid < 0.5
CH,1999,0.0,6994.0,379,False,False,share_air_time_valid < 0.5
CH,2000,0.0,8676.0,342,False,False,share_air_time_valid < 0.5
CH,2001,0.0,8186.0,287,False,False,share_air_time_valid < 0.5
CH,2002,0.0,5801.0,234,False,False,share_air_time_valid < 0.5
CH,2003,0.0,6887.0,296,False,False,share_air_time_valid < 0.5
CH,2004,0.0,6231.0,325,False,False,share_air_time_valid < 0.5
CH,2005,0.0,6367.0,311,False,False,share_air_time_valid < 0.5
CH,2006,0.0,7272.0,329,False,False,share_air_time_valid < 0.5
CH,2007,0.0,7919.0,302,False,False,share_air_time_valid < 0.5
CH,2008,0.0,7211.0,313,False,False,share_air_time_valid < 0.5
CH,2009,0.0,6240.0,299,False,False,share_air_time_valid < 0.5
CH,2010,0.0,6490.0,307,False,False,share_air_time_valid < 0.5
CH,2011,0.0,6839.0,295,False,False,share_air_time_valid < 0.5
CH,2012,0.0,6529.0,252,False,False,share_air_time_valid < 0.5
CH,2013,0.0,6393.0,238,False,False,share_air_time_valid < 0.5
CH,2014,0.0,6174.0,241,False,False,share_air_time_valid < 0.5
CH,2015,0.0,7308.0,266,False,False,share_air_time_valid < 0.5
CH,2016,0.0,8145.0,280,False,False,share_air_time_valid < 0.5
CH,2017,0.0,7729.0,294,False,False,share_air_time_valid < 0.5
CH,2018,0.0,7301.0,282,False,False,share_air_time_valid < 0.5
CH,2019,0.0,7280.0,274,False,False,share_air_time_valid < 0.5
CH,2020,0.0,2418.0,159,True,False,share_air_time_valid < 0.5
CH,2021,0.0,3150.0,204,True,False,share_air_time_valid < 0.5
CH,2022,0.0,5747.0,267,False,False,share_air_time_valid < 0.5
CH,2023,0.0,7751.0,243,False,False,share_air_time_valid < 0.5
CH,2024,0.0,7779.0,277,False,False,share_air_time_valid < 0.5
CH,2025,0.0,8007.0,272,False,False,share_air_time_valid < 0.5
CI,1990,0.0,210.0,24,False,False,share_air_time_valid < 0.5
CI,1991,0.0,208.0,24,False,False,share_air_time_valid < 0.5
CI,1992,0.0,220.0,24,False,False,share_air_time_valid < 0.5
CI,1993,0.0,261.0,24,False,False,share_air_time_valid < 0.5
CI,1994,0.0,294.0,24,False,False,share_air_time_valid < 0.5
CI,1995,0.0,332.0,24,False,False,share_air_time_valid < 0.5
CI,1996,0.0,366.0,24,False,False,share_air_time_valid < 0.5
CI,1997,0.0,409.0,24,False,False,share_air_time_valid < 0.5
CI,1998,0.0,399.0,30,False,False,share_air_time_valid < 0.5
CI,1999,0.0,406.0,40,False,False,share_air_time_valid < 0.5
CI,2000,0.0,373.0,40,False,False,share_air_time_valid < 0.5
CI,2001,0.0,214.0,22,False,False,share_air_time_valid < 0.5
CL,1990,0.0,1328.0,74,False,False,share_air_time_valid < 0.5
CL,1991,0.0,936.0,48,False,False,share_air_time_valid < 0.5
CL,1992,0.0,1042.0,52,False,False,share_air_time_valid < 0.5
CL,1993,0.0,1146.0,96,False,False,share_air_time_valid < 0.5
CL,1994,0.0,1089.0,84,False,False,share_air_time_valid < 0.5
CL,1995,0.0,1430.0,103,False,False,share_air_time_valid < 0.5
CL,1996,0.0,2559.0,162,False,False,share_air_time_valid < 0.5
CL,1997,0.0,4312.0,301,False,False,share_air_time_valid < 0.5
CL,1998,0.0,5226.0,339,False,False,share_air_time_valid < 0.5
CL,1999,0.0,4580.0,266,False,False,share_air_time_valid < 0.5
CL,2000,0.0,3826.0,248,False,False,share_air_time_valid < 0.5
CL,2001,0.0,4407.0,241,False,False,share_air_time_valid < 0.5
CL,2002,0.0,4152.0,249,False,False,share_air_time_valid < 0.5
CL,2003,0.0,3619.0,215,False,False,share_air_time_valid < 0.5
CL,2004,0.0,3368.0,201,False,False,share_air_time_valid < 0.5
CL,2005,0.0,3381.0,200,False,False,share_air_time_valid < 0.5
CL,2006,0.0,3094.0,176,False,False,share_air_time_valid < 0.5
CL,2007,0.0,3203.0,190,False,False,share_air_time_valid < 0.5
CL,2008,0.0,3613.0,245,False,False,share_air_time_valid < 0.5
CL,2009,0.0,3977.0,216,False,False,share_air_time_valid < 0.5
CL,2010,0.0,4148.0,217,False,False,share_air_time_valid < 0.5
CL,2011,0.0,4129.0,217,False,False,share_air_time_valid < 0.5
CL,2012,0.0,4233.0,216,False,False,share_air_time_valid < 0.5
CL,2013,0.0,3714.0,180,False,False,share_air_time_valid < 0.5
CL,2014,0.0,3582.0,215,False,False,share_air_time_valid < 0.5
CL,2015,0.0,3598.0,242,False,False,share_air_time_valid < 0.5
CL,2016,0.0,3983.0,255,False,False,share_air_time_valid < 0.5
CL,2017,0.0,4345.0,302,False,False,share_air_time_valid < 0.5
CL,2018,0.0,3912.0,291,False,False,share_air_time_valid < 0.5
CL,2019,0.0,3939.0,264,False,False,share_air_time_valid < 0.5
CL,2020,0.0,1374.0,138,True,False,share_air_time_valid < 0.5
CL,2021,0.0,1639.0,152,True,False,share_air_time_valid < 0.5
CL,2022,0.0,2599.0,277,False,False,share_air_time_valid < 0.5
CL,2023,0.0,3281.0,305,False,False,share_air_time_valid < 0.5
CL,2024,0.0,3395.0,295,False,False,share_air_time_valid < 0.5
CL,2025,0.0,3284.0,299,False,False,share_air_time_valid < 0.5
CN,1990,0.0,493.0,98,False,False,share_air_time_valid < 0.5
CN,1991,0.0,468.0,86,False,False,share_air_time_valid < 0.5
CN,1992,0.0,492.0,80,False,False,share_air_time_valid < 0.5
CN,1993,0.0,674.0,82,False,False,share_air_time_valid < 0.5
CN,1994,0.0,746.0,72,False,False,share_air_time_valid < 0.5
CN,1995,0.0,788.0,68,False,False,share_air_time_valid < 0.5
CN,1996,0.0,918.0,91,False,False,share_air_time_valid < 0.5
CN,1997,0.0,1369.0,97,False,False,share_air_time_valid < 0.5
CN,1998,0.0,1975.0,130,False,False,share_air_time_valid < 0.5
CN,1999,0.0,1970.0,126,False,False,share_air_time_valid < 0.5
CN,2000,0.0,1985.0,108,False,False,share_air_time_valid < 0.5
CN,2001,0.0,1979.0,147,False,False,share_air_time_valid < 0.5
CN,2002,0.0,2058.0,158,False,False,share_air_time_valid < 0.5
CN,2003,0.0,1884.0,157,False,False,share_air_time_valid < 0.5
CN,2004,0.0,2672.0,152,False,False,share_air_time_valid < 0.5
CN,2005,0.0,2845.0,160,False,False,share_air_time_valid < 0.5
CN,2006,0.0,3331.0,157,False,False,share_air_time_valid < 0.5
CN,2007,0.0,3658.0,172,False,False,share_air_time_valid < 0.5
CN,2008,0.0,3619.0,176,False,False,share_air_time_valid < 0.5
CN,2009,0.0,3665.0,178,False,False,share_air_time_valid < 0.5
CN,2010,0.0,4260.0,178,False,False,share_air_time_valid < 0.5
CN,2011,0.0,5274.0,229,False,False,share_air_time_valid < 0.5
CN,2012,0.0,6221.0,263,False,False,share_air_time_valid < 0.5
CN,2013,0.0,7601.0,303,False,False,share_air_time_valid < 0.5
CN,2014,0.0,10357.0,408,False,False,share_air_time_valid < 0.5
CN,2015,0.0,13110.0,545,False,False,share_air_time_valid < 0.5
CN,2016,0.0,17911.0,752,False,False,share_air_time_valid < 0.5
CN,2017,0.0,20339.0,1074,False,False,share_air_time_valid < 0.5
CN,2018,0.0,21685.0,1158,False,False,share_air_time_valid < 0.5
CN,2019,0.0,21674.0,1151,False,False,share_air_time_valid < 0.5
CN,2020,0.0,3686.0,321,True,False,share_air_time_valid < 0.5
CN,2021,0.0,1084.0,125,True,False,share_air_time_valid < 0.5
CN,2022,0.0,717.0,103,False,False,share_air_time_valid < 0.5
CN,2023,0.0,1511.0,197,False,False,share_air_time_valid < 0.5
CN,2024,0.0,4371.0,342,False,False,share_air_time_valid < 0.5
CN,2025,0.0,4627.0,362,False,False,share_air_time_valid < 0.5
CR,1990,0.0,6807.0,492,False,False,share_air_time_valid < 0.5
CR,1991,0.0,7072.0,525,False,False,share_air_time_valid < 0.5
CR,1992,0.0,7863.0,628,False,False,share_air_time_valid < 0.5
CR,1993,0.0,9213.0,688,False,False,share_air_time_valid < 0.5
CR,1994,0.0,10996.0,852,False,False,share_air_time_valid < 0.5
CR,1995,0.0,10593.0,876,False,False,share_air_time_valid < 0.5
CR,1996,0.0,10715.0,914,False,False,share_air_time_valid < 0.5
CR,1997,0.0,11205.0,993,False,False,share_air_time_valid < 0.5
CR,1998,0.0,13544.0,1117,False,False,share_air_time_valid < 0.5
CR,1999,0.0,13382.0,665,False,False,share_air_time_valid < 0.5
CR,2000,0.0,13840.0,679,False,False,share_air_time_valid < 0.5
CR,2001,0.0,13490.0,648,False,False,share_air_time_valid < 0.5
CR,2002,0.0,14168.0,695,False,False,share_air_time_valid < 0.5
CR,2003,0.0,14855.0,811,False,False,share_air_time_valid < 0.5
CR,2004,0.0,16532.0,921,False,False,share_air_time_valid < 0.5
CR,2005,0.0,15998.0,884,False,False,share_air_time_valid < 0.5
CR,2006,0.0,14307.0,932,False,False,share_air_time_valid < 0.5
CR,2007,0.0,15031.0,985,False,False,share_air_time_valid < 0.5
CR,2008,0.0,13578.0,925,False,False,share_air_time_valid < 0.5
CR,2009,0.0,12257.0,982,False,False,share_air_time_valid < 0.5
CR,2010,0.0,12894.0,1116,False,False,share_air_time_valid < 0.5
CR,2011,0.0,14429.0,1122,False,False,share_air_time_valid < 0.5
CR,2012,0.0,14842.0,1113,False,False,share_air_time_valid < 0.5
CR,2013,0.0,14472.0,982,False,False,share_air_time_valid < 0.5
CR,2014,0.0,14471.0,825,False,False,share_air_time_valid < 0.5
CR,2015,0.0,12608.0,850,False,False,share_air_time_valid < 0.5
CR,2016,0.0,12558.0,905,False,False,share_air_time_valid < 0.5
CR,2017,0.0,12433.0,929,False,False,share_air_time_valid < 0.5
CR,2018,0.0,13452.0,886,False,False,share_air_time_valid < 0.5
CR,2019,0.0,13303.0,723,False,False,share_air_time_valid < 0.5
CR,2020,0.0,4248.0,278,True,False,share_air_time_valid < 0.5
CR,2021,0.0,9553.0,494,True,False,share_air_time_valid < 0.5
CR,2022,0.0,12511.0,751,False,False,share_air_time_valid < 0.5
CR,2023,0.0,13449.0,463,False,False,share_air_time_valid < 0.5
CR,2024,0.0,15682.0,500,False,False,share_air_time_valid < 0.5
CR,2025,0.0,17854.0,591,False,False,share_air_time_valid < 0.5
CV,1992,0.0,34.0,2,False,False,share_air_time_valid < 0.5
CV,1993,0.0,4331.0,242,False,False,share_air_time_valid < 0.5
CV,1994,0.0,3328.0,230,False,False,share_air_time_valid < 0.5
CV,1995,0.0,3299.0,231,False,False,share_air_time_valid < 0.5
CV,1996,0.0,3353.0,231,False,False,share_air_time_valid < 0.5
CV,1997,0.0,3087.0,234,False,False,share_air_time_valid < 0.5
CV,1998,0.0,2906.0,227,False,False,share_air_time_valid < 0.5
CV,1999,0.0,2764.0,226,False,False,share_air_time_valid < 0.5
CV,2000,0.0,2761.0,213,False,False,share_air_time_valid < 0.5
CV,2001,0.0,2554.0,217,False,False,share_air_time_valid < 0.5
CV,2002,0.0,2503.0,231,False,False,share_air_time_valid < 0.5
CV,2003,0.0,2460.0,257,False,False,share_air_time_valid < 0.5
CV,2004,0.0,526.0,74,False,False,share_air_time_valid < 0.5
CZ,1990,0.0,230.0,28,False,False,share_air_time_valid < 0.5
CZ,1991,0.0,314.0,32,False,False,share_air_time_valid < 0.5
CZ,1992,0.0,312.0,24,False,False,share_air_time_valid < 0.5
CZ,1993,0.0,456.0,48,False,False,share_air_time_valid < 0.5
CZ,1994,0.0,422.0,48,False,False,share_air_time_valid < 0.5
CZ,1995,0.0,486.0,46,False,False,share_air_time_valid < 0.5
CZ,1996,0.0,482.0,26,False,False,share_air_time_valid < 0.5
CZ,1997,0.0,530.0,24,False,False,share_air_time_valid < 0.5
CZ,1998,0.0,548.0,24,False,False,share_air_time_valid < 0.5
CZ,1999,0.0,528.0,24,False,False,share_air_time_valid < 0.5
CZ,2000,0.0,544.0,24,False,False,share_air_time_valid < 0.5
CZ,2001,0.0,678.0,40,False,False,share_air_time_valid < 0.5
CZ,2002,0.0,588.0,24,False,False,share_air_time_valid < 0.5
CZ,2003,0.0,736.0,38,False,False,share_air_time_valid < 0.5
CZ,2004,0.0,875.0,47,False,False,share_air_time_valid < 0.5
CZ,2005,0.0,933.0,44,False,False,share_air_time_valid < 0.5
CZ,2006,0.0,840.0,36,False,False,share_air_time_valid < 0.5
CZ,2007,0.0,700.0,24,False,False,share_air_time_valid < 0.5
CZ,2008,0.0,659.0,24,False,False,share_air_time_valid < 0.5
CZ,2009,0.0,484.0,20,False,False,share_air_time_valid < 0.5
DE,1990,0.0,12206.0,617,False,False,share_air_time_valid < 0.5
DE,1991,0.0,10938.0,612,False,False,share_air_time_valid < 0.5
DE,1992,0.0,11632.0,716,False,False,share_air_time_valid < 0.5
DE,1993,0.0,9436.0,623,False,False,share_air_time_valid < 0.5
DE,1994,0.0,9355.0,552,False,False,share_air_time_valid < 0.5
DE,1995,0.0,9352.0,487,False,False,share_air_time_valid < 0.5
DE,1996,0.0,9984.0,585,False,False,share_air_time_valid < 0.5
DE,1997,0.0,12170.0,690,False,False,share_air_time_valid < 0.5
DE,1998,0.0,12920.0,780,False,False,share_air_time_valid < 0.5
DE,1999,0.0,14576.0,764,False,False,share_air_time_valid < 0.5
DE,2000,0.0,15822.0,730,False,False,share_air_time_valid < 0.5
DE,2001,0.0,15984.0,773,False,False,share_air_time_valid < 0.5
DE,2002,0.0,15873.0,651,False,False,share_air_time_valid < 0.5
DE,2003,0.0,16752.0,778,False,False,share_air_time_valid < 0.5
DE,2004,0.0,17848.0,815,False,False,share_air_time_valid < 0.5
DE,2005,0.0,18507.0,864,False,False,share_air_time_valid < 0.5
DE,2006,0.0,19205.0,911,False,False,share_air_time_valid < 0.5
DE,2007,0.0,20859.0,918,False,False,share_air_time_valid < 0.5
DE,2008,0.0,21934.0,1042,False,False,share_air_time_valid < 0.5
DE,2009,0.0,21327.0,1083,False,False,share_air_time_valid < 0.5
DE,2010,0.0,22245.0,1229,False,False,share_air_time_valid < 0.5
DE,2011,0.0,23863.0,1314,False,False,share_air_time_valid < 0.5
DE,2012,0.0,23807.0,1363,False,False,share_air_time_valid < 0.5
DE,2013,0.0,24414.0,1424,False,False,share_air_time_valid < 0.5
DE,2014,0.0,24398.0,1319,False,False,share_air_time_valid < 0.5
DE,2015,0.0,24274.0,1247,False,False,share_air_time_valid < 0.5
DE,2016,0.0,26409.0,1252,False,False,share_air_time_valid < 0.5
DE,2017,0.0,28022.0,1403,False,False,share_air_time_valid < 0.5
DE,2018,0.0,29292.0,1652,False,False,share_air_time_valid < 0.5
DE,2019,0.0,32110.0,1679,False,False,share_air_time_valid < 0.5
DE,2020,0.0,8604.0,538,True,False,share_air_time_valid < 0.5
DE,2021,0.0,10779.0,647,True,False,share_air_time_valid < 0.5
DE,2022,0.0,19657.0,1303,False,False,share_air_time_valid < 0.5
DE,2023,0.0,21231.0,1335,False,False,share_air_time_valid < 0.5
DE,2024,0.0,24203.0,1393,False,False,share_air_time_valid < 0.5
DE,2025,0.0,25158.0,1301,False,False,share_air_time_valid < 0.5
DJ,2017,0.0,2313.0,271,False,False,share_air_time_valid < 0.5
DJ,2018,0.0,4491.0,339,False,False,share_air_time_valid < 0.5
DJ,2019,0.0,1444.0,86,False,False,share_air_time_valid < 0.5
DK,2025,0.0,1729.0,88,False,False,share_air_time_valid < 0.5
DO,1990,0.0,2607.0,222,False,False,share_air_time_valid < 0.5
DO,1991,0.0,2219.0,198,False,False,share_air_time_valid < 0.5
DO,1992,0.0,3162.0,140,False,False,share_air_time_valid < 0.5
DO,1993,0.0,2516.0,143,False,False,share_air_time_valid < 0.5
DO,1994,0.0,2280.0,160,False,False,share_air_time_valid < 0.5
DO,2008,0.0,493.0,24,False,False,share_air_time_valid < 0.5
DO,2009,0.0,1582.0,94,False,False,share_air_time_valid < 0.5
DO,2010,0.0,442.0,30,False,False,share_air_time_valid < 0.5
EC,1990,0.0,1000.0,85,False,False,share_air_time_valid < 0.5
EC,1991,0.0,1382.0,154,False,False,share_air_time_valid < 0.5
EC,1992,0.0,1403.0,107,False,False,share_air_time_valid < 0.5
EC,1993,0.0,615.0,73,False,False,share_air_time_valid < 0.5
EC,1996,0.0,312.0,19,False,False,share_air_time_valid < 0.5
EC,1997,0.0,720.0,70,False,False,share_air_time_valid < 0.5
EC,1998,0.0,1005.0,95,False,False,share_air_time_valid < 0.5
EC,1999,0.0,592.0,40,False,False,share_air_time_valid < 0.5
EC,2000,0.0,309.0,27,False,False,share_air_time_valid < 0.5
EC,2003,0.0,983.0,42,False,False,share_air_time_valid < 0.5
EC,2004,0.0,1455.0,63,False,False,share_air_time_valid < 0.5
EC,2005,0.0,1470.0,62,False,False,share_air_time_valid < 0.5
EC,2006,0.0,1458.0,52,False,False,share_air_time_valid < 0.5
EC,2007,0.0,1452.0,57,False,False,share_air_time_valid < 0.5
EC,2008,0.0,1398.0,56,False,False,share_air_time_valid < 0.5
EC,2009,0.0,2187.0,108,False,False,share_air_time_valid < 0.5
EC,2010,0.0,2602.0,125,False,False,share_air_time_valid < 0.5
EC,2011,0.0,2635.0,132,False,False,share_air_time_valid < 0.5
EC,2012,0.0,1840.0,68,False,False,share_air_time_valid < 0.5
EC,2013,0.0,1755.0,56,False,False,share_air_time_valid < 0.5
EC,2014,0.0,2184.0,73,False,False,share_air_time_valid < 0.5
EC,2015,0.0,2204.0,82,False,False,share_air_time_valid < 0.5
EC,2016,0.0,2638.0,103,False,False,share_air_time_valid < 0.5
EC,2017,0.0,1962.0,80,False,False,share_air_time_valid < 0.5
EC,2018,0.0,1829.0,79,False,False,share_air_time_valid < 0.5
EC,2019,0.0,1212.0,51,False,False,share_air_time_valid < 0.5
EC,2020,0.0,155.0,8,True,False,share_air_time_valid < 0.5
EC,2021,0.0,53.0,4,True,False,share_air_time_valid < 0.5
EC,2022,0.0,126.0,8,False,False,share_air_time_valid < 0.5
EC,2023,0.0,975.0,57,False,False,share_air_time_valid < 0.5
EC,2024,0.0,2224.0,125,False,False,share_air_time_valid < 0.5
EC,2025,0.0,2511.0,101,False,False,share_air_time_valid < 0.5
EE,1991,0.0,117.0,5,False,False,share_air_time_valid < 0.5
EG,1990,0.0,384.0,61,False,False,share_air_time_valid < 0.5
EG,1991,0.0,340.0,60,False,False,share_air_time_valid < 0.5
EG,1992,0.0,411.0,59,False,False,share_air_time_valid < 0.5
EG,1993,0.0,422.0,44,False,False,share_air_time_valid < 0.5
EG,1994,0.0,409.0,45,False,False,share_air_time_valid < 0.5
EG,1995,0.0,482.0,55,False,False,share_air_time_valid < 0.5
EG,1996,0.0,486.0,54,False,False,share_air_time_valid < 0.5
EG,1997,0.0,624.0,70,False,False,share_air_time_valid < 0.5
EG,1998,0.0,542.0,57,False,False,share_air_time_valid < 0.5
EG,1999,0.0,560.0,56,False,False,share_air_time_valid < 0.5
EG,2000,0.0,524.0,30,False,False,share_air_time_valid < 0.5
EG,2001,0.0,672.0,60,False,False,share_air_time_valid < 0.5
EG,2002,0.0,596.0,52,False,False,share_air_time_valid < 0.5
EG,2003,0.0,476.0,42,False,False,share_air_time_valid < 0.5
EG,2004,0.0,496.0,34,False,False,share_air_time_valid < 0.5
EG,2005,0.0,476.0,24,False,False,share_air_time_valid < 0.5
EG,2006,0.0,662.0,24,False,False,share_air_time_valid < 0.5
EG,2007,0.0,730.0,24,False,False,share_air_time_valid < 0.5
EG,2008,0.0,670.0,22,False,False,share_air_time_valid < 0.5
EG,2009,0.0,730.0,24,False,False,share_air_time_valid < 0.5
EG,2010,0.0,730.0,24,False,False,share_air_time_valid < 0.5
EG,2011,0.0,650.0,24,False,False,share_air_time_valid < 0.5
EG,2012,0.0,658.0,24,False,False,share_air_time_valid < 0.5
EG,2013,0.0,678.0,24,False,False,share_air_time_valid < 0.5
EG,2014,0.0,582.0,22,False,False,share_air_time_valid < 0.5
EG,2015,0.0,596.0,24,False,False,share_air_time_valid < 0.5
EG,2016,0.0,610.0,24,False,False,share_air_time_valid < 0.5
EG,2017,0.0,662.0,24,False,False,share_air_time_valid < 0.5
EG,2018,0.0,716.0,24,False,False,share_air_time_valid < 0.5
EG,2019,0.0,894.0,40,False,False,share_air_time_valid < 0.5
EG,2020,0.0,601.0,42,True,False,share_air_time_valid < 0.5
EG,2021,0.0,904.0,48,True,False,share_air_time_valid < 0.5
EG,2022,0.0,1018.0,48,False,False,share_air_time_valid < 0.5
EG,2023,0.0,1248.0,62,False,False,share_air_time_valid < 0.5
EG,2024,0.0,1270.0,72,False,False,share_air_time_valid < 0.5
EG,2025,0.0,818.0,48,False,False,share_air_time_valid < 0.5
ES,1990,0.0,3019.0,304,False,False,share_air_time_valid < 0.5
ES,1991,0.0,2327.0,243,False,False,share_air_time_valid < 0.5
ES,1992,0.0,3292.0,258,False,False,share_air_time_valid < 0.5
ES,1993,0.0,4390.0,354,False,False,share_air_time_valid < 0.5
ES,1994,0.0,4326.0,294,False,False,share_air_time_valid < 0.5
ES,1995,0.0,4776.0,290,False,False,share_air_time_valid < 0.5
ES,1996,0.0,5610.0,366,False,False,share_air_time_valid < 0.5
ES,1997,0.0,6140.0,436,False,False,share_air_time_valid < 0.5
ES,1998,0.0,6431.0,441,False,False,share_air_time_valid < 0.5
ES,1999,0.0,8400.0,527,False,False,share_air_time_valid < 0.5
ES,2000,0.0,9809.0,507,False,False,share_air_time_valid < 0.5
ES,2001,0.0,9172.0,487,False,False,share_air_time_valid < 0.5
ES,2002,0.0,8006.0,425,False,False,share_air_time_valid < 0.5
ES,2003,0.0,8661.0,372,False,False,share_air_time_valid < 0.5
ES,2004,0.0,7480.0,352,False,False,share_air_time_valid < 0.5
ES,2005,0.0,3323.0,269,False,False,share_air_time_valid < 0.5
ES,2006,0.0,3385.0,233,False,False,share_air_time_valid < 0.5
ES,2007,0.0,3886.0,221,False,False,share_air_time_valid < 0.5
ES,2008,0.0,4080.0,239,False,False,share_air_time_valid < 0.5
ES,2009,0.0,4405.0,314,False,False,share_air_time_valid < 0.5
ES,2010,0.0,4607.0,366,False,False,share_air_time_valid < 0.5
ES,2011,0.0,4975.0,390,False,False,share_air_time_valid < 0.5
ES,2012,0.0,4587.0,315,False,False,share_air_time_valid < 0.5
ES,2013,0.0,4289.0,272,False,False,share_air_time_valid < 0.5
ES,2014,0.0,4679.0,299,False,False,share_air_time_valid < 0.5
ES,2015,0.0,5263.0,318,False,False,share_air_time_valid < 0.5
ES,2016,0.0,5652.0,401,False,False,share_air_time_valid < 0.5
ES,2017,0.0,6086.0,390,False,False,share_air_time_valid < 0.5
ES,2018,0.0,6555.0,433,False,False,share_air_time_valid < 0.5
ES,2019,0.0,6870.0,496,False,False,share_air_time_valid < 0.5
ES,2020,0.0,1761.0,192,True,False,share_air_time_valid < 0.5
ES,2021,0.0,2632.0,242,True,False,share_air_time_valid < 0.5
ES,2022,0.0,7273.0,485,False,False,share_air_time_valid < 0.5
ES,2023,0.0,8626.0,596,False,False,share_air_time_valid < 0.5
ES,2024,0.0,9999.0,696,False,False,share_air_time_valid < 0.5
ES,2025,0.0,10078.0,681,False,False,share_air_time_valid < 0.5
ET,1998,0.0,111.0,14,False,False,share_air_time_valid < 0.5
ET,1999,0.0,288.0,24,False,False,share_air_time_valid < 0.5
ET,2000,0.0,280.0,24,False,False,share_air_time_valid < 0.5
ET,2001,0.0,266.0,24,False,False,share_air_time_valid < 0.5
ET,2002,0.0,258.0,24,False,False,share_air_time_valid < 0.5
ET,2003,0.0,256.0,24,False,False,share_air_time_valid < 0.5
ET,2004,0.0,285.0,24,False,False,share_air_time_valid < 0.5
ET,2005,0.0,336.0,24,False,False,share_air_time_valid < 0.5
ET,2006,0.0,376.0,24,False,False,share_air_time_valid < 0.5
ET,2007,0.0,500.0,24,False,False,share_air_time_valid < 0.5
ET,2008,0.0,480.0,24,False,False,share_air_time_valid < 0.5
ET,2009,0.0,460.0,24,False,False,share_air_time_valid < 0.5
ET,2010,0.0,588.0,24,False,False,share_air_time_valid < 0.5
ET,2011,0.0,644.0,24,False,False,share_air_time_valid < 0.5
ET,2012,0.0,622.0,24,False,False,share_air_time_valid < 0.5
ET,2013,0.0,728.0,24,False,False,share_air_time_valid < 0.5
ET,2014,0.0,720.0,24,False,False,share_air_time_valid < 0.5
ET,2015,0.0,728.0,24,False,False,share_air_time_valid < 0.5
ET,2016,0.0,1031.0,48,False,False,share_air_time_valid < 0.5
ET,2017,0.0,1433.0,72,False,False,share_air_time_valid < 0.5
ET,2018,0.0,1842.0,86,False,False,share_air_time_valid < 0.5
ET,2019,0.0,1768.0,90,False,False,share_air_time_valid < 0.5
ET,2020,0.0,1515.0,88,True,False,share_air_time_valid < 0.5
ET,2021,0.0,1895.0,91,True,False,share_air_time_valid < 0.5
ET,2022,0.0,2138.0,96,False,False,share_air_time_valid < 0.5
ET,2023,0.0,2677.0,132,False,False,share_air_time_valid < 0.5
ET,2024,0.0,2838.0,144,False,False,share_air_time_valid < 0.5
ET,2025,0.0,3047.0,144,False,False,share_air_time_valid < 0.5
FI,1990,0.0,940.0,48,False,False,share_air_time_valid < 0.5
FI,1991,0.0,902.0,46,False,False,share_air_time_valid < 0.5
FI,1992,0.0,766.0,32,False,False,share_air_time_valid < 0.5
FI,1993,0.0,930.0,64,False,False,share_air_time_valid < 0.5
FI,1994,0.0,943.0,73,False,False,share_air_time_valid < 0.5
FI,1995,0.0,925.0,72,False,False,share_air_time_valid < 0.5
FI,1996,0.0,902.0,51,False,False,share_air_time_valid < 0.5
FI,1997,0.0,874.0,46,False,False,share_air_time_valid < 0.5
FI,1998,0.0,911.0,44,False,False,share_air_time_valid < 0.5
FI,1999,0.0,864.0,44,False,False,share_air_time_valid < 0.5
FI,2000,0.0,722.0,30,False,False,share_air_time_valid < 0.5
FI,2001,0.0,652.0,24,False,False,share_air_time_valid < 0.5
FI,2002,0.0,640.0,25,False,False,share_air_time_valid < 0.5
FI,2003,0.0,676.0,30,False,False,share_air_time_valid < 0.5
FI,2004,0.0,660.0,32,False,False,share_air_time_valid < 0.5
FI,2005,0.0,669.0,32,False,False,share_air_time_valid < 0.5
FI,2006,0.0,635.0,32,False,False,share_air_time_valid < 0.5
FI,2007,0.0,595.0,24,False,False,share_air_time_valid < 0.5
FI,2008,0.0,654.0,26,False,False,share_air_time_valid < 0.5
FI,2009,0.0,800.0,38,False,False,share_air_time_valid < 0.5
FI,2010,0.0,678.0,31,False,False,share_air_time_valid < 0.5
FI,2011,0.0,712.0,24,False,False,share_air_time_valid < 0.5
FI,2012,0.0,692.0,24,False,False,share_air_time_valid < 0.5
FI,2013,0.0,714.0,24,False,False,share_air_time_valid < 0.5
FI,2014,0.0,727.0,27,False,False,share_air_time_valid < 0.5
FI,2015,0.0,962.0,48,False,False,share_air_time_valid < 0.5
FI,2016,0.0,1255.0,65,False,False,share_air_time_valid < 0.5
FI,2017,0.0,1278.0,60,False,False,share_air_time_valid < 0.5
FI,2018,0.0,1402.0,73,False,False,share_air_time_valid < 0.5
FI,2019,0.0,1773.0,97,False,False,share_air_time_valid < 0.5
FI,2020,0.0,290.0,19,True,False,share_air_time_valid < 0.5
FI,2021,0.0,1095.0,66,True,False,share_air_time_valid < 0.5
FI,2022,0.0,3014.0,156,False,False,share_air_time_valid < 0.5
FI,2023,0.0,1916.0,110,False,False,share_air_time_valid < 0.5
FI,2024,0.0,1815.0,106,False,False,share_air_time_valid < 0.5
FI,2025,0.0,2235.0,100,False,False,share_air_time_valid < 0.5
FJ,1994,0.0,54.0,12,False,False,share_air_time_valid < 0.5
FJ,1995,0.0,104.0,24,False,False,share_air_time_valid < 0.5
FJ,1996,0.0,208.0,24,False,False,share_air_time_valid < 0.5
FJ,1997,0.0,324.0,30,False,False,share_air_time_valid < 0.5
FJ,1998,0.0,462.0,51,False,False,share_air_time_valid < 0.5
FJ,1999,0.0,843.0,70,False,False,share_air_time_valid < 0.5
FJ,2000,0.0,795.0,62,False,False,share_air_time_valid < 0.5
FJ,2001,0.0,774.0,78,False,False,share_air_time_valid < 0.5
FJ,2002,0.0,750.0,72,False,False,share_air_time_valid < 0.5
FJ,2003,0.0,814.0,74,False,False,share_air_time_valid < 0.5
FJ,2004,0.0,832.0,72,False,False,share_air_time_valid < 0.5
FJ,2005,0.0,884.0,72,False,False,share_air_time_valid < 0.5
FJ,2006,0.0,926.0,86,False,False,share_air_time_valid < 0.5
FJ,2007,0.0,959.0,95,False,False,share_air_time_valid < 0.5
FJ,2008,0.0,1014.0,90,False,False,share_air_time_valid < 0.5
FJ,2009,0.0,708.0,54,False,False,share_air_time_valid < 0.5
FJ,2010,0.0,618.0,64,False,False,share_air_time_valid < 0.5
FJ,2011,0.0,740.0,104,False,False,share_air_time_valid < 0.5
FJ,2012,0.0,697.0,98,False,False,share_air_time_valid < 0.5
FJ,2013,0.0,816.0,120,False,False,share_air_time_valid < 0.5
FJ,2014,0.0,1044.0,102,False,False,share_air_time_valid < 0.5
FJ,2015,0.0,1036.0,102,False,False,share_air_time_valid < 0.5
FJ,2016,0.0,1080.0,145,False,False,share_air_time_valid < 0.5
FJ,2017,0.0,1176.0,160,False,False,share_air_time_valid < 0.5
FJ,2018,0.0,1234.0,158,False,False,share_air_time_valid < 0.5
FJ,2019,0.0,1312.0,170,False,False,share_air_time_valid < 0.5
FJ,2020,0.0,292.0,47,True,False,share_air_time_valid < 0.5
FJ,2021,0.0,180.0,36,True,False,share_air_time_valid < 0.5
FJ,2022,0.0,1185.0,108,False,False,share_air_time_valid < 0.5
FJ,2023,0.0,1415.0,131,False,False,share_air_time_valid < 0.5
FJ,2024,0.0,1420.0,148,False,False,share_air_time_valid < 0.5
FJ,2025,0.0,1843.0,178,False,False,share_air_time_valid < 0.5
FR,1990,0.0,7416.0,693,False,False,share_air_time_valid < 0.5
FR,1991,0.0,7293.0,722,False,False,share_air_time_valid < 0.5
FR,1992,0.0,6999.0,612,False,False,share_air_time_valid < 0.5
FR,1993,0.0,7074.0,598,False,False,share_air_time_valid < 0.5
FR,1994,0.0,7235.0,458,False,False,share_air_time_valid < 0.5
FR,1995,0.0,7292.0,455,False,False,share_air_time_valid < 0.5
FR,1996,0.0,8192.0,481,False,False,share_air_time_valid < 0.5
FR,1997,0.0,8084.0,424,False,False,share_air_time_valid < 0.5
FR,1998,0.0,9179.0,439,False,False,share_air_time_valid < 0.5
FR,1999,0.0,11528.0,494,False,False,share_air_time_valid < 0.5
FR,2000,0.0,13826.0,540,False,False,share_air_time_valid < 0.5
FR,2001,0.0,13631.0,550,False,False,share_air_time_valid < 0.5
FR,2002,0.0,14554.0,565,False,False,share_air_time_valid < 0.5
FR,2003,0.0,15313.0,584,False,False,share_air_time_valid < 0.5
FR,2004,0.0,15292.0,528,False,False,share_air_time_valid < 0.5
FR,2005,0.0,16532.0,537,False,False,share_air_time_valid < 0.5
FR,2006,0.0,17017.0,599,False,False,share_air_time_valid < 0.5
FR,2007,0.0,17244.0,619,False,False,share_air_time_valid < 0.5
FR,2008,0.0,17759.0,649,False,False,share_air_time_valid < 0.5
FR,2009,0.0,16178.0,653,False,False,share_air_time_valid < 0.5
FR,2010,0.0,15937.0,715,False,False,share_air_time_valid < 0.5
FR,2011,0.0,16327.0,786,False,False,share_air_time_valid < 0.5
FR,2012,0.0,14712.0,736,False,False,share_air_time_valid < 0.5
FR,2013,0.0,14826.0,721,False,False,share_air_time_valid < 0.5
FR,2014,0.0,14073.0,719,False,False,share_air_time_valid < 0.5
FR,2015,0.0,14696.0,710,False,False,share_air_time_valid < 0.5
FR,2016,0.0,15030.0,746,False,False,share_air_time_valid < 0.5
FR,2017,0.0,15218.0,748,False,False,share_air_time_valid < 0.5
FR,2018,0.0,15245.0,754,False,False,share_air_time_valid < 0.5
FR,2019,0.0,16014.0,799,False,False,share_air_time_valid < 0.5
FR,2020,0.0,5451.0,331,True,False,share_air_time_valid < 0.5
FR,2021,0.0,9127.0,420,True,False,share_air_time_valid < 0.5
FR,2022,0.0,18643.0,932,False,False,share_air_time_valid < 0.5
FR,2023,0.0,20181.0,1053,False,False,share_air_time_valid < 0.5
FR,2024,0.0,21735.0,1141,False,False,share_air_time_valid < 0.5
FR,2025,0.0,22720.0,1102,False,False,share_air_time_valid < 0.5
GB,1990,0.0,21966.0,1546,False,False,share_air_time_valid < 0.5
GB,1991,0.0,19565.0,1342,False,False,share_air_time_valid < 0.5
GB,1992,0.0,21684.0,1197,False,False,share_air_time_valid < 0.5
GB,1993,0.0,23644.0,1151,False,False,share_air_time_valid < 0.5
GB,1994,0.0,26550.0,1233,False,False,share_air_time_valid < 0.5
GB,1995,0.0,27968.0,1449,False,False,share_air_time_valid < 0.5
GB,1996,0.0,30111.0,1756,False,False,share_air_time_valid < 0.5
GB,1997,0.0,33065.0,1777,False,False,share_air_time_valid < 0.5
GB,1998,0.0,36029.0,1547,False,False,share_air_time_valid < 0.5
GB,1999,0.0,36706.0,1396,False,False,share_air_time_valid < 0.5
GB,2000,0.0,38270.0,1362,False,False,share_air_time_valid < 0.5
GB,2001,0.0,36364.0,1282,False,False,share_air_time_valid < 0.5
GB,2002,0.0,36459.0,1120,False,False,share_air_time_valid < 0.5
GB,2003,0.0,37817.0,1178,False,False,share_air_time_valid < 0.5
GB,2004,0.0,38939.0,1157,False,False,share_air_time_valid < 0.5
GB,2005,0.0,39320.0,1108,False,False,share_air_time_valid < 0.5
GB,2006,0.0,40034.0,1123,False,False,share_air_time_valid < 0.5
GB,2007,0.0,41960.0,1167,False,False,share_air_time_valid < 0.5
GB,2008,0.0,41665.0,1204,False,False,share_air_time_valid < 0.5
GB,2009,0.0,38220.0,1159,False,False,share_air_time_valid < 0.5
GB,2010,0.0,36849.0,1208,False,False,share_air_time_valid < 0.5
GB,2011,0.0,40061.0,1461,False,False,share_air_time_valid < 0.5
GB,2012,0.0,40881.0,1656,False,False,share_air_time_valid < 0.5
GB,2013,0.0,41578.0,1662,False,False,share_air_time_valid < 0.5
GB,2014,0.0,42803.0,1769,False,False,share_air_time_valid < 0.5
GB,2015,0.0,45104.0,1767,False,False,share_air_time_valid < 0.5
GB,2016,0.0,47700.0,1748,False,False,share_air_time_valid < 0.5
GB,2017,0.0,49103.0,1896,False,False,share_air_time_valid < 0.5
GB,2018,0.0,54241.0,2140,False,False,share_air_time_valid < 0.5
GB,2019,0.0,49305.0,1930,False,False,share_air_time_valid < 0.5
GB,2020,0.0,16021.0,874,True,False,share_air_time_valid < 0.5
GB,2021,0.0,13979.0,763,True,False,share_air_time_valid < 0.5
GB,2022,0.0,39252.0,1754,False,False,share_air_time_valid < 0.5
GB,2023,0.0,46005.0,2133,False,False,share_air_time_valid < 0.5
GB,2024,0.0,47569.0,2104,False,False,share_air_time_valid < 0.5
GB,2025,0.0,47897.0,2304,False,False,share_air_time_valid < 0.5
GR,1990,0.0,586.0,24,False,False,share_air_time_valid < 0.5
GR,1991,0.0,516.0,24,False,False,share_air_time_valid < 0.5
GR,1992,0.0,714.0,34,False,False,share_air_time_valid < 0.5
GR,1993,0.0,788.0,39,False,False,share_air_time_valid < 0.5
GR,1994,0.0,664.0,43,False,False,share_air_time_valid < 0.5
GR,1995,0.0,661.0,48,False,False,share_air_time_valid < 0.5
GR,1996,0.0,674.0,48,False,False,share_air_time_valid < 0.5
GR,1997,0.0,722.0,48,False,False,share_air_time_valid < 0.5
GR,1998,0.0,708.0,49,False,False,share_air_time_valid < 0.5
GR,1999,0.0,749.0,52,False,False,share_air_time_valid < 0.5
GR,2000,0.0,987.0,55,False,False,share_air_time_valid < 0.5
GR,2001,0.0,807.0,44,False,False,share_air_time_valid < 0.5
GR,2002,0.0,536.0,28,False,False,share_air_time_valid < 0.5
GR,2003,0.0,579.0,25,False,False,share_air_time_valid < 0.5
GR,2004,0.0,617.0,25,False,False,share_air_time_valid < 0.5
GR,2005,0.0,658.0,24,False,False,share_air_time_valid < 0.5
GR,2006,0.0,658.0,25,False,False,share_air_time_valid < 0.5
GR,2007,0.0,702.0,24,False,False,share_air_time_valid < 0.5
GR,2008,0.0,706.0,24,False,False,share_air_time_valid < 0.5
GR,2009,0.0,510.0,18,False,False,share_air_time_valid < 0.5
HK,1990,0.0,572.0,24,False,False,share_air_time_valid < 0.5
HK,1991,0.0,628.0,24,False,False,share_air_time_valid < 0.5
HK,1992,0.0,732.0,24,False,False,share_air_time_valid < 0.5
HK,1993,0.0,741.0,26,False,False,share_air_time_valid < 0.5
HK,1994,0.0,738.0,24,False,False,share_air_time_valid < 0.5
HK,1995,0.0,730.0,24,False,False,share_air_time_valid < 0.5
HK,1996,0.0,1072.0,36,False,False,share_air_time_valid < 0.5
HK,1997,0.0,1460.0,48,False,False,share_air_time_valid < 0.5
HK,1998,0.0,3373.0,98,False,False,share_air_time_valid < 0.5
HK,1999,0.0,3724.0,116,False,False,share_air_time_valid < 0.5
HK,2000,0.0,3488.0,104,False,False,share_air_time_valid < 0.5
HK,2001,0.0,3483.0,121,False,False,share_air_time_valid < 0.5
HK,2002,0.0,3597.0,126,False,False,share_air_time_valid < 0.5
HK,2003,0.0,2841.0,105,False,False,share_air_time_valid < 0.5
HK,2004,0.0,3413.0,114,False,False,share_air_time_valid < 0.5
HK,2005,0.0,5431.0,184,False,False,share_air_time_valid < 0.5
HK,2006,0.0,5824.0,180,False,False,share_air_time_valid < 0.5
HK,2007,0.0,5975.0,169,False,False,share_air_time_valid < 0.5
HK,2008,0.0,6143.0,179,False,False,share_air_time_valid < 0.5
HK,2009,0.0,4950.0,125,False,False,share_air_time_valid < 0.5
HK,2010,0.0,5318.0,111,False,False,share_air_time_valid < 0.5
HK,2011,0.0,6083.0,124,False,False,share_air_time_valid < 0.5
HK,2012,0.0,6977.0,134,False,False,share_air_time_valid < 0.5
HK,2013,0.0,6939.0,138,False,False,share_air_time_valid < 0.5
HK,2014,0.0,8277.0,164,False,False,share_air_time_valid < 0.5
HK,2015,0.0,8679.0,163,False,False,share_air_time_valid < 0.5
HK,2016,0.0,9261.0,206,False,False,share_air_time_valid < 0.5
HK,2017,0.0,9788.0,233,False,False,share_air_time_valid < 0.5
HK,2018,0.0,11826.0,275,False,False,share_air_time_valid < 0.5
HK,2019,0.0,11327.0,299,False,False,share_air_time_valid < 0.5
HK,2020,0.0,2517.0,109,True,False,share_air_time_valid < 0.5
HK,2021,0.0,1596.0,76,True,False,share_air_time_valid < 0.5
HK,2022,0.0,1225.0,83,False,False,share_air_time_valid < 0.5
HK,2023,0.0,3944.0,126,False,False,share_air_time_valid < 0.5
HK,2024,0.0,5833.0,205,False,False,share_air_time_valid < 0.5
HK,2025,0.0,7793.0,254,False,False,share_air_time_valid < 0.5
HU,1993,0.0,356.0,16,False,False,share_air_time_valid < 0.5
HU,1994,0.0,614.0,24,False,False,share_air_time_valid < 0.5
HU,1995,0.0,634.0,24,False,False,share_air_time_valid < 0.5
HU,1996,0.0,572.0,22,False,False,share_air_time_valid < 0.5
HU,1997,0.0,640.0,24,False,False,share_air_time_valid < 0.5
HU,1998,0.0,668.0,24,False,False,share_air_time_valid < 0.5
HU,1999,0.0,625.0,24,False,False,share_air_time_valid < 0.5
HU,2000,0.0,650.0,24,False,False,share_air_time_valid < 0.5
HU,2001,0.0,544.0,24,False,False,share_air_time_valid < 0.5
HU,2002,0.0,540.0,24,False,False,share_air_time_valid < 0.5
HU,2003,0.0,512.0,24,False,False,share_air_time_valid < 0.5
HU,2004,0.0,572.0,24,False,False,share_air_time_valid < 0.5
HU,2005,0.0,534.0,24,False,False,share_air_time_valid < 0.5
HU,2006,0.0,524.0,24,False,False,share_air_time_valid < 0.5
HU,2007,0.0,480.0,31,False,False,share_air_time_valid < 0.5
HU,2008,0.0,46.0,2,False,False,share_air_time_valid < 0.5
ID,1990,0.0,396.0,24,False,False,share_air_time_valid < 0.5
ID,1991,0.0,382.0,24,False,False,share_air_time_valid < 0.5
ID,1992,0.0,417.0,28,False,False,share_air_time_valid < 0.5
ID,1993,0.0,407.0,40,False,False,share_air_time_valid < 0.5
ID,1994,0.0,812.0,67,False,False,share_air_time_valid < 0.5
ID,1995,0.0,2305.0,99,False,False,share_air_time_valid < 0.5
ID,1996,0.0,1207.0,68,False,False,share_air_time_valid < 0.5
ID,1997,0.0,557.0,27,False,False,share_air_time_valid < 0.5
ID,1998,0.0,337.0,22,False,False,share_air_time_valid < 0.5
ID,1999,0.0,11.0,2,False,False,share_air_time_valid < 0.5
IE,1990,0.0,1475.0,78,False,False,share_air_time_valid < 0.5
IE,1991,0.0,1173.0,59,False,False,share_air_time_valid < 0.5
IE,1992,0.0,1306.0,52,False,False,share_air_time_valid < 0.5
IE,1993,0.0,1283.0,62,False,False,share_air_time_valid < 0.5
IE,1994,0.0,1801.0,109,False,False,share_air_time_valid < 0.5
IE,1995,0.0,2214.0,104,False,False,share_air_time_valid < 0.5
IE,1996,0.0,2746.0,142,False,False,share_air_time_valid < 0.5
IE,1997,0.0,2961.0,148,False,False,share_air_time_valid < 0.5
IE,1998,0.0,3376.0,164,False,False,share_air_time_valid < 0.5
IE,1999,0.0,3875.0,175,False,False,share_air_time_valid < 0.5
IE,2000,0.0,4501.0,239,False,False,share_air_time_valid < 0.5
IE,2001,0.0,4856.0,232,False,False,share_air_time_valid < 0.5
IE,2002,0.0,3643.0,131,False,False,share_air_time_valid < 0.5
IE,2003,0.0,4238.0,158,False,False,share_air_time_valid < 0.5
IE,2004,0.0,4531.0,180,False,False,share_air_time_valid < 0.5
IE,2005,0.0,4450.0,154,False,False,share_air_time_valid < 0.5
IE,2006,0.0,4332.0,124,False,False,share_air_time_valid < 0.5
IE,2007,0.0,5002.0,172,False,False,share_air_time_valid < 0.5
IE,2008,0.0,5857.0,213,False,False,share_air_time_valid < 0.5
IE,2009,0.0,4883.0,196,False,False,share_air_time_valid < 0.5
IE,2010,0.0,4221.0,160,False,False,share_air_time_valid < 0.5
IE,2011,0.0,4428.0,164,False,False,share_air_time_valid < 0.5
IE,2012,0.0,4392.0,162,False,False,share_air_time_valid < 0.5
IE,2013,0.0,4413.0,140,False,False,share_air_time_valid < 0.5
IE,2014,0.0,5471.0,160,False,False,share_air_time_valid < 0.5
IE,2015,0.0,6258.0,182,False,False,share_air_time_valid < 0.5
IE,2016,0.0,7286.0,218,False,False,share_air_time_valid < 0.5
IE,2017,0.0,9571.0,270,False,False,share_air_time_valid < 0.5
IE,2018,0.0,9936.0,322,False,False,share_air_time_valid < 0.5
IE,2019,0.0,10588.0,344,False,False,share_air_time_valid < 0.5
IE,2020,0.0,3614.0,144,True,False,share_air_time_valid < 0.5
IE,2021,0.0,2703.0,96,True,False,share_air_time_valid < 0.5
IE,2022,0.0,10314.0,308,False,False,share_air_time_valid < 0.5
IE,2023,0.0,12415.0,379,False,False,share_air_time_valid < 0.5
IE,2024,0.0,12889.0,424,False,False,share_air_time_valid < 0.5
IE,2025,0.0,14369.0,472,False,False,share_air_time_valid < 0.5
IL,1990,0.0,1338.0,1338,False,False,share_air_time_valid < 0.5
IL,1991,0.0,1409.0,1409,False,False,share_air_time_valid < 0.5
IL,1992,0.0,1399.0,1398,False,False,share_air_time_valid < 0.5
IL,1993,0.0,1280.0,243,False,False,share_air_time_valid < 0.5
IL,1994,0.0,1275.0,198,False,False,share_air_time_valid < 0.5
IL,1995,0.0,1491.0,282,False,False,share_air_time_valid < 0.5
IL,1996,0.0,1623.0,354,False,False,share_air_time_valid < 0.5
IL,1997,0.0,1687.0,327,False,False,share_air_time_valid < 0.5
IL,1998,0.0,1937.0,344,False,False,share_air_time_valid < 0.5
IL,1999,0.0,2045.0,298,False,False,share_air_time_valid < 0.5
IL,2000,0.0,2273.0,284,False,False,share_air_time_valid < 0.5
IL,2001,0.0,2060.0,257,False,False,share_air_time_valid < 0.5
IL,2002,0.0,2143.0,179,False,False,share_air_time_valid < 0.5
IL,2003,0.0,2140.0,136,False,False,share_air_time_valid < 0.5
IL,2004,0.0,2530.0,154,False,False,share_air_time_valid < 0.5
IL,2005,0.0,2746.0,165,False,False,share_air_time_valid < 0.5
IL,2006,0.0,2966.0,205,False,False,share_air_time_valid < 0.5
IL,2007,0.0,3033.0,190,False,False,share_air_time_valid < 0.5
IL,2008,0.0,2486.0,142,False,False,share_air_time_valid < 0.5
IL,2009,0.0,2207.0,129,False,False,share_air_time_valid < 0.5
IL,2010,0.0,2222.0,122,False,False,share_air_time_valid < 0.5
IL,2011,0.0,2230.0,129,False,False,share_air_time_valid < 0.5
IL,2012,0.0,2279.0,127,False,False,share_air_time_valid < 0.5
IL,2013,0.0,2307.0,120,False,False,share_air_time_valid < 0.5
IL,2014,0.0,2306.0,118,False,False,share_air_time_valid < 0.5
IL,2015,0.0,2470.0,131,False,False,share_air_time_valid < 0.5
IL,2016,0.0,2626.0,165,False,False,share_air_time_valid < 0.5
IL,2017,0.0,2709.0,153,False,False,share_air_time_valid < 0.5
IL,2018,0.0,3165.0,192,False,False,share_air_time_valid < 0.5
IL,2019,0.0,3406.0,237,False,False,share_air_time_valid < 0.5
IL,2020,0.0,908.0,115,True,False,share_air_time_valid < 0.5
IL,2021,0.0,1914.0,142,True,False,share_air_time_valid < 0.5
IL,2022,0.0,3301.0,177,False,False,share_air_time_valid < 0.5
IL,2023,0.0,3991.0,209,False,False,share_air_time_valid < 0.5
IL,2024,0.0,4717.0,225,False,False,share_air_time_valid < 0.5
IL,2025,0.0,4345.0,225,False,False,share_air_time_valid < 0.5
IN,1990,0.0,711.0,24,False,False,share_air_time_valid < 0.5
IN,1991,0.0,706.0,24,False,False,share_air_time_valid < 0.5
IN,1992,0.0,694.0,24,False,False,share_air_time_valid < 0.5
IN,1993,0.0,571.0,20,False,False,share_air_time_valid < 0.5
IN,1994,0.0,723.0,24,False,False,share_air_time_valid < 0.5
IN,1995,0.0,720.0,24,False,False,share_air_time_valid < 0.5
IN,1996,0.0,691.0,24,False,False,share_air_time_valid < 0.5
IN,1997,0.0,992.0,43,False,False,share_air_time_valid < 0.5
IN,1998,0.0,1170.0,62,False,False,share_air_time_valid < 0.5
IN,1999,0.0,1142.0,56,False,False,share_air_time_valid < 0.5
IN,2000,0.0,1044.0,48,False,False,share_air_time_valid < 0.5
IN,2001,0.0,980.0,48,False,False,share_air_time_valid < 0.5
IN,2002,0.0,1068.0,50,False,False,share_air_time_valid < 0.5
IN,2003,0.0,1547.0,74,False,False,share_air_time_valid < 0.5
IN,2004,0.0,2286.0,110,False,False,share_air_time_valid < 0.5
IN,2005,0.0,2815.0,120,False,False,share_air_time_valid < 0.5
IN,2006,0.0,2764.0,120,False,False,share_air_time_valid < 0.5
IN,2007,0.0,3226.0,146,False,False,share_air_time_valid < 0.5
IN,2008,0.0,5330.0,218,False,False,share_air_time_valid < 0.5
IN,2009,0.0,4388.0,150,False,False,share_air_time_valid < 0.5
IN,2010,0.0,4196.0,146,False,False,share_air_time_valid < 0.5
IN,2011,0.0,3628.0,122,False,False,share_air_time_valid < 0.5
IN,2012,0.0,3206.0,114,False,False,share_air_time_valid < 0.5
IN,2013,0.0,2920.0,96,False,False,share_air_time_valid < 0.5
IN,2014,0.0,2888.0,96,False,False,share_air_time_valid < 0.5
IN,2015,0.0,2937.0,98,False,False,share_air_time_valid < 0.5
IN,2016,0.0,2815.0,112,False,False,share_air_time_valid < 0.5
IN,2017,0.0,3270.0,146,False,False,share_air_time_valid < 0.5
IN,2018,0.0,3653.0,164,False,False,share_air_time_valid < 0.5
IN,2019,0.0,3488.0,145,False,False,share_air_time_valid < 0.5
IN,2020,0.0,2003.0,140,True,False,share_air_time_valid < 0.5
IN,2021,0.0,2317.0,202,True,False,share_air_time_valid < 0.5
IN,2022,0.0,3377.0,182,False,False,share_air_time_valid < 0.5
IN,2023,0.0,4614.0,269,False,False,share_air_time_valid < 0.5
IN,2024,0.0,5200.0,310,False,False,share_air_time_valid < 0.5
IN,2025,0.0,4466.0,249,False,False,share_air_time_valid < 0.5
IR,2013,0.0,519.0,16,False,True,share_air_time_valid < 0.5
IR,2014,0.0,13647.0,327,False,True,share_air_time_valid < 0.5
IR,2015,0.0,20864.0,594,False,True,share_air_time_valid < 0.5
IR,2016,0.0,21607.0,889,False,True,share_air_time_valid < 0.5
IR,2017,0.0,20838.0,867,False,True,share_air_time_valid < 0.5
IR,2018,0.0,20788.0,844,False,True,share_air_time_valid < 0.5
IR,2019,0.0,21978.0,935,False,True,share_air_time_valid < 0.5
IR,2020,0.0,7146.0,387,True,True,share_air_time_valid < 0.5
IR,2021,0.0,1986.0,142,True,True,share_air_time_valid < 0.5
IR,2022,0.0,12671.0,791,False,True,share_air_time_valid < 0.5
IR,2023,0.0,16222.0,1011,False,True,share_air_time_valid < 0.5
IR,2024,0.0,18420.0,1084,False,True,share_air_time_valid < 0.5
IR,2025,0.0,16990.0,970,False,True,share_air_time_valid < 0.5
IS,1990,0.0,1012.0,64,False,False,share_air_time_valid < 0.5
IS,1991,0.0,1119.0,69,False,False,share_air_time_valid < 0.5
IS,1992,0.0,1228.0,67,False,False,share_air_time_valid < 0.5
IS,1993,0.0,1417.0,84,False,False,share_air_time_valid < 0.5
IS,1994,0.0,1574.0,94,False,False,share_air_time_valid < 0.5
IS,1995,0.0,1613.0,93,False,False,share_air_time_valid < 0.5
IS,1996,0.0,2020.0,108,False,False,share_air_time_valid < 0.5
IS,1997,0.0,2330.0,121,False,False,share_air_time_valid < 0.5
IS,1998,0.0,2873.0,126,False,False,share_air_time_valid < 0.5
IS,1999,0.0,2902.0,116,False,False,share_air_time_valid < 0.5
IS,2000,0.0,2981.0,114,False,False,share_air_time_valid < 0.5
IS,2001,0.0,2778.0,122,False,False,share_air_time_valid < 0.5
IS,2002,0.0,2278.0,129,False,False,share_air_time_valid < 0.5
IS,2003,0.0,2134.0,121,False,False,share_air_time_valid < 0.5
IS,2004,0.0,2512.0,142,False,False,share_air_time_valid < 0.5
IS,2005,0.0,2809.0,163,False,False,share_air_time_valid < 0.5
IS,2006,0.0,2828.0,153,False,False,share_air_time_valid < 0.5
IS,2007,0.0,2843.0,129,False,False,share_air_time_valid < 0.5
IS,2008,0.0,2144.0,102,False,False,share_air_time_valid < 0.5
IS,2009,0.0,1951.0,87,False,False,share_air_time_valid < 0.5
IS,2010,0.0,2112.0,136,False,False,share_air_time_valid < 0.5
IS,2011,0.0,3101.0,137,False,False,share_air_time_valid < 0.5
IS,2012,0.0,3671.0,159,False,False,share_air_time_valid < 0.5
IS,2013,0.0,4442.0,200,False,False,share_air_time_valid < 0.5
IS,2014,0.0,4850.0,214,False,False,share_air_time_valid < 0.5
IS,2015,0.0,5533.0,218,False,False,share_air_time_valid < 0.5
IS,2016,0.0,6639.0,323,False,False,share_air_time_valid < 0.5
IS,2017,0.0,7467.0,391,False,False,share_air_time_valid < 0.5
IS,2018,0.0,8808.0,515,False,False,share_air_time_valid < 0.5
IS,2019,0.0,7981.0,471,False,False,share_air_time_valid < 0.5
IS,2020,0.0,1237.0,126,True,False,share_air_time_valid < 0.5
IS,2021,0.0,3162.0,328,True,False,share_air_time_valid < 0.5
IS,2022,0.0,7276.0,589,False,False,share_air_time_valid < 0.5
IS,2023,0.0,8882.0,549,False,False,share_air_time_valid < 0.5
IS,2024,0.0,10137.0,632,False,False,share_air_time_valid < 0.5
IS,2025,0.0,10958.0,676,False,False,share_air_time_valid < 0.5
IT,1990,0.0,2805.0,217,False,False,share_air_time_valid < 0.5
IT,1991,0.0,3012.0,308,False,False,share_air_time_valid < 0.5
IT,1992,0.0,3599.0,297,False,False,share_air_time_valid < 0.5
IT,1993,0.0,4146.0,330,False,False,share_air_time_valid < 0.5
IT,1994,0.0,4291.0,310,False,False,share_air_time_valid < 0.5
IT,1995,0.0,4778.0,281,False,False,share_air_time_valid < 0.5
IT,1996,0.0,5123.0,250,False,False,share_air_time_valid < 0.5
IT,1997,0.0,4330.0,217,False,False,share_air_time_valid < 0.5
IT,1998,0.0,3902.0,226,False,False,share_air_time_valid < 0.5
IT,1999,0.0,5268.0,265,False,False,share_air_time_valid < 0.5
IT,2000,0.0,5727.0,241,False,False,share_air_time_valid < 0.5
IT,2001,0.0,6275.0,253,False,False,share_air_time_valid < 0.5
IT,2002,0.0,5015.0,185,False,False,share_air_time_valid < 0.5
IT,2003,0.0,4915.0,221,False,False,share_air_time_valid < 0.5
IT,2004,0.0,5932.0,231,False,False,share_air_time_valid < 0.5
IT,2005,0.0,5797.0,247,False,False,share_air_time_valid < 0.5
IT,2006,0.0,5357.0,239,False,False,share_air_time_valid < 0.5
IT,2007,0.0,5262.0,223,False,False,share_air_time_valid < 0.5
IT,2008,0.0,4909.0,216,False,False,share_air_time_valid < 0.5
IT,2009,0.0,4267.0,245,False,False,share_air_time_valid < 0.5
IT,2010,0.0,4599.0,282,False,False,share_air_time_valid < 0.5
IT,2011,0.0,4873.0,352,False,False,share_air_time_valid < 0.5
IT,2012,0.0,4373.0,271,False,False,share_air_time_valid < 0.5
IT,2013,0.0,4272.0,190,False,False,share_air_time_valid < 0.5
IT,2014,0.0,4877.0,201,False,False,share_air_time_valid < 0.5
IT,2015,0.0,5525.0,208,False,False,share_air_time_valid < 0.5
IT,2016,0.0,5369.0,208,False,False,share_air_time_valid < 0.5
IT,2017,0.0,4999.0,185,False,False,share_air_time_valid < 0.5
IT,2018,0.0,5213.0,198,False,False,share_air_time_valid < 0.5
IT,2019,0.0,6622.0,270,False,False,share_air_time_valid < 0.5
IT,2020,0.0,1207.0,86,True,False,share_air_time_valid < 0.5
IT,2021,0.0,735.0,38,True,False,share_air_time_valid < 0.5
IT,2022,0.0,3326.0,140,False,False,share_air_time_valid < 0.5
IT,2023,0.0,4905.0,263,False,False,share_air_time_valid < 0.5
IT,2024,0.0,5137.0,310,False,False,share_air_time_valid < 0.5
IT,2025,0.0,4689.0,273,False,False,share_air_time_valid < 0.5
JM,1990,0.0,6659.0,296,False,False,share_air_time_valid < 0.5
JM,1991,0.0,6078.0,287,False,False,share_air_time_valid < 0.5
JM,1992,0.0,6684.0,344,False,False,share_air_time_valid < 0.5
JM,1993,0.0,7346.0,321,False,False,share_air_time_valid < 0.5
JM,1994,0.0,7427.0,282,False,False,share_air_time_valid < 0.5
JM,1995,0.0,7884.0,288,False,False,share_air_time_valid < 0.5
JM,1996,0.0,8927.0,454,False,False,share_air_time_valid < 0.5
JM,1997,0.0,10426.0,527,False,False,share_air_time_valid < 0.5
JM,1998,0.0,10950.0,575,False,False,share_air_time_valid < 0.5
JM,1999,0.0,11989.0,568,False,False,share_air_time_valid < 0.5
JM,2000,0.0,12906.0,595,False,False,share_air_time_valid < 0.5
JM,2001,0.0,13754.0,644,False,False,share_air_time_valid < 0.5
JM,2002,0.0,13888.0,738,False,False,share_air_time_valid < 0.5
JM,2003,0.0,13668.0,709,False,False,share_air_time_valid < 0.5
JM,2004,0.0,13865.0,724,False,False,share_air_time_valid < 0.5
JM,2005,0.0,9643.0,654,False,False,share_air_time_valid < 0.5
JM,2006,0.0,10997.0,667,False,False,share_air_time_valid < 0.5
JM,2007,0.0,9508.0,559,False,False,share_air_time_valid < 0.5
JM,2008,0.0,9681.0,559,False,False,share_air_time_valid < 0.5
JM,2009,0.0,7592.0,392,False,False,share_air_time_valid < 0.5
JM,2010,0.0,5862.0,283,False,False,share_air_time_valid < 0.5
JM,2011,0.0,2358.0,131,False,False,share_air_time_valid < 0.5
JO,1990,0.0,776.0,440,False,False,share_air_time_valid < 0.5
JO,1991,0.0,1122.0,433,False,False,share_air_time_valid < 0.5
JO,1992,0.0,485.0,485,False,False,share_air_time_valid < 0.5
JO,1993,0.0,584.0,584,False,False,share_air_time_valid < 0.5
JO,1994,0.0,719.0,719,False,False,share_air_time_valid < 0.5
JO,1995,0.0,758.0,590,False,False,share_air_time_valid < 0.5
JO,1996,0.0,788.0,67,False,False,share_air_time_valid < 0.5
JO,1997,0.0,798.0,68,False,False,share_air_time_valid < 0.5
JO,1998,0.0,813.0,64,False,False,share_air_time_valid < 0.5
JO,1999,0.0,827.0,61,False,False,share_air_time_valid < 0.5
JO,2000,0.0,840.0,60,False,False,share_air_time_valid < 0.5
JO,2001,0.0,777.0,58,False,False,share_air_time_valid < 0.5
JO,2002,0.0,800.0,67,False,False,share_air_time_valid < 0.5
JO,2003,0.0,848.0,73,False,False,share_air_time_valid < 0.5
JO,2004,0.0,1019.0,72,False,False,share_air_time_valid < 0.5
JO,2005,0.0,1010.0,72,False,False,share_air_time_valid < 0.5
JO,2006,0.0,1063.0,72,False,False,share_air_time_valid < 0.5
JO,2007,0.0,1244.0,72,False,False,share_air_time_valid < 0.5
JO,2008,0.0,1285.0,72,False,False,share_air_time_valid < 0.5
JO,2009,0.0,1149.0,72,False,False,share_air_time_valid < 0.5
JO,2010,0.0,1161.0,72,False,False,share_air_time_valid < 0.5
JO,2011,0.0,1230.0,72,False,False,share_air_time_valid < 0.5
JO,2012,0.0,1188.0,72,False,False,share_air_time_valid < 0.5
JO,2013,0.0,1163.0,115,False,False,share_air_time_valid < 0.5
JO,2014,0.0,1194.0,105,False,False,share_air_time_valid < 0.5
JO,2015,0.0,1184.0,76,False,False,share_air_time_valid < 0.5
JO,2016,0.0,1205.0,78,False,False,share_air_time_valid < 0.5
JO,2017,0.0,1311.0,80,False,False,share_air_time_valid < 0.5
JO,2018,0.0,1317.0,80,False,False,share_air_time_valid < 0.5
JO,2019,0.0,1381.0,80,False,False,share_air_time_valid < 0.5
JO,2020,0.0,380.0,56,True,False,share_air_time_valid < 0.5
JO,2021,0.0,1008.0,86,True,False,share_air_time_valid < 0.5
JO,2022,0.0,1449.0,76,False,False,share_air_time_valid < 0.5
JO,2023,0.0,1593.0,72,False,False,share_air_time_valid < 0.5
JO,2024,0.0,1564.0,72,False,False,share_air_time_valid < 0.5
JO,2025,0.0,1618.0,84,False,False,share_air_time_valid < 0.5
JP,1990,0.0,14198.0,614,False,False,share_air_time_valid < 0.5
JP,1991,0.0,13636.0,605,False,False,share_air_time_valid < 0.5
JP,1992,0.0,13233.0,636,False,False,share_air_time_valid < 0.5
JP,1993,0.0,12425.0,628,False,False,share_air_time_valid < 0.5
JP,1994,0.0,13778.0,712,False,False,share_air_time_valid < 0.5
JP,1995,0.0,16173.0,829,False,False,share_air_time_valid < 0.5
JP,1996,0.0,16883.0,797,False,False,share_air_time_valid < 0.5
JP,1997,0.0,18508.0,838,False,False,share_air_time_valid < 0.5
JP,1998,0.0,20778.0,907,False,False,share_air_time_valid < 0.5
JP,1999,0.0,23137.0,1083,False,False,share_air_time_valid < 0.5
JP,2000,0.0,24877.0,1125,False,False,share_air_time_valid < 0.5
JP,2001,0.0,23002.0,1061,False,False,share_air_time_valid < 0.5
JP,2002,0.0,21768.0,843,False,False,share_air_time_valid < 0.5
JP,2003,0.0,19195.0,720,False,False,share_air_time_valid < 0.5
JP,2004,0.0,19575.0,792,False,False,share_air_time_valid < 0.5
JP,2005,0.0,19007.0,755,False,False,share_air_time_valid < 0.5
JP,2006,0.0,16205.0,559,False,False,share_air_time_valid < 0.5
JP,2007,0.0,15683.0,575,False,False,share_air_time_valid < 0.5
JP,2008,0.0,15762.0,597,False,False,share_air_time_valid < 0.5
JP,2009,0.0,14553.0,540,False,False,share_air_time_valid < 0.5
JP,2010,0.0,13666.0,469,False,False,share_air_time_valid < 0.5
JP,2011,0.0,13879.0,477,False,False,share_air_time_valid < 0.5
JP,2012,0.0,14869.0,472,False,False,share_air_time_valid < 0.5
JP,2013,0.0,16923.0,547,False,False,share_air_time_valid < 0.5
JP,2014,0.0,18764.0,570,False,False,share_air_time_valid < 0.5
JP,2015,0.0,20449.0,631,False,False,share_air_time_valid < 0.5
JP,2016,0.0,21896.0,698,False,False,share_air_time_valid < 0.5
JP,2017,0.0,22739.0,726,False,False,share_air_time_valid < 0.5
JP,2018,0.0,24217.0,753,False,False,share_air_time_valid < 0.5
JP,2019,0.0,24269.0,779,False,False,share_air_time_valid < 0.5
JP,2020,0.0,10871.0,498,True,False,share_air_time_valid < 0.5
JP,2021,0.0,13453.0,612,True,False,share_air_time_valid < 0.5
JP,2022,0.0,17160.0,852,False,False,share_air_time_valid < 0.5
JP,2023,0.0,21140.0,874,False,False,share_air_time_valid < 0.5
JP,2024,0.0,22943.0,793,False,False,share_air_time_valid < 0.5
JP,2025,0.0,23933.0,820,False,False,share_air_time_valid < 0.5
KE,2018,0.0,108.0,6,False,False,share_air_time_valid < 0.5
KE,2019,0.0,584.0,24,False,False,share_air_time_valid < 0.5
KE,2020,0.0,152.0,10,True,False,share_air_time_valid < 0.5
KE,2021,0.0,214.0,24,True,False,share_air_time_valid < 0.5
KE,2022,0.0,376.0,24,False,False,share_air_time_valid < 0.5
KE,2023,0.0,520.0,24,False,False,share_air_time_valid < 0.5
KE,2024,0.0,788.0,24,False,False,share_air_time_valid < 0.5
KE,2025,0.0,590.0,24,False,False,share_air_time_valid < 0.5
KR,1990,0.0,3980.0,236,False,False,share_air_time_valid < 0.5
KR,1991,0.0,3545.0,241,False,False,share_air_time_valid < 0.5
KR,1992,0.0,4399.0,309,False,False,share_air_time_valid < 0.5
KR,1993,0.0,5632.0,331,False,False,share_air_time_valid < 0.5
KR,1994,0.0,5884.0,374,False,False,share_air_time_valid < 0.5
KR,1995,0.0,6636.0,369,False,False,share_air_time_valid < 0.5
KR,1996,0.0,7450.0,369,False,False,share_air_time_valid < 0.5
KR,1997,0.0,7945.0,349,False,False,share_air_time_valid < 0.5
KR,1998,0.0,6099.0,265,False,False,share_air_time_valid < 0.5
KR,1999,0.0,6496.0,241,False,False,share_air_time_valid < 0.5
KR,2000,0.0,6895.0,283,False,False,share_air_time_valid < 0.5
KR,2001,0.0,6114.0,269,False,False,share_air_time_valid < 0.5
KR,2002,0.0,7159.0,319,False,False,share_air_time_valid < 0.5
KR,2003,0.0,6889.0,304,False,False,share_air_time_valid < 0.5
KR,2004,0.0,7121.0,315,False,False,share_air_time_valid < 0.5
KR,2005,0.0,7894.0,344,False,False,share_air_time_valid < 0.5
KR,2006,0.0,8537.0,362,False,False,share_air_time_valid < 0.5
KR,2007,0.0,8981.0,338,False,False,share_air_time_valid < 0.5
KR,2008,0.0,9175.0,339,False,False,share_air_time_valid < 0.5
KR,2009,0.0,9911.0,389,False,False,share_air_time_valid < 0.5
KR,2010,0.0,10667.0,486,False,False,share_air_time_valid < 0.5
KR,2011,0.0,12007.0,589,False,False,share_air_time_valid < 0.5
KR,2012,0.0,12429.0,702,False,False,share_air_time_valid < 0.5
KR,2013,0.0,13062.0,677,False,False,share_air_time_valid < 0.5
KR,2014,0.0,13768.0,659,False,False,share_air_time_valid < 0.5
KR,2015,0.0,14002.0,666,False,False,share_air_time_valid < 0.5
KR,2016,0.0,16102.0,674,False,False,share_air_time_valid < 0.5
KR,2017,0.0,16559.0,605,False,False,share_air_time_valid < 0.5
KR,2018,0.0,16515.0,550,False,False,share_air_time_valid < 0.5
KR,2019,0.0,13749.0,478,False,False,share_air_time_valid < 0.5
KR,2020,0.0,5950.0,297,True,False,share_air_time_valid < 0.5
KR,2021,0.0,5288.0,269,True,False,share_air_time_valid < 0.5
KR,2022,0.0,7789.0,420,False,False,share_air_time_valid < 0.5
KR,2023,0.0,12205.0,441,False,False,share_air_time_valid < 0.5
KR,2024,0.0,12365.0,394,False,False,share_air_time_valid < 0.5
KR,2025,0.0,11996.0,469,False,False,share_air_time_valid < 0.5
KW,1990,0.0,214.0,195,False,False,share_air_time_valid < 0.5
KW,1991,0.0,315.0,188,False,False,share_air_time_valid < 0.5
KW,1992,0.0,310.0,40,False,False,share_air_time_valid < 0.5
KW,1993,0.0,310.0,36,False,False,share_air_time_valid < 0.5
KW,1994,0.0,366.0,44,False,False,share_air_time_valid < 0.5
KW,1995,0.0,410.0,104,False,False,share_air_time_valid < 0.5
KW,1996,0.0,409.0,94,False,False,share_air_time_valid < 0.5
KW,1997,0.0,602.0,96,False,False,share_air_time_valid < 0.5
KW,1998,0.0,620.0,106,False,False,share_air_time_valid < 0.5
KW,1999,0.0,626.0,87,False,False,share_air_time_valid < 0.5
KW,2000,0.0,630.0,83,False,False,share_air_time_valid < 0.5
KW,2001,0.0,589.0,79,False,False,share_air_time_valid < 0.5
KW,2002,0.0,628.0,76,False,False,share_air_time_valid < 0.5
KW,2003,0.0,590.0,74,False,False,share_air_time_valid < 0.5
KW,2004,0.0,724.0,77,False,False,share_air_time_valid < 0.5
KW,2005,0.0,695.0,73,False,False,share_air_time_valid < 0.5
KW,2006,0.0,617.0,52,False,False,share_air_time_valid < 0.5
KW,2007,0.0,620.0,68,False,False,share_air_time_valid < 0.5
KW,2008,0.0,630.0,66,False,False,share_air_time_valid < 0.5
KW,2009,0.0,624.0,58,False,False,share_air_time_valid < 0.5
KW,2010,0.0,618.0,50,False,False,share_air_time_valid < 0.5
KW,2011,0.0,622.0,48,False,False,share_air_time_valid < 0.5
KW,2012,0.0,620.0,48,False,False,share_air_time_valid < 0.5
KW,2013,0.0,625.0,48,False,False,share_air_time_valid < 0.5
KW,2014,0.0,626.0,48,False,False,share_air_time_valid < 0.5
KW,2015,0.0,626.0,47,False,False,share_air_time_valid < 0.5
KW,2016,0.0,624.0,43,False,False,share_air_time_valid < 0.5
KW,2017,0.0,726.0,24,False,False,share_air_time_valid < 0.5
KW,2018,0.0,727.0,24,False,False,share_air_time_valid < 0.5
KW,2019,0.0,730.0,24,False,False,share_air_time_valid < 0.5
KW,2020,0.0,243.0,12,True,False,share_air_time_valid < 0.5
KW,2021,0.0,36.0,4,True,False,share_air_time_valid < 0.5
KW,2022,0.0,413.0,24,False,False,share_air_time_valid < 0.5
KW,2023,0.0,732.0,24,False,False,share_air_time_valid < 0.5
KW,2024,0.0,731.0,24,False,False,share_air_time_valid < 0.5
KW,2025,0.0,673.0,22,False,False,share_air_time_valid < 0.5
KY,1990,0.0,501.0,20,False,False,share_air_time_valid < 0.5
KY,1991,0.0,3952.0,165,False,False,share_air_time_valid < 0.5
KY,1992,0.0,3579.0,132,False,False,share_air_time_valid < 0.5
KY,1993,0.0,2855.0,104,False,False,share_air_time_valid < 0.5
KY,1994,0.0,3249.0,76,False,False,share_air_time_valid < 0.5
KY,1995,0.0,2971.0,72,False,False,share_air_time_valid < 0.5
KY,1996,0.0,3211.0,91,False,False,share_air_time_valid < 0.5
KY,1997,0.0,3160.0,97,False,False,share_air_time_valid < 0.5
KY,1998,0.0,3206.0,96,False,False,share_air_time_valid < 0.5
KY,1999,0.0,3225.0,96,False,False,share_air_time_valid < 0.5
KY,2000,0.0,3167.0,81,False,False,share_air_time_valid < 0.5
KY,2001,0.0,2849.0,72,False,False,share_air_time_valid < 0.5
KY,2002,0.0,2547.0,73,False,False,share_air_time_valid < 0.5
KY,2003,0.0,2843.0,97,False,False,share_air_time_valid < 0.5
KY,2004,0.0,2855.0,123,False,False,share_air_time_valid < 0.5
KY,2005,0.0,3071.0,149,False,False,share_air_time_valid < 0.5
KY,2006,0.0,3303.0,154,False,False,share_air_time_valid < 0.5
KY,2007,0.0,3144.0,108,False,False,share_air_time_valid < 0.5
KY,2008,0.0,3005.0,84,False,False,share_air_time_valid < 0.5
KY,2009,0.0,2775.0,89,False,False,share_air_time_valid < 0.5
KY,2010,0.0,2572.0,103,False,False,share_air_time_valid < 0.5
KY,2011,0.0,2786.0,116,False,False,share_air_time_valid < 0.5
KY,2012,0.0,2485.0,122,False,False,share_air_time_valid < 0.5
KY,2013,0.0,2772.0,126,False,False,share_air_time_valid < 0.5
KY,2014,0.0,2632.0,113,False,False,share_air_time_valid < 0.5
KY,2015,0.0,2743.0,112,False,False,share_air_time_valid < 0.5
KY,2016,0.0,2841.0,120,False,False,share_air_time_valid < 0.5
KY,2017,0.0,2807.0,108,False,False,share_air_time_valid < 0.5
KY,2018,0.0,2667.0,102,False,False,share_air_time_valid < 0.5
KY,2019,0.0,2543.0,114,False,False,share_air_time_valid < 0.5
KY,2020,0.0,563.0,46,True,False,share_air_time_valid < 0.5
KY,2021,0.0,427.0,44,True,False,share_air_time_valid < 0.5
KY,2022,0.0,1984.0,102,False,False,share_air_time_valid < 0.5
KY,2023,0.0,2123.0,128,False,False,share_air_time_valid < 0.5
KY,2024,0.0,2100.0,126,False,False,share_air_time_valid < 0.5
KY,2025,0.0,2037.0,126,False,False,share_air_time_valid < 0.5
LU,1999,0.0,246.0,17,False,False,share_air_time_valid < 0.5
LV,1992,0.0,350.0,12,False,False,share_air_time_valid < 0.5
LV,1993,0.0,734.0,24,False,False,share_air_time_valid < 0.5
LV,1994,0.0,736.0,24,False,False,share_air_time_valid < 0.5
LV,1995,0.0,716.0,24,False,False,share_air_time_valid < 0.5
LV,1996,0.0,754.0,24,False,False,share_air_time_valid < 0.5
LV,1997,0.0,765.0,25,False,False,share_air_time_valid < 0.5
LV,1998,0.0,799.0,24,False,False,share_air_time_valid < 0.5
LV,1999,0.0,496.0,25,False,False,share_air_time_valid < 0.5
MA,1990,0.0,423.0,92,False,False,share_air_time_valid < 0.5
MA,1991,0.0,318.0,76,False,False,share_air_time_valid < 0.5
MA,1992,0.0,422.0,84,False,False,share_air_time_valid < 0.5
MA,1993,0.0,477.0,87,False,False,share_air_time_valid < 0.5
MA,1994,0.0,620.0,80,False,False,share_air_time_valid < 0.5
MA,1995,0.0,676.0,52,False,False,share_air_time_valid < 0.5
MA,1996,0.0,732.0,48,False,False,share_air_time_valid < 0.5
MA,1997,0.0,756.0,48,False,False,share_air_time_valid < 0.5
MA,1998,0.0,790.0,48,False,False,share_air_time_valid < 0.5
MA,1999,0.0,904.0,76,False,False,share_air_time_valid < 0.5
MA,2000,0.0,864.0,91,False,False,share_air_time_valid < 0.5
MA,2001,0.0,518.0,76,False,False,share_air_time_valid < 0.5
MA,2002,0.0,535.0,57,False,False,share_air_time_valid < 0.5
MA,2003,0.0,430.0,24,False,False,share_air_time_valid < 0.5
MA,2004,0.0,506.0,24,False,False,share_air_time_valid < 0.5
MA,2005,0.0,538.0,24,False,False,share_air_time_valid < 0.5
MA,2006,0.0,664.0,24,False,False,share_air_time_valid < 0.5
MA,2007,0.0,717.0,24,False,False,share_air_time_valid < 0.5
MA,2008,0.0,705.0,24,False,False,share_air_time_valid < 0.5
MA,2009,0.0,660.0,24,False,False,share_air_time_valid < 0.5
MA,2010,0.0,652.0,22,False,False,share_air_time_valid < 0.5
MA,2011,0.0,762.0,24,False,False,share_air_time_valid < 0.5
MA,2012,0.0,678.0,23,False,False,share_air_time_valid < 0.5
MA,2013,0.0,710.0,24,False,False,share_air_time_valid < 0.5
MA,2014,0.0,752.0,24,False,False,share_air_time_valid < 0.5
MA,2015,0.0,696.0,24,False,False,share_air_time_valid < 0.5
MA,2016,0.0,802.0,26,False,False,share_air_time_valid < 0.5
MA,2017,0.0,1280.0,48,False,False,share_air_time_valid < 0.5
MA,2018,0.0,1284.0,48,False,False,share_air_time_valid < 0.5
MA,2019,0.0,1657.0,78,False,False,share_air_time_valid < 0.5
MA,2020,0.0,500.0,38,True,False,share_air_time_valid < 0.5
MA,2021,0.0,972.0,43,True,False,share_air_time_valid < 0.5
MA,2022,0.0,1256.0,58,False,False,share_air_time_valid < 0.5
MA,2023,0.0,2356.0,72,False,False,share_air_time_valid < 0.5
MA,2024,0.0,2216.0,72,False,False,share_air_time_valid < 0.5
MA,2025,0.0,1756.0,72,False,False,share_air_time_valid < 0.5
MH,1990,0.0,263.0,30,False,False,share_air_time_valid < 0.5
MH,1991,0.0,277.0,24,False,False,share_air_time_valid < 0.5
MH,1992,0.0,204.0,24,False,False,share_air_time_valid < 0.5
MH,1993,0.0,205.0,24,False,False,share_air_time_valid < 0.5
MH,1994,0.0,178.0,21,False,False,share_air_time_valid < 0.5
MH,1995,0.0,262.0,24,False,False,share_air_time_valid < 0.5
MH,1996,0.0,46.0,4,False,False,share_air_time_valid < 0.5
MO,2020,0.0,12.0,2,True,False,share_air_time_valid < 0.5
MO,2021,0.0,116.0,16,True,False,share_air_time_valid < 0.5
MO,2022,0.0,1082.0,50,False,False,share_air_time_valid < 0.5
MO,2023,0.0,1960.0,86,False,False,share_air_time_valid < 0.5
MO,2024,0.0,2280.0,90,False,False,share_air_time_valid < 0.5
MO,2025,0.0,2408.0,106,False,False,share_air_time_valid < 0.5
MT,2000,0.0,24.0,4,False,False,share_air_time_valid < 0.5
MV,1990,0.0,170.0,42,False,False,share_air_time_valid < 0.5
MV,1991,0.0,18.0,4,False,False,share_air_time_valid < 0.5
MX,1990,0.0,43378.0,1615,False,False,share_air_time_valid < 0.5
MX,1991,0.0,45329.0,1622,False,False,share_air_time_valid < 0.5
MX,1992,0.0,44284.0,2434,False,False,share_air_time_valid < 0.5
MX,1993,0.0,40670.0,1898,False,False,share_air_time_valid < 0.5
MX,1994,0.0,40419.0,1594,False,False,share_air_time_valid < 0.5
MX,1995,0.0,41338.0,1409,False,False,share_air_time_valid < 0.5
MX,1996,0.0,43905.0,1723,False,False,share_air_time_valid < 0.5
MX,1997,0.0,48523.0,2028,False,False,share_air_time_valid < 0.5
MX,1998,0.0,51272.0,2183,False,False,share_air_time_valid < 0.5
MX,1999,0.0,53559.0,2172,False,False,share_air_time_valid < 0.5
MX,2000,0.0,58132.0,2381,False,False,share_air_time_valid < 0.5
MX,2001,0.0,54765.0,2366,False,False,share_air_time_valid < 0.5
MX,2002,0.0,52870.0,2570,False,False,share_air_time_valid < 0.5
MX,2003,0.0,52673.0,2613,False,False,share_air_time_valid < 0.5
MX,2004,0.0,62034.0,2974,False,False,share_air_time_valid < 0.5
MX,2005,0.0,65499.0,3228,False,False,share_air_time_valid < 0.5
MX,2006,0.0,61965.0,3467,False,False,share_air_time_valid < 0.5
MX,2007,0.0,61776.0,3518,False,False,share_air_time_valid < 0.5
MX,2008,0.0,61135.0,3206,False,False,share_air_time_valid < 0.5
MX,2009,0.0,54660.0,3179,False,False,share_air_time_valid < 0.5
MX,2010,0.0,46681.0,2439,False,False,share_air_time_valid < 0.5
MX,2011,0.0,34343.0,1317,False,False,share_air_time_valid < 0.5
MX,2012,0.0,40783.0,1722,False,False,share_air_time_valid < 0.5
MX,2013,0.0,48009.0,2226,False,False,share_air_time_valid < 0.5
MX,2014,0.0,46580.0,2213,False,False,share_air_time_valid < 0.5
MX,2015,0.0,59575.0,2637,False,False,share_air_time_valid < 0.5
MX,2016,0.0,67444.0,2901,False,False,share_air_time_valid < 0.5
MX,2017,0.0,72430.0,3558,False,False,share_air_time_valid < 0.5
MX,2018,0.0,77007.0,4840,False,False,share_air_time_valid < 0.5
MX,2019,0.0,73794.0,4760,False,False,share_air_time_valid < 0.5
MX,2020,0.0,29025.0,2544,True,False,share_air_time_valid < 0.5
MX,2021,0.0,47600.0,3223,True,False,share_air_time_valid < 0.5
MX,2022,0.0,57223.0,3670,False,False,share_air_time_valid < 0.5
MX,2023,0.0,59575.0,3990,False,False,share_air_time_valid < 0.5
MX,2024,0.0,71119.0,5153,False,False,share_air_time_valid < 0.5
MX,2025,0.0,80890.0,6027,False,False,share_air_time_valid < 0.5
MY,1990,0.0,561.0,85,False,False,share_air_time_valid < 0.5
MY,1991,0.0,647.0,83,False,False,share_air_time_valid < 0.5
MY,1992,0.0,682.0,60,False,False,share_air_time_valid < 0.5
MY,1993,0.0,899.0,87,False,False,share_air_time_valid < 0.5
MY,1994,0.0,837.0,76,False,False,share_air_time_valid < 0.5
MY,1995,0.0,860.0,73,False,False,share_air_time_valid < 0.5
MY,1996,0.0,828.0,72,False,False,share_air_time_valid < 0.5
MY,1997,0.0,636.0,52,False,False,share_air_time_valid < 0.5
MY,1998,0.0,862.0,69,False,False,share_air_time_valid < 0.5
MY,1999,0.0,1022.0,72,False,False,share_air_time_valid < 0.5
MY,2000,0.0,1032.0,73,False,False,share_air_time_valid < 0.5
MY,2001,0.0,937.0,66,False,False,share_air_time_valid < 0.5
MY,2002,0.0,886.0,48,False,False,share_air_time_valid < 0.5
MY,2003,0.0,904.0,48,False,False,share_air_time_valid < 0.5
MY,2004,0.0,836.0,48,False,False,share_air_time_valid < 0.5
MY,2005,0.0,836.0,51,False,False,share_air_time_valid < 0.5
MY,2006,0.0,852.0,48,False,False,share_air_time_valid < 0.5
MY,2007,0.0,1042.0,48,False,False,share_air_time_valid < 0.5
MY,2008,0.0,888.0,48,False,False,share_air_time_valid < 0.5
MY,2009,0.0,519.0,45,False,False,share_air_time_valid < 0.5
MY,2010,0.0,312.0,24,False,False,share_air_time_valid < 0.5
MY,2011,0.0,314.0,24,False,False,share_air_time_valid < 0.5
MY,2012,0.0,394.0,26,False,False,share_air_time_valid < 0.5
MY,2013,0.0,416.0,24,False,False,share_air_time_valid < 0.5
MY,2014,0.0,140.0,8,False,False,share_air_time_valid < 0.5
NG,1990,0.0,98.0,26,False,False,share_air_time_valid < 0.5
NG,1991,0.0,26.0,10,False,False,share_air_time_valid < 0.5
NG,2013,0.0,368.0,27,False,False,share_air_time_valid < 0.5
NG,2014,0.0,371.0,33,False,False,share_air_time_valid < 0.5
NG,2015,0.0,476.0,71,False,False,share_air_time_valid < 0.5
NG,2016,0.0,486.0,73,False,False,share_air_time_valid < 0.5
NG,2017,0.0,516.0,73,False,False,share_air_time_valid < 0.5
NG,2018,0.0,500.0,78,False,False,share_air_time_valid < 0.5
NL,1990,0.0,6196.0,544,False,False,share_air_time_valid < 0.5
NL,1991,0.0,5936.0,449,False,False,share_air_time_valid < 0.5
NL,1992,0.0,6327.0,416,False,False,share_air_time_valid < 0.5
NL,1993,0.0,6401.0,404,False,False,share_air_time_valid < 0.5
NL,1994,0.0,5779.0,355,False,False,share_air_time_valid < 0.5
NL,1995,0.0,6149.0,360,False,False,share_air_time_valid < 0.5
NL,1996,0.0,6298.0,409,False,False,share_air_time_valid < 0.5
NL,1997,0.0,7448.0,411,False,False,share_air_time_valid < 0.5
NL,1998,0.0,9071.0,688,False,False,share_air_time_valid < 0.5
NL,1999,0.0,9085.0,664,False,False,share_air_time_valid < 0.5
NL,2000,0.0,8970.0,672,False,False,share_air_time_valid < 0.5
NL,2001,0.0,7773.0,567,False,False,share_air_time_valid < 0.5
NL,2002,0.0,6605.0,457,False,False,share_air_time_valid < 0.5
NL,2003,0.0,6983.0,441,False,False,share_air_time_valid < 0.5
NL,2004,0.0,7932.0,448,False,False,share_air_time_valid < 0.5
NL,2005,0.0,7729.0,378,False,False,share_air_time_valid < 0.5
NL,2006,0.0,7390.0,400,False,False,share_air_time_valid < 0.5
NL,2007,0.0,7366.0,395,False,False,share_air_time_valid < 0.5
NL,2008,0.0,8000.0,413,False,False,share_air_time_valid < 0.5
NL,2009,0.0,7388.0,397,False,False,share_air_time_valid < 0.5
NL,2010,0.0,6846.0,475,False,False,share_air_time_valid < 0.5
NL,2011,0.0,6634.0,414,False,False,share_air_time_valid < 0.5
NL,2012,0.0,6814.0,448,False,False,share_air_time_valid < 0.5
NL,2013,0.0,6768.0,495,False,False,share_air_time_valid < 0.5
NL,2014,0.0,6894.0,473,False,False,share_air_time_valid < 0.5
NL,2015,0.0,6904.0,462,False,False,share_air_time_valid < 0.5
NL,2016,0.0,6999.0,485,False,False,share_air_time_valid < 0.5
NL,2017,0.0,7482.0,558,False,False,share_air_time_valid < 0.5
NL,2018,0.0,8012.0,662,False,False,share_air_time_valid < 0.5
NL,2019,0.0,8389.0,742,False,False,share_air_time_valid < 0.5
NL,2020,0.0,4969.0,447,True,False,share_air_time_valid < 0.5
NL,2021,0.0,5783.0,576,True,False,share_air_time_valid < 0.5
NL,2022,0.0,8067.0,735,False,False,share_air_time_valid < 0.5
NL,2023,0.0,7982.0,749,False,False,share_air_time_valid < 0.5
NL,2024,0.0,8056.0,807,False,False,share_air_time_valid < 0.5
NL,2025,0.0,8564.0,935,False,False,share_air_time_valid < 0.5
NO,2013,0.0,425.0,57,False,False,share_air_time_valid < 0.5
NO,2014,0.0,3030.0,379,False,False,share_air_time_valid < 0.5
NO,2015,0.0,4224.0,491,False,False,share_air_time_valid < 0.5
NO,2016,0.0,6702.0,856,False,False,share_air_time_valid < 0.5
NO,2017,0.0,10005.0,1158,False,False,share_air_time_valid < 0.5
NO,2018,0.0,10593.0,1268,False,False,share_air_time_valid < 0.5
NO,2019,0.0,10545.0,1030,False,False,share_air_time_valid < 0.5
NO,2020,0.0,1112.0,101,True,False,share_air_time_valid < 0.5
NO,2021,0.0,3.0,2,True,False,share_air_time_valid < 0.5
NR,1990,0.0,205.0,47,False,False,share_air_time_valid < 0.5
NR,1991,0.0,211.0,47,False,False,share_air_time_valid < 0.5
NR,1992,0.0,258.0,58,False,False,share_air_time_valid < 0.5
NR,1993,0.0,359.0,80,False,False,share_air_time_valid < 0.5
NR,1994,0.0,279.0,66,False,False,share_air_time_valid < 0.5
NR,1995,0.0,276.0,48,False,False,share_air_time_valid < 0.5
NR,1996,0.0,496.0,48,False,False,share_air_time_valid < 0.5
NR,1997,0.0,406.0,48,False,False,share_air_time_valid < 0.5
NR,1998,0.0,382.0,48,False,False,share_air_time_valid < 0.5
NR,1999,0.0,409.0,48,False,False,share_air_time_valid < 0.5
NR,2000,0.0,391.0,48,False,False,share_air_time_valid < 0.5
NR,2001,0.0,58.0,8,False,False,share_air_time_valid < 0.5
NZ,1990,0.0,2035.0,195,False,False,share_air_time_valid < 0.5
NZ,1991,0.0,2384.0,251,False,False,share_air_time_valid < 0.5
NZ,1992,0.0,2448.0,306,False,False,share_air_time_valid < 0.5
NZ,1993,0.0,2591.0,305,False,False,share_air_time_valid < 0.5
NZ,1994,0.0,3034.0,313,False,False,share_air_time_valid < 0.5
NZ,1995,0.0,3426.0,354,False,False,share_air_time_valid < 0.5
NZ,1996,0.0,3694.0,359,False,False,share_air_time_valid < 0.5
NZ,1997,0.0,3611.0,321,False,False,share_air_time_valid < 0.5
NZ,1998,0.0,3721.0,335,False,False,share_air_time_valid < 0.5
NZ,1999,0.0,3935.0,300,False,False,share_air_time_valid < 0.5
NZ,2000,0.0,4086.0,287,False,False,share_air_time_valid < 0.5
NZ,2001,0.0,3969.0,259,False,False,share_air_time_valid < 0.5
NZ,2002,0.0,3355.0,205,False,False,share_air_time_valid < 0.5
NZ,2003,0.0,3648.0,158,False,False,share_air_time_valid < 0.5
NZ,2004,0.0,3669.0,162,False,False,share_air_time_valid < 0.5
NZ,2005,0.0,3723.0,190,False,False,share_air_time_valid < 0.5
NZ,2006,0.0,3952.0,174,False,False,share_air_time_valid < 0.5
NZ,2007,0.0,3709.0,178,False,False,share_air_time_valid < 0.5
NZ,2008,0.0,3505.0,158,False,False,share_air_time_valid < 0.5
NZ,2009,0.0,3105.0,154,False,False,share_air_time_valid < 0.5
NZ,2010,0.0,2826.0,168,False,False,share_air_time_valid < 0.5
NZ,2011,0.0,3027.0,177,False,False,share_air_time_valid < 0.5
NZ,2012,0.0,3054.0,163,False,False,share_air_time_valid < 0.5
NZ,2013,0.0,3315.0,178,False,False,share_air_time_valid < 0.5
NZ,2014,0.0,3504.0,178,False,False,share_air_time_valid < 0.5
NZ,2015,0.0,3791.0,171,False,False,share_air_time_valid < 0.5
NZ,2016,0.0,3946.0,190,False,False,share_air_time_valid < 0.5
NZ,2017,0.0,3878.0,200,False,False,share_air_time_valid < 0.5
NZ,2018,0.0,4233.0,207,False,False,share_air_time_valid < 0.5
NZ,2019,0.0,4086.0,240,False,False,share_air_time_valid < 0.5
NZ,2020,0.0,1317.0,93,True,False,share_air_time_valid < 0.5
NZ,2021,0.0,236.0,24,True,False,share_air_time_valid < 0.5
NZ,2022,0.0,1478.0,91,False,False,share_air_time_valid < 0.5
NZ,2023,0.0,3012.0,165,False,False,share_air_time_valid < 0.5
NZ,2024,0.0,2836.0,132,False,False,share_air_time_valid < 0.5
NZ,2025,0.0,2891.0,144,False,False,share_air_time_valid < 0.5
PA,1990,0.0,655.0,25,False,False,share_air_time_valid < 0.5
PA,1991,0.0,768.0,26,False,False,share_air_time_valid < 0.5
PA,1992,0.0,1138.0,43,False,False,share_air_time_valid < 0.5
PA,1993,0.0,1539.0,53,False,False,share_air_time_valid < 0.5
PA,1994,0.0,1627.0,54,False,False,share_air_time_valid < 0.5
PA,1995,0.0,2162.0,48,False,False,share_air_time_valid < 0.5
PA,1996,0.0,2258.0,48,False,False,share_air_time_valid < 0.5
PA,1997,0.0,2742.0,56,False,False,share_air_time_valid < 0.5
PA,1998,0.0,3276.0,72,False,False,share_air_time_valid < 0.5
PA,1999,0.0,2781.0,63,False,False,share_air_time_valid < 0.5
PA,2000,0.0,4010.0,108,False,False,share_air_time_valid < 0.5
PA,2001,0.0,3740.0,98,False,False,share_air_time_valid < 0.5
PA,2002,0.0,3554.0,96,False,False,share_air_time_valid < 0.5
PA,2003,0.0,3759.0,120,False,False,share_air_time_valid < 0.5
PA,2004,0.0,4043.0,158,False,False,share_air_time_valid < 0.5
PA,2005,0.0,4367.0,170,False,False,share_air_time_valid < 0.5
PA,2006,0.0,4898.0,234,False,False,share_air_time_valid < 0.5
PA,2007,0.0,5807.0,201,False,False,share_air_time_valid < 0.5
PA,2008,0.0,6882.0,240,False,False,share_air_time_valid < 0.5
PA,2009,0.0,7057.0,248,False,False,share_air_time_valid < 0.5
PA,2010,0.0,7564.0,258,False,False,share_air_time_valid < 0.5
PA,2011,0.0,8990.0,278,False,False,share_air_time_valid < 0.5
PA,2012,0.0,11910.0,306,False,False,share_air_time_valid < 0.5
PA,2013,0.0,15167.0,368,False,False,share_air_time_valid < 0.5
PA,2014,0.0,17703.0,465,False,False,share_air_time_valid < 0.5
PA,2015,0.0,18416.0,515,False,False,share_air_time_valid < 0.5
PA,2016,0.0,18172.0,490,False,False,share_air_time_valid < 0.5
PA,2017,0.0,19434.0,492,False,False,share_air_time_valid < 0.5
PA,2018,0.0,22378.0,538,False,False,share_air_time_valid < 0.5
PA,2019,0.0,26854.0,553,False,False,share_air_time_valid < 0.5
PA,2020,0.0,4657.0,140,True,False,share_air_time_valid < 0.5
PA,2021,0.0,14078.0,310,True,False,share_air_time_valid < 0.5
PA,2022,0.0,17674.0,422,False,False,share_air_time_valid < 0.5
PA,2023,0.0,20609.0,548,False,False,share_air_time_valid < 0.5
PA,2024,0.0,24014.0,882,False,False,share_air_time_valid < 0.5
PA,2025,0.0,25669.0,1096,False,False,share_air_time_valid < 0.5
PE,1999,0.0,86.0,4,False,False,share_air_time_valid < 0.5
PE,2000,0.0,638.0,24,False,False,share_air_time_valid < 0.5
PE,2001,0.0,811.0,41,False,False,share_air_time_valid < 0.5
PE,2002,0.0,806.0,63,False,False,share_air_time_valid < 0.5
PE,2003,0.0,859.0,74,False,False,share_air_time_valid < 0.5
PE,2004,0.0,1064.0,73,False,False,share_air_time_valid < 0.5
PE,2005,0.0,1383.0,75,False,False,share_air_time_valid < 0.5
PE,2006,0.0,1234.0,83,False,False,share_air_time_valid < 0.5
PE,2007,0.0,1514.0,72,False,False,share_air_time_valid < 0.5
PE,2008,0.0,1519.0,68,False,False,share_air_time_valid < 0.5
PE,2009,0.0,1469.0,68,False,False,share_air_time_valid < 0.5
PE,2010,0.0,1910.0,85,False,False,share_air_time_valid < 0.5
PE,2011,0.0,2740.0,109,False,False,share_air_time_valid < 0.5
PE,2012,0.0,2986.0,106,False,False,share_air_time_valid < 0.5
PE,2013,0.0,3789.0,132,False,False,share_air_time_valid < 0.5
PE,2014,0.0,3397.0,116,False,False,share_air_time_valid < 0.5
PE,2015,0.0,3735.0,115,False,False,share_air_time_valid < 0.5
PE,2016,0.0,4019.0,139,False,False,share_air_time_valid < 0.5
PE,2017,0.0,3979.0,144,False,False,share_air_time_valid < 0.5
PE,2018,0.0,4556.0,183,False,False,share_air_time_valid < 0.5
PE,2019,0.0,5388.0,225,False,False,share_air_time_valid < 0.5
PE,2020,0.0,1532.0,89,True,False,share_air_time_valid < 0.5
PE,2021,0.0,3394.0,217,True,False,share_air_time_valid < 0.5
PE,2022,0.0,3968.0,278,False,False,share_air_time_valid < 0.5
PE,2023,0.0,4786.0,260,False,False,share_air_time_valid < 0.5
PE,2024,0.0,5261.0,261,False,False,share_air_time_valid < 0.5
PE,2025,0.0,5807.0,252,False,False,share_air_time_valid < 0.5
PH,1990,0.0,978.0,25,False,False,share_air_time_valid < 0.5
PH,1991,0.0,1262.0,50,False,False,share_air_time_valid < 0.5
PH,1992,0.0,1475.0,55,False,False,share_air_time_valid < 0.5
PH,1993,0.0,1478.0,46,False,False,share_air_time_valid < 0.5
PH,1994,0.0,1436.0,52,False,False,share_air_time_valid < 0.5
PH,1995,0.0,1416.0,64,False,False,share_air_time_valid < 0.5
PH,1996,0.0,1666.0,86,False,False,share_air_time_valid < 0.5
PH,1997,0.0,2144.0,136,False,False,share_air_time_valid < 0.5
PH,1998,0.0,1107.0,120,False,False,share_air_time_valid < 0.5
PH,1999,0.0,1440.0,91,False,False,share_air_time_valid < 0.5
PH,2000,0.0,2006.0,129,False,False,share_air_time_valid < 0.5
PH,2001,0.0,2238.0,159,False,False,share_air_time_valid < 0.5
PH,2002,0.0,2194.0,190,False,False,share_air_time_valid < 0.5
PH,2003,0.0,2131.0,166,False,False,share_air_time_valid < 0.5
PH,2004,0.0,2727.0,179,False,False,share_air_time_valid < 0.5
PH,2005,0.0,2894.0,175,False,False,share_air_time_valid < 0.5
PH,2006,0.0,2941.0,196,False,False,share_air_time_valid < 0.5
PH,2007,0.0,3097.0,193,False,False,share_air_time_valid < 0.5
PH,2008,0.0,3087.0,193,False,False,share_air_time_valid < 0.5
PH,2009,0.0,2834.0,201,False,False,share_air_time_valid < 0.5
PH,2010,0.0,2823.0,202,False,False,share_air_time_valid < 0.5
PH,2011,0.0,2804.0,181,False,False,share_air_time_valid < 0.5
PH,2012,0.0,2836.0,191,False,False,share_air_time_valid < 0.5
PH,2013,0.0,2569.0,178,False,False,share_air_time_valid < 0.5
PH,2014,0.0,2771.0,195,False,False,share_air_time_valid < 0.5
PH,2015,0.0,3264.0,212,False,False,share_air_time_valid < 0.5
PH,2016,0.0,4302.0,260,False,False,share_air_time_valid < 0.5
PH,2017,0.0,4329.0,231,False,False,share_air_time_valid < 0.5
PH,2018,0.0,4200.0,205,False,False,share_air_time_valid < 0.5
PH,2019,0.0,4381.0,180,False,False,share_air_time_valid < 0.5
PH,2020,0.0,2444.0,173,True,False,share_air_time_valid < 0.5
PH,2021,0.0,1672.0,201,True,False,share_air_time_valid < 0.5
PH,2022,0.0,3328.0,210,False,False,share_air_time_valid < 0.5
PH,2023,0.0,3683.0,176,False,False,share_air_time_valid < 0.5
PH,2024,0.0,3716.0,189,False,False,share_air_time_valid < 0.5
PH,2025,0.0,3690.0,173,False,False,share_air_time_valid < 0.5
PK,1990,0.0,814.0,131,False,False,share_air_time_valid < 0.5
PK,1991,0.0,808.0,141,False,False,share_air_time_valid < 0.5
PK,1992,0.0,837.0,147,False,False,share_air_time_valid < 0.5
PK,1993,0.0,773.0,140,False,False,share_air_time_valid < 0.5
PK,1994,0.0,939.0,151,False,False,share_air_time_valid < 0.5
PK,1995,0.0,730.0,122,False,False,share_air_time_valid < 0.5
PK,1996,0.0,732.0,125,False,False,share_air_time_valid < 0.5
PK,1997,0.0,751.0,136,False,False,share_air_time_valid < 0.5
PK,1998,0.0,728.0,140,False,False,share_air_time_valid < 0.5
PK,1999,0.0,600.0,88,False,False,share_air_time_valid < 0.5
PK,2000,0.0,726.0,88,False,False,share_air_time_valid < 0.5
PK,2001,0.0,606.0,70,False,False,share_air_time_valid < 0.5
PK,2002,0.0,460.0,48,False,False,share_air_time_valid < 0.5
PK,2003,0.0,608.0,62,False,False,share_air_time_valid < 0.5
PK,2004,0.0,778.0,104,False,False,share_air_time_valid < 0.5
PK,2005,0.0,750.0,118,False,False,share_air_time_valid < 0.5
PK,2006,0.0,790.0,100,False,False,share_air_time_valid < 0.5
PK,2007,0.0,500.0,42,False,False,share_air_time_valid < 0.5
PK,2008,0.0,268.0,24,False,False,share_air_time_valid < 0.5
PK,2009,0.0,226.0,24,False,False,share_air_time_valid < 0.5
PK,2010,0.0,391.0,38,False,False,share_air_time_valid < 0.5
PK,2011,0.0,526.0,48,False,False,share_air_time_valid < 0.5
PK,2012,0.0,356.0,30,False,False,share_air_time_valid < 0.5
PK,2013,0.0,284.0,24,False,False,share_air_time_valid < 0.5
PK,2014,0.0,208.0,24,False,False,share_air_time_valid < 0.5
PK,2015,0.0,208.0,24,False,False,share_air_time_valid < 0.5
PK,2016,0.0,206.0,24,False,False,share_air_time_valid < 0.5
PK,2017,0.0,150.0,20,False,False,share_air_time_valid < 0.5
PK,2018,0.0,326.0,12,False,False,share_air_time_valid < 0.5
PK,2019,0.0,1420.0,25,False,False,share_air_time_valid < 0.5
PK,2020,0.0,48.0,2,True,False,share_air_time_valid < 0.5
PL,1990,0.0,1002.0,86,False,False,share_air_time_valid < 0.5
PL,1991,0.0,952.0,136,False,False,share_air_time_valid < 0.5
PL,1992,0.0,1015.0,134,False,False,share_air_time_valid < 0.5
PL,1993,0.0,1155.0,140,False,False,share_air_time_valid < 0.5
PL,1994,0.0,1204.0,152,False,False,share_air_time_valid < 0.5
PL,1995,0.0,1458.0,152,False,False,share_air_time_valid < 0.5
PL,1996,0.0,1706.0,184,False,False,share_air_time_valid < 0.5
PL,1997,0.0,1862.0,170,False,False,share_air_time_valid < 0.5
PL,1998,0.0,1787.0,171,False,False,share_air_time_valid < 0.5
PL,1999,0.0,2058.0,207,False,False,share_air_time_valid < 0.5
PL,2000,0.0,1981.0,247,False,False,share_air_time_valid < 0.5
PL,2001,0.0,2159.0,240,False,False,share_air_time_valid < 0.5
PL,2002,0.0,1891.0,198,False,False,share_air_time_valid < 0.5
PL,2003,0.0,1878.0,202,False,False,share_air_time_valid < 0.5
PL,2004,0.0,1901.0,202,False,False,share_air_time_valid < 0.5
PL,2005,0.0,2126.0,212,False,False,share_air_time_valid < 0.5
PL,2006,0.0,2499.0,215,False,False,share_air_time_valid < 0.5
PL,2007,0.0,2547.0,225,False,False,share_air_time_valid < 0.5
PL,2008,0.0,2291.0,223,False,False,share_air_time_valid < 0.5
PL,2009,0.0,1892.0,115,False,False,share_air_time_valid < 0.5
PL,2010,0.0,1968.0,118,False,False,share_air_time_valid < 0.5
PL,2011,0.0,1637.0,74,False,False,share_air_time_valid < 0.5
PL,2012,0.0,1537.0,69,False,False,share_air_time_valid < 0.5
PL,2013,0.0,1490.0,71,False,False,share_air_time_valid < 0.5
PL,2014,0.0,1553.0,50,False,False,share_air_time_valid < 0.5
PL,2015,0.0,1396.0,48,False,False,share_air_time_valid < 0.5
PL,2016,0.0,1782.0,48,False,False,share_air_time_valid < 0.5
PL,2017,0.0,2304.0,108,False,False,share_air_time_valid < 0.5
PL,2018,0.0,3062.0,244,False,False,share_air_time_valid < 0.5
PL,2019,0.0,3650.0,375,False,False,share_air_time_valid < 0.5
PL,2020,0.0,1077.0,160,True,False,share_air_time_valid < 0.5
PL,2021,0.0,1769.0,201,True,False,share_air_time_valid < 0.5
PL,2022,0.0,3247.0,313,False,False,share_air_time_valid < 0.5
PL,2023,0.0,3338.0,327,False,False,share_air_time_valid < 0.5
PL,2024,0.0,3145.0,321,False,False,share_air_time_valid < 0.5
PL,2025,0.0,3502.0,345,False,False,share_air_time_valid < 0.5
PT,1990,0.0,1070.0,173,False,False,share_air_time_valid < 0.5
PT,1991,0.0,946.0,151,False,False,share_air_time_valid < 0.5
PT,1992,0.0,1059.0,156,False,False,share_air_time_valid < 0.5
PT,1993,0.0,1053.0,157,False,False,share_air_time_valid < 0.5
PT,1994,0.0,943.0,144,False,False,share_air_time_valid < 0.5
PT,1995,0.0,610.0,30,False,False,share_air_time_valid < 0.5
PT,1996,0.0,844.0,51,False,False,share_air_time_valid < 0.5
PT,1997,0.0,1030.0,84,False,False,share_air_time_valid < 0.5
PT,1998,0.0,1100.0,85,False,False,share_air_time_valid < 0.5
PT,1999,0.0,1394.0,108,False,False,share_air_time_valid < 0.5
PT,2000,0.0,1315.0,124,False,False,share_air_time_valid < 0.5
PT,2001,0.0,1109.0,79,False,False,share_air_time_valid < 0.5
PT,2002,0.0,963.0,88,False,False,share_air_time_valid < 0.5
PT,2003,0.0,873.0,70,False,False,share_air_time_valid < 0.5
PT,2004,0.0,926.0,79,False,False,share_air_time_valid < 0.5
PT,2005,0.0,1001.0,73,False,False,share_air_time_valid < 0.5
PT,2006,0.0,1215.0,80,False,False,share_air_time_valid < 0.5
PT,2007,0.0,1351.0,104,False,False,share_air_time_valid < 0.5
PT,2008,0.0,1098.0,97,False,False,share_air_time_valid < 0.5
PT,2009,0.0,1299.0,121,False,False,share_air_time_valid < 0.5
PT,2010,0.0,1430.0,119,False,False,share_air_time_valid < 0.5
PT,2011,0.0,1661.0,140,False,False,share_air_time_valid < 0.5
PT,2012,0.0,1804.0,157,False,False,share_air_time_valid < 0.5
PT,2013,0.0,1823.0,163,False,False,share_air_time_valid < 0.5
PT,2014,0.0,1944.0,166,False,False,share_air_time_valid < 0.5
PT,2015,0.0,1907.0,183,False,False,share_air_time_valid < 0.5
PT,2016,0.0,2797.0,215,False,False,share_air_time_valid < 0.5
PT,2017,0.0,3739.0,273,False,False,share_air_time_valid < 0.5
PT,2018,0.0,3704.0,271,False,False,share_air_time_valid < 0.5
PT,2019,0.0,4853.0,283,False,False,share_air_time_valid < 0.5
PT,2020,0.0,2096.0,191,True,False,share_air_time_valid < 0.5
PT,2021,0.0,3359.0,207,True,False,share_air_time_valid < 0.5
PT,2022,0.0,5845.0,309,False,False,share_air_time_valid < 0.5
PT,2023,0.0,7706.0,353,False,False,share_air_time_valid < 0.5
PT,2024,0.0,8689.0,407,False,False,share_air_time_valid < 0.5
PT,2025,0.0,8692.0,391,False,False,share_air_time_valid < 0.5
PY,1990,0.0,336.0,52,False,False,share_air_time_valid < 0.5
PY,1991,0.0,335.0,55,False,False,share_air_time_valid < 0.5
PY,1992,0.0,351.0,51,False,False,share_air_time_valid < 0.5
PY,1993,0.0,346.0,26,False,False,share_air_time_valid < 0.5
PY,1994,0.0,71.0,6,False,False,share_air_time_valid < 0.5
QA,2007,0.0,566.0,26,False,False,share_air_time_valid < 0.5
QA,2008,0.0,1330.0,50,False,False,share_air_time_valid < 0.5
QA,2009,0.0,2014.0,68,False,False,share_air_time_valid < 0.5
QA,2010,0.0,2190.0,72,False,False,share_air_time_valid < 0.5
QA,2011,0.0,2184.0,72,False,False,share_air_time_valid < 0.5
QA,2012,0.0,2196.0,72,False,False,share_air_time_valid < 0.5
QA,2013,0.0,2660.0,90,False,False,share_air_time_valid < 0.5
QA,2014,0.0,4194.0,140,False,False,share_air_time_valid < 0.5
QA,2015,0.0,5138.0,168,False,False,share_air_time_valid < 0.5
QA,2016,0.0,7238.0,224,False,False,share_air_time_valid < 0.5
QA,2017,0.0,7974.0,240,False,False,share_air_time_valid < 0.5
QA,2018,0.0,8008.0,240,False,False,share_air_time_valid < 0.5
QA,2019,0.0,7888.0,240,False,False,share_air_time_valid < 0.5
QA,2020,0.0,4452.0,160,True,False,share_air_time_valid < 0.5
QA,2021,0.0,7974.0,274,True,False,share_air_time_valid < 0.5
QA,2022,0.0,9422.0,288,False,False,share_air_time_valid < 0.5
QA,2023,0.0,9480.0,284,False,False,share_air_time_valid < 0.5
QA,2024,0.0,10948.0,264,False,False,share_air_time_valid < 0.5
QA,2025,0.0,10696.0,339,False,False,share_air_time_valid < 0.5
RO,1990,0.0,267.0,54,False,False,share_air_time_valid < 0.5
RO,1991,0.0,459.0,71,False,False,share_air_time_valid < 0.5
RO,1992,0.0,394.0,60,False,False,share_air_time_valid < 0.5
RO,1993,0.0,345.0,61,False,False,share_air_time_valid < 0.5
RO,1994,0.0,460.0,53,False,False,share_air_time_valid < 0.5
RO,1995,0.0,446.0,60,False,False,share_air_time_valid < 0.5
RO,1996,0.0,313.0,49,False,False,share_air_time_valid < 0.5
RO,1997,0.0,350.0,73,False,False,share_air_time_valid < 0.5
RO,1998,0.0,452.0,106,False,False,share_air_time_valid < 0.5
RO,1999,0.0,529.0,120,False,False,share_air_time_valid < 0.5
RO,2000,0.0,520.0,122,False,False,share_air_time_valid < 0.5
RO,2001,0.0,346.0,72,False,False,share_air_time_valid < 0.5
RO,2002,0.0,370.0,52,False,False,share_air_time_valid < 0.5
RO,2003,0.0,344.0,44,False,False,share_air_time_valid < 0.5
RS,2016,0.0,248.0,14,False,False,share_air_time_valid < 0.5
RS,2017,0.0,377.0,24,False,False,share_air_time_valid < 0.5
RS,2018,0.0,389.0,24,False,False,share_air_time_valid < 0.5
RS,2019,0.0,361.0,24,False,False,share_air_time_valid < 0.5
RS,2020,0.0,246.0,20,True,False,share_air_time_valid < 0.5
RS,2021,0.0,332.0,24,True,False,share_air_time_valid < 0.5
RS,2022,0.0,390.0,24,False,False,share_air_time_valid < 0.5
RS,2023,0.0,438.0,24,False,False,share_air_time_valid < 0.5
RS,2024,0.0,418.0,24,False,False,share_air_time_valid < 0.5
RS,2025,0.0,442.0,24,False,False,share_air_time_valid < 0.5
RU,1990,0.0,1188.0,165,False,True,share_air_time_valid < 0.5
RU,1991,0.0,1014.0,134,False,True,share_air_time_valid < 0.5
RU,1992,0.0,1295.0,151,False,True,share_air_time_valid < 0.5
RU,1993,0.0,1514.0,159,False,True,share_air_time_valid < 0.5
RU,1994,0.0,1225.0,160,False,True,share_air_time_valid < 0.5
RU,1995,0.0,2758.0,319,False,True,share_air_time_valid < 0.5
RU,1996,0.0,3218.0,428,False,True,share_air_time_valid < 0.5
RU,1997,0.0,2831.0,342,False,True,share_air_time_valid < 0.5
RU,1998,0.0,2932.0,324,False,True,share_air_time_valid < 0.5
RU,1999,0.0,2734.0,270,False,True,share_air_time_valid < 0.5
RU,2000,0.0,2115.0,195,False,True,share_air_time_valid < 0.5
RU,2001,0.0,1925.0,179,False,True,share_air_time_valid < 0.5
RU,2002,0.0,1675.0,175,False,True,share_air_time_valid < 0.5
RU,2003,0.0,1658.0,164,False,True,share_air_time_valid < 0.5
RU,2004,0.0,1628.0,126,False,True,share_air_time_valid < 0.5
RU,2005,0.0,1370.0,80,False,True,share_air_time_valid < 0.5
RU,2006,0.0,1254.0,60,False,True,share_air_time_valid < 0.5
RU,2007,0.0,2013.0,90,False,True,share_air_time_valid < 0.5
RU,2008,0.0,1629.0,85,False,True,share_air_time_valid < 0.5
RU,2009,0.0,1272.0,75,False,True,share_air_time_valid < 0.5
RU,2010,0.0,1405.0,89,False,True,share_air_time_valid < 0.5
RU,2011,0.0,1681.0,123,False,True,share_air_time_valid < 0.5
RU,2012,0.0,2253.0,129,False,True,share_air_time_valid < 0.5
RU,2013,0.0,17778.0,341,False,True,share_air_time_valid < 0.5
RU,2014,0.0,29786.0,455,False,True,share_air_time_valid < 0.5
RU,2015,0.0,27974.0,427,False,True,share_air_time_valid < 0.5
RU,2016,0.0,32181.0,502,False,True,share_air_time_valid < 0.5
RU,2017,0.0,36241.0,563,False,True,share_air_time_valid < 0.5
RU,2018,0.0,41120.0,557,False,True,share_air_time_valid < 0.5
RU,2019,0.0,44459.0,584,False,True,share_air_time_valid < 0.5
RU,2020,0.0,14602.0,322,True,True,share_air_time_valid < 0.5
RU,2021,0.0,2878.0,144,True,True,share_air_time_valid < 0.5
RU,2022,0.0,1446.0,66,False,True,share_air_time_valid < 0.5
RU,2023,0.0,3715.0,156,False,True,share_air_time_valid < 0.5
RU,2024,0.0,4377.0,180,False,True,share_air_time_valid < 0.5
RU,2025,0.0,5410.0,306,False,True,share_air_time_valid < 0.5
SA,1990,0.0,378.0,59,False,False,share_air_time_valid < 0.5
SA,1991,0.0,386.0,58,False,False,share_air_time_valid < 0.5
SA,1992,0.0,401.0,84,False,False,share_air_time_valid < 0.5
SA,1993,0.0,419.0,65,False,False,share_air_time_valid < 0.5
SA,1994,0.0,422.0,71,False,False,share_air_time_valid < 0.5
SA,1995,0.0,408.0,70,False,False,share_air_time_valid < 0.5
SA,1996,0.0,421.0,85,False,False,share_air_time_valid < 0.5
SA,1997,0.0,432.0,78,False,False,share_air_time_valid < 0.5
SA,1998,0.0,484.0,77,False,False,share_air_time_valid < 0.5
SA,1999,0.0,532.0,68,False,False,share_air_time_valid < 0.5
SA,2000,0.0,540.0,62,False,False,share_air_time_valid < 0.5
SA,2001,0.0,452.0,67,False,False,share_air_time_valid < 0.5
SA,2002,0.0,236.0,33,False,False,share_air_time_valid < 0.5
SA,2003,0.0,220.0,29,False,False,share_air_time_valid < 0.5
SA,2004,0.0,237.0,29,False,False,share_air_time_valid < 0.5
SA,2005,0.0,260.0,28,False,False,share_air_time_valid < 0.5
SA,2006,0.0,270.0,33,False,False,share_air_time_valid < 0.5
SA,2007,0.0,346.0,77,False,False,share_air_time_valid < 0.5
SA,2008,0.0,423.0,93,False,False,share_air_time_valid < 0.5
SA,2009,0.0,570.0,96,False,False,share_air_time_valid < 0.5
SA,2010,0.0,589.0,86,False,False,share_air_time_valid < 0.5
SA,2011,0.0,833.0,100,False,False,share_air_time_valid < 0.5
SA,2012,0.0,1195.0,99,False,False,share_air_time_valid < 0.5
SA,2013,0.0,1399.0,127,False,False,share_air_time_valid < 0.5
SA,2014,0.0,1692.0,121,False,False,share_air_time_valid < 0.5
SA,2015,0.0,1768.0,124,False,False,share_air_time_valid < 0.5
SA,2016,0.0,1850.0,128,False,False,share_air_time_valid < 0.5
SA,2017,0.0,1808.0,130,False,False,share_air_time_valid < 0.5
SA,2018,0.0,1748.0,123,False,False,share_air_time_valid < 0.5
SA,2019,0.0,1765.0,125,False,False,share_air_time_valid < 0.5
SA,2020,0.0,755.0,109,True,False,share_air_time_valid < 0.5
SA,2021,0.0,815.0,87,True,False,share_air_time_valid < 0.5
SA,2022,0.0,1565.0,120,False,False,share_air_time_valid < 0.5
SA,2023,0.0,1051.0,80,False,False,share_air_time_valid < 0.5
SA,2024,0.0,1617.0,115,False,False,share_air_time_valid < 0.5
SA,2025,0.0,1690.0,120,False,False,share_air_time_valid < 0.5
SE,1990,0.0,5319.0,285,False,False,share_air_time_valid < 0.5
SE,1991,0.0,4355.0,226,False,False,share_air_time_valid < 0.5
SE,1992,0.0,4272.0,210,False,False,share_air_time_valid < 0.5
SE,1993,0.0,4331.0,189,False,False,share_air_time_valid < 0.5
SE,1994,0.0,4024.0,162,False,False,share_air_time_valid < 0.5
SE,1995,0.0,4004.0,167,False,False,share_air_time_valid < 0.5
SE,1996,0.0,4158.0,181,False,False,share_air_time_valid < 0.5
SE,1997,0.0,3958.0,140,False,False,share_air_time_valid < 0.5
SE,1998,0.0,4204.0,140,False,False,share_air_time_valid < 0.5
SE,1999,0.0,4915.0,144,False,False,share_air_time_valid < 0.5
SE,2000,0.0,4869.0,146,False,False,share_air_time_valid < 0.5
SE,2001,0.0,4925.0,171,False,False,share_air_time_valid < 0.5
SE,2002,0.0,4752.0,163,False,False,share_air_time_valid < 0.5
SE,2003,0.0,5038.0,217,False,False,share_air_time_valid < 0.5
SE,2004,0.0,4517.0,197,False,False,share_air_time_valid < 0.5
SE,2005,0.0,4156.0,201,False,False,share_air_time_valid < 0.5
SE,2006,0.0,3938.0,195,False,False,share_air_time_valid < 0.5
SE,2007,0.0,4005.0,221,False,False,share_air_time_valid < 0.5
SE,2008,0.0,3852.0,190,False,False,share_air_time_valid < 0.5
SE,2009,0.0,3334.0,194,False,False,share_air_time_valid < 0.5
SE,2010,0.0,3257.0,200,False,False,share_air_time_valid < 0.5
SE,2011,0.0,3843.0,205,False,False,share_air_time_valid < 0.5
SE,2012,0.0,3856.0,199,False,False,share_air_time_valid < 0.5
SE,2013,0.0,4490.0,248,False,False,share_air_time_valid < 0.5
SE,2014,0.0,5136.0,238,False,False,share_air_time_valid < 0.5
SE,2015,0.0,5497.0,299,False,False,share_air_time_valid < 0.5
SE,2016,0.0,6666.0,318,False,False,share_air_time_valid < 0.5
SE,2017,0.0,7107.0,386,False,False,share_air_time_valid < 0.5
SE,2018,0.0,6624.0,403,False,False,share_air_time_valid < 0.5
SE,2019,0.0,6531.0,391,False,False,share_air_time_valid < 0.5
SE,2020,0.0,2097.0,165,True,False,share_air_time_valid < 0.5
SE,2021,0.0,2649.0,205,True,False,share_air_time_valid < 0.5
SE,2022,0.0,5640.0,339,False,False,share_air_time_valid < 0.5
SE,2023,0.0,7088.0,387,False,False,share_air_time_valid < 0.5
SE,2024,0.0,7137.0,322,False,False,share_air_time_valid < 0.5
SE,2025,0.0,7278.0,338,False,False,share_air_time_valid < 0.5
SG,1990,0.0,1771.0,74,False,False,share_air_time_valid < 0.5
SG,1991,0.0,1782.0,80,False,False,share_air_time_valid < 0.5
SG,1992,0.0,2249.0,110,False,False,share_air_time_valid < 0.5
SG,1993,0.0,2768.0,124,False,False,share_air_time_valid < 0.5
SG,1994,0.0,2896.0,123,False,False,share_air_time_valid < 0.5
SG,1995,0.0,3070.0,132,False,False,share_air_time_valid < 0.5
SG,1996,0.0,3396.0,144,False,False,share_air_time_valid < 0.5
SG,1997,0.0,3446.0,145,False,False,share_air_time_valid < 0.5
SG,1998,0.0,3683.0,152,False,False,share_air_time_valid < 0.5
SG,1999,0.0,3890.0,144,False,False,share_air_time_valid < 0.5
SG,2000,0.0,4078.0,144,False,False,share_air_time_valid < 0.5
SG,2001,0.0,4048.0,155,False,False,share_air_time_valid < 0.5
SG,2002,0.0,4221.0,172,False,False,share_air_time_valid < 0.5
SG,2003,0.0,4209.0,170,False,False,share_air_time_valid < 0.5
SG,2004,0.0,4904.0,168,False,False,share_air_time_valid < 0.5
SG,2005,0.0,5110.0,170,False,False,share_air_time_valid < 0.5
SG,2006,0.0,5108.0,170,False,False,share_air_time_valid < 0.5
SG,2007,0.0,5110.0,186,False,False,share_air_time_valid < 0.5
SG,2008,0.0,4796.0,178,False,False,share_air_time_valid < 0.5
SG,2009,0.0,4484.0,170,False,False,share_air_time_valid < 0.5
SG,2010,0.0,4734.0,170,False,False,share_air_time_valid < 0.5
SG,2011,0.0,4948.0,172,False,False,share_air_time_valid < 0.5
SG,2012,0.0,4689.0,174,False,False,share_air_time_valid < 0.5
SG,2013,0.0,4449.0,166,False,False,share_air_time_valid < 0.5
SG,2014,0.0,3461.0,120,False,False,share_air_time_valid < 0.5
SG,2015,0.0,3439.0,120,False,False,share_air_time_valid < 0.5
SG,2016,0.0,3591.0,132,False,False,share_air_time_valid < 0.5
SG,2017,0.0,4155.0,146,False,False,share_air_time_valid < 0.5
SG,2018,0.0,4406.0,152,False,False,share_air_time_valid < 0.5
SG,2019,0.0,5634.0,176,False,False,share_air_time_valid < 0.5
SG,2020,0.0,1529.0,66,True,False,share_air_time_valid < 0.5
SG,2021,0.0,1838.0,66,True,False,share_air_time_valid < 0.5
SG,2022,0.0,5318.0,173,False,False,share_air_time_valid < 0.5
SG,2023,0.0,7127.0,230,False,False,share_air_time_valid < 0.5
SG,2024,0.0,7536.0,264,False,False,share_air_time_valid < 0.5
SG,2025,0.0,6168.0,212,False,False,share_air_time_valid < 0.5
SR,1990,0.0,173.0,45,False,False,share_air_time_valid < 0.5
SR,1991,0.0,238.0,48,False,False,share_air_time_valid < 0.5
SR,1992,0.0,213.0,36,False,False,share_air_time_valid < 0.5
SR,1993,0.0,70.0,8,False,False,share_air_time_valid < 0.5
SR,2000,0.0,17.0,2,False,False,share_air_time_valid < 0.5
SR,2001,0.0,208.0,36,False,False,share_air_time_valid < 0.5
SR,2002,0.0,51.0,10,False,False,share_air_time_valid < 0.5
SR,2010,0.0,207.0,18,False,False,share_air_time_valid < 0.5
SR,2011,0.0,295.0,24,False,False,share_air_time_valid < 0.5
SR,2012,0.0,453.0,42,False,False,share_air_time_valid < 0.5
SR,2013,0.0,495.0,48,False,False,share_air_time_valid < 0.5
SR,2014,0.0,530.0,48,False,False,share_air_time_valid < 0.5
SR,2015,0.0,549.0,56,False,False,share_air_time_valid < 0.5
SR,2016,0.0,641.0,58,False,False,share_air_time_valid < 0.5
SR,2017,0.0,664.0,80,False,False,share_air_time_valid < 0.5
SR,2018,0.0,543.0,57,False,False,share_air_time_valid < 0.5
SR,2019,0.0,566.0,62,False,False,share_air_time_valid < 0.5
SR,2020,0.0,129.0,28,True,False,share_air_time_valid < 0.5
SR,2021,0.0,140.0,33,True,False,share_air_time_valid < 0.5
SR,2022,0.0,182.0,27,False,False,share_air_time_valid < 0.5
SR,2023,0.0,325.0,26,False,False,share_air_time_valid < 0.5
SR,2024,0.0,632.0,44,False,False,share_air_time_valid < 0.5
SR,2025,0.0,400.0,32,False,False,share_air_time_valid < 0.5
TG,2023,0.0,1.0,1,False,False,share_air_time_valid < 0.5
TG,2024,0.0,7.0,7,False,False,share_air_time_valid < 0.5
TG,2025,0.0,6.0,6,False,False,share_air_time_valid < 0.5
TH,1990,0.0,750.0,58,False,False,share_air_time_valid < 0.5
TH,1991,0.0,1483.0,90,False,False,share_air_time_valid < 0.5
TH,1992,0.0,1311.0,103,False,False,share_air_time_valid < 0.5
TH,1993,0.0,846.0,68,False,False,share_air_time_valid < 0.5
TH,1994,0.0,418.0,25,False,False,share_air_time_valid < 0.5
TH,1995,0.0,416.0,24,False,False,share_air_time_valid < 0.5
TH,1996,0.0,417.0,25,False,False,share_air_time_valid < 0.5
TH,1997,0.0,626.0,40,False,False,share_air_time_valid < 0.5
TH,1998,0.0,728.0,30,False,False,share_air_time_valid < 0.5
TH,1999,0.0,730.0,44,False,False,share_air_time_valid < 0.5
TH,2000,0.0,733.0,48,False,False,share_air_time_valid < 0.5
TH,2001,0.0,711.0,48,False,False,share_air_time_valid < 0.5
TH,2002,0.0,641.0,45,False,False,share_air_time_valid < 0.5
TH,2003,0.0,650.0,44,False,False,share_air_time_valid < 0.5
TH,2004,0.0,494.0,30,False,False,share_air_time_valid < 0.5
TH,2005,0.0,806.0,51,False,False,share_air_time_valid < 0.5
TH,2006,0.0,812.0,54,False,False,share_air_time_valid < 0.5
TH,2007,0.0,1324.0,60,False,False,share_air_time_valid < 0.5
TH,2008,0.0,1098.0,46,False,False,share_air_time_valid < 0.5
TH,2009,0.0,492.0,24,False,False,share_air_time_valid < 0.5
TH,2010,0.0,730.0,24,False,False,share_air_time_valid < 0.5
TH,2011,0.0,728.0,24,False,False,share_air_time_valid < 0.5
TH,2012,0.0,470.0,28,False,False,share_air_time_valid < 0.5
TH,2013,0.0,418.0,24,False,False,share_air_time_valid < 0.5
TH,2014,0.0,417.0,32,False,False,share_air_time_valid < 0.5
TH,2015,0.0,339.0,22,False,False,share_air_time_valid < 0.5
TR,1990,0.0,368.0,26,False,False,share_air_time_valid < 0.5
TR,1991,0.0,496.0,34,False,False,share_air_time_valid < 0.5
TR,1992,0.0,788.0,42,False,False,share_air_time_valid < 0.5
TR,1993,0.0,654.0,24,False,False,share_air_time_valid < 0.5
TR,1994,0.0,726.0,30,False,False,share_air_time_valid < 0.5
TR,1995,0.0,728.0,37,False,False,share_air_time_valid < 0.5
TR,1996,0.0,732.0,29,False,False,share_air_time_valid < 0.5
TR,1997,0.0,942.0,40,False,False,share_air_time_valid < 0.5
TR,1998,0.0,1042.0,48,False,False,share_air_time_valid < 0.5
TR,1999,0.0,1212.0,66,False,False,share_air_time_valid < 0.5
TR,2000,0.0,1452.0,76,False,False,share_air_time_valid < 0.5
TR,2001,0.0,1416.0,66,False,False,share_air_time_valid < 0.5
TR,2002,0.0,1022.0,48,False,False,share_air_time_valid < 0.5
TR,2003,0.0,1083.0,48,False,False,share_air_time_valid < 0.5
TR,2004,0.0,1086.0,48,False,False,share_air_time_valid < 0.5
TR,2005,0.0,1092.0,48,False,False,share_air_time_valid < 0.5
TR,2006,0.0,1072.0,52,False,False,share_air_time_valid < 0.5
TR,2007,0.0,1138.0,76,False,False,share_air_time_valid < 0.5
TR,2008,0.0,1100.0,82,False,False,share_air_time_valid < 0.5
TR,2009,0.0,1334.0,94,False,False,share_air_time_valid < 0.5
TR,2010,0.0,1608.0,102,False,False,share_air_time_valid < 0.5
TR,2011,0.0,2842.0,154,False,False,share_air_time_valid < 0.5
TR,2012,0.0,3726.0,138,False,False,share_air_time_valid < 0.5
TR,2013,0.0,4568.0,162,False,False,share_air_time_valid < 0.5
TR,2014,0.0,5235.0,178,False,False,share_air_time_valid < 0.5
TR,2015,0.0,6301.0,208,False,False,share_air_time_valid < 0.5
TR,2016,0.0,7519.0,252,False,False,share_air_time_valid < 0.5
TR,2017,0.0,7065.0,246,False,False,share_air_time_valid < 0.5
TR,2018,0.0,7277.0,240,False,False,share_air_time_valid < 0.5
TR,2019,0.0,7319.0,262,False,False,share_air_time_valid < 0.5
TR,2020,0.0,3645.0,242,True,False,share_air_time_valid < 0.5
TR,2021,0.0,7860.0,388,True,False,share_air_time_valid < 0.5
TR,2022,0.0,11627.0,467,False,False,share_air_time_valid < 0.5
TR,2023,0.0,12588.0,526,False,False,share_air_time_valid < 0.5
TR,2024,0.0,14189.0,641,False,False,share_air_time_valid < 0.5
TR,2025,0.0,15313.0,654,False,False,share_air_time_valid < 0.5
TT,1990,0.0,4957.0,342,False,False,share_air_time_valid < 0.5
TT,1991,0.0,5412.0,341,False,False,share_air_time_valid < 0.5
TT,1992,0.0,5132.0,288,False,False,share_air_time_valid < 0.5
TT,1993,0.0,3603.0,155,False,False,share_air_time_valid < 0.5
TT,1994,0.0,3204.0,192,False,False,share_air_time_valid < 0.5
TT,1995,0.0,3701.0,177,False,False,share_air_time_valid < 0.5
TT,1996,0.0,3507.0,261,False,False,share_air_time_valid < 0.5
TT,1997,0.0,3461.0,250,False,False,share_air_time_valid < 0.5
TT,1998,0.0,3502.0,227,False,False,share_air_time_valid < 0.5
TT,1999,0.0,3675.0,263,False,False,share_air_time_valid < 0.5
TT,2000,0.0,4063.0,255,False,False,share_air_time_valid < 0.5
TT,2001,0.0,4336.0,246,False,False,share_air_time_valid < 0.5
TT,2002,0.0,3941.0,239,False,False,share_air_time_valid < 0.5
TT,2003,0.0,3407.0,192,False,False,share_air_time_valid < 0.5
TT,2004,0.0,3544.0,199,False,False,share_air_time_valid < 0.5
TT,2005,0.0,3480.0,207,False,False,share_air_time_valid < 0.5
TT,2006,0.0,3407.0,185,False,False,share_air_time_valid < 0.5
TT,2007,0.0,1752.0,57,False,False,share_air_time_valid < 0.5
TT,2008,0.0,2868.0,64,False,False,share_air_time_valid < 0.5
TT,2009,0.0,3730.0,78,False,False,share_air_time_valid < 0.5
TT,2010,0.0,4005.0,90,False,False,share_air_time_valid < 0.5
TT,2011,0.0,7452.0,253,False,False,share_air_time_valid < 0.5
TT,2012,0.0,9987.0,328,False,False,share_air_time_valid < 0.5
TT,2013,0.0,8023.0,298,False,False,share_air_time_valid < 0.5
TT,2014,0.0,8265.0,300,False,False,share_air_time_valid < 0.5
TT,2015,0.0,8175.0,308,False,False,share_air_time_valid < 0.5
TT,2016,0.0,7864.0,265,False,False,share_air_time_valid < 0.5
TT,2017,0.0,7589.0,257,False,False,share_air_time_valid < 0.5
TT,2018,0.0,7393.0,273,False,False,share_air_time_valid < 0.5
TT,2019,0.0,7006.0,259,False,False,share_air_time_valid < 0.5
TT,2020,0.0,2014.0,115,True,False,share_air_time_valid < 0.5
TT,2021,0.0,1821.0,159,True,False,share_air_time_valid < 0.5
TT,2022,0.0,3468.0,288,False,False,share_air_time_valid < 0.5
TT,2023,0.0,4033.0,208,False,False,share_air_time_valid < 0.5
TT,2024,0.0,4155.0,219,False,False,share_air_time_valid < 0.5
TT,2025,0.0,5613.0,292,False,False,share_air_time_valid < 0.5
TW,1990,0.0,1870.0,136,False,False,share_air_time_valid < 0.5
TW,1991,0.0,1820.0,150,False,False,share_air_time_valid < 0.5
TW,1992,0.0,2051.0,162,False,False,share_air_time_valid < 0.5
TW,1993,0.0,3523.0,189,False,False,share_air_time_valid < 0.5
TW,1994,0.0,5096.0,263,False,False,share_air_time_valid < 0.5
TW,1995,0.0,6176.0,259,False,False,share_air_time_valid < 0.5
TW,1996,0.0,6912.0,312,False,False,share_air_time_valid < 0.5
TW,1997,0.0,7007.0,331,False,False,share_air_time_valid < 0.5
TW,1998,0.0,7142.0,305,False,False,share_air_time_valid < 0.5
TW,1999,0.0,7119.0,301,False,False,share_air_time_valid < 0.5
TW,2000,0.0,7223.0,270,False,False,share_air_time_valid < 0.5
TW,2001,0.0,6482.0,244,False,False,share_air_time_valid < 0.5
TW,2002,0.0,6768.0,240,False,False,share_air_time_valid < 0.5
TW,2003,0.0,6707.0,254,False,False,share_air_time_valid < 0.5
TW,2004,0.0,7154.0,278,False,False,share_air_time_valid < 0.5
TW,2005,0.0,7646.0,288,False,False,share_air_time_valid < 0.5
TW,2006,0.0,7892.0,297,False,False,share_air_time_valid < 0.5
TW,2007,0.0,7742.0,306,False,False,share_air_time_valid < 0.5
TW,2008,0.0,7408.0,321,False,False,share_air_time_valid < 0.5
TW,2009,0.0,7109.0,300,False,False,share_air_time_valid < 0.5
TW,2010,0.0,6871.0,279,False,False,share_air_time_valid < 0.5
TW,2011,0.0,6811.0,269,False,False,share_air_time_valid < 0.5
TW,2012,0.0,7274.0,276,False,False,share_air_time_valid < 0.5
TW,2013,0.0,7854.0,319,False,False,share_air_time_valid < 0.5
TW,2014,0.0,8520.0,337,False,False,share_air_time_valid < 0.5
TW,2015,0.0,9106.0,335,False,False,share_air_time_valid < 0.5
TW,2016,0.0,10260.0,332,False,False,share_air_time_valid < 0.5
TW,2017,0.0,11394.0,306,False,False,share_air_time_valid < 0.5
TW,2018,0.0,10354.0,288,False,False,share_air_time_valid < 0.5
TW,2019,0.0,10257.0,296,False,False,share_air_time_valid < 0.5
TW,2020,0.0,5612.0,231,True,False,share_air_time_valid < 0.5
TW,2021,0.0,3697.0,212,True,False,share_air_time_valid < 0.5
TW,2022,0.0,5007.0,219,False,False,share_air_time_valid < 0.5
TW,2023,0.0,9729.0,301,False,False,share_air_time_valid < 0.5
TW,2024,0.0,10769.0,336,False,False,share_air_time_valid < 0.5
TW,2025,0.0,11204.0,355,False,False,share_air_time_valid < 0.5
UA,1993,0.0,54.0,4,False,False,share_air_time_valid < 0.5
UA,1994,0.0,400.0,40,False,False,share_air_time_valid < 0.5
UA,1995,0.0,336.0,31,False,False,share_air_time_valid < 0.5
UA,1996,0.0,250.0,37,False,False,share_air_time_valid < 0.5
UA,1997,0.0,250.0,33,False,False,share_air_time_valid < 0.5
UA,1998,0.0,258.0,37,False,False,share_air_time_valid < 0.5
UA,1999,0.0,23.0,6,False,False,share_air_time_valid < 0.5
UA,2003,0.0,190.0,20,False,False,share_air_time_valid < 0.5
UA,2004,0.0,308.0,24,False,False,share_air_time_valid < 0.5
UA,2005,0.0,396.0,24,False,False,share_air_time_valid < 0.5
UA,2006,0.0,422.0,24,False,False,share_air_time_valid < 0.5
UA,2007,0.0,432.0,24,False,False,share_air_time_valid < 0.5
UA,2008,0.0,444.0,23,False,False,share_air_time_valid < 0.5
UA,2009,0.0,428.0,24,False,False,share_air_time_valid < 0.5
UA,2010,0.0,440.0,22,False,False,share_air_time_valid < 0.5
UA,2011,0.0,518.0,24,False,False,share_air_time_valid < 0.5
UA,2012,0.0,512.0,24,False,False,share_air_time_valid < 0.5
UA,2013,0.0,26.0,2,False,False,share_air_time_valid < 0.5
UA,2014,0.0,141.0,9,False,False,share_air_time_valid < 0.5
UA,2015,0.0,446.0,24,False,False,share_air_time_valid < 0.5
UA,2016,0.0,517.0,21,False,False,share_air_time_valid < 0.5
UA,2017,0.0,647.0,24,False,False,share_air_time_valid < 0.5
UA,2018,0.0,657.0,24,False,False,share_air_time_valid < 0.5
UA,2019,0.0,639.0,24,False,False,share_air_time_valid < 0.5
UA,2020,0.0,104.0,10,True,False,share_air_time_valid < 0.5
UA,2022,0.0,612.0,16,False,False,share_air_time_valid < 0.5
UA,2023,0.0,976.0,24,False,False,share_air_time_valid < 0.5
UA,2024,0.0,1173.0,34,False,False,share_air_time_valid < 0.5
UA,2025,0.0,1605.0,48,False,False,share_air_time_valid < 0.5
UZ,1995,0.0,82.0,19,False,False,share_air_time_valid < 0.5
UZ,1996,0.0,148.0,24,False,False,share_air_time_valid < 0.5
UZ,1997,0.0,130.0,24,False,False,share_air_time_valid < 0.5
UZ,1998,0.0,134.0,24,False,False,share_air_time_valid < 0.5
UZ,1999,0.0,208.0,24,False,False,share_air_time_valid < 0.5
UZ,2000,0.0,244.0,24,False,False,share_air_time_valid < 0.5
UZ,2001,0.0,208.0,30,False,False,share_air_time_valid < 0.5
UZ,2002,0.0,220.0,24,False,False,share_air_time_valid < 0.5
UZ,2003,0.0,208.0,26,False,False,share_air_time_valid < 0.5
UZ,2004,0.0,208.0,26,False,False,share_air_time_valid < 0.5
UZ,2005,0.0,194.0,24,False,False,share_air_time_valid < 0.5
UZ,2006,0.0,160.0,24,False,False,share_air_time_valid < 0.5
UZ,2007,0.0,134.0,24,False,False,share_air_time_valid < 0.5
UZ,2008,0.0,94.0,22,False,False,share_air_time_valid < 0.5
UZ,2009,0.0,104.0,24,False,False,share_air_time_valid < 0.5
UZ,2010,0.0,138.0,24,False,False,share_air_time_valid < 0.5
UZ,2011,0.0,136.0,24,False,False,share_air_time_valid < 0.5
UZ,2012,0.0,136.0,24,False,False,share_air_time_valid < 0.5
UZ,2013,0.0,138.0,24,False,False,share_air_time_valid < 0.5
UZ,2014,0.0,144.0,24,False,False,share_air_time_valid < 0.5
UZ,2015,0.0,140.0,24,False,False,share_air_time_valid < 0.5
UZ,2016,0.0,164.0,24,False,False,share_air_time_valid < 0.5
UZ,2017,0.0,166.0,24,False,False,share_air_time_valid < 0.5
UZ,2018,0.0,216.0,24,False,False,share_air_time_valid < 0.5
UZ,2019,0.0,266.0,24,False,False,share_air_time_valid < 0.5
UZ,2020,0.0,86.0,20,True,False,share_air_time_valid < 0.5
UZ,2021,0.0,154.0,24,True,False,share_air_time_valid < 0.5
UZ,2022,0.0,268.0,24,False,False,share_air_time_valid < 0.5
UZ,2023,0.0,362.0,24,False,False,share_air_time_valid < 0.5
UZ,2024,0.0,378.0,24,False,False,share_air_time_valid < 0.5
UZ,2025,0.0,452.0,24,False,False,share_air_time_valid < 0.5
VE,1991,0.0,68.0,4,False,False,share_air_time_valid < 0.5
VE,1992,0.0,1130.0,42,False,False,share_air_time_valid < 0.5
VE,1993,0.0,1081.0,36,False,False,share_air_time_valid < 0.5
VE,1994,0.0,734.0,25,False,False,share_air_time_valid < 0.5
VE,1995,0.0,606.0,24,False,False,share_air_time_valid < 0.5
VE,1996,0.0,523.0,43,False,False,share_air_time_valid < 0.5
VE,1997,0.0,50.0,4,False,False,share_air_time_valid < 0.5
VE,2007,0.0,355.0,13,False,False,share_air_time_valid < 0.5
VE,2008,0.0,823.0,17,False,False,share_air_time_valid < 0.5
VE,2009,0.0,943.0,17,False,False,share_air_time_valid < 0.5
VE,2010,0.0,1437.0,29,False,False,share_air_time_valid < 0.5
VE,2011,0.0,1880.0,24,False,False,share_air_time_valid < 0.5
VE,2012,0.0,2136.0,24,False,False,share_air_time_valid < 0.5
VE,2013,0.0,2203.0,24,False,False,share_air_time_valid < 0.5
VE,2014,0.0,2178.0,24,False,False,share_air_time_valid < 0.5
VE,2015,0.0,2096.0,24,False,False,share_air_time_valid < 0.5
VE,2016,0.0,2091.0,24,False,False,share_air_time_valid < 0.5
VE,2017,0.0,895.0,22,False,False,share_air_time_valid < 0.5
WS,1990,0.0,380.0,20,False,False,share_air_time_valid < 0.5
WS,1991,0.0,334.0,24,False,False,share_air_time_valid < 0.5
WS,1992,0.0,393.0,26,False,False,share_air_time_valid < 0.5
WS,1993,0.0,640.0,56,False,False,share_air_time_valid < 0.5
WS,1994,0.0,474.0,51,False,False,share_air_time_valid < 0.5
WS,2000,0.0,22.0,4,False,False,share_air_time_valid < 0.5
WS,2001,0.0,136.0,24,False,False,share_air_time_valid < 0.5
WS,2002,0.0,1533.0,41,False,False,share_air_time_valid < 0.5
WS,2003,0.0,4994.0,88,False,False,share_air_time_valid < 0.5
WS,2004,0.0,6543.0,105,False,False,share_air_time_valid < 0.5
WS,2005,0.0,4123.0,97,False,False,share_air_time_valid < 0.5
WS,2006,0.0,3423.0,91,False,False,share_air_time_valid < 0.5
WS,2007,0.0,3528.0,73,False,False,share_air_time_valid < 0.5
WS,2008,0.0,3111.0,33,False,False,share_air_time_valid < 0.5
WS,2009,0.0,3797.0,24,False,False,share_air_time_valid < 0.5
WS,2010,0.0,3838.0,22,False,False,share_air_time_valid < 0.5
WS,2011,0.0,4242.0,24,False,False,share_air_time_valid < 0.5
WS,2012,0.0,4376.0,24,False,False,share_air_time_valid < 0.5
WS,2013,0.0,4438.0,24,False,False,share_air_time_valid < 0.5
WS,2014,0.0,5293.0,25,False,False,share_air_time_valid < 0.5
WS,2015,0.0,6370.0,24,False,False,share_air_time_valid < 0.5
WS,2016,0.0,6592.0,24,False,False,share_air_time_valid < 0.5
WS,2017,0.0,5792.0,24,False,False,share_air_time_valid < 0.5
WS,2018,0.0,6140.0,24,False,False,share_air_time_valid < 0.5
WS,2019,0.0,5654.0,24,False,False,share_air_time_valid < 0.5
WS,2020,0.0,758.0,12,True,False,share_air_time_valid < 0.5
WS,2021,0.0,217.0,17,True,False,share_air_time_valid < 0.5
WS,2022,0.0,128.0,7,False,False,share_air_time_valid < 0.5
ZA,1991,0.0,44.0,6,False,False,share_air_time_valid < 0.5
ZA,1992,0.0,364.0,41,False,False,share_air_time_valid < 0.5
ZA,1993,0.0,524.0,74,False,False,share_air_time_valid < 0.5
ZA,1994,0.0,601.0,74,False,False,share_air_time_valid < 0.5
ZA,1995,0.0,632.0,72,False,False,share_air_time_valid < 0.5
ZA,1996,0.0,832.0,76,False,False,share_air_time_valid < 0.5
ZA,1997,0.0,1158.0,72,False,False,share_air_time_valid < 0.5
ZA,1998,0.0,1280.0,72,False,False,share_air_time_valid < 0.5
ZA,1999,0.0,1452.0,70,False,False,share_air_time_valid < 0.5
ZA,2000,0.0,1462.0,83,False,False,share_air_time_valid < 0.5
ZA,2001,0.0,1626.0,103,False,False,share_air_time_valid < 0.5
ZA,2002,0.0,1287.0,74,False,False,share_air_time_valid < 0.5
ZA,2003,0.0,1416.0,77,False,False,share_air_time_valid < 0.5
ZA,2004,0.0,1460.0,66,False,False,share_air_time_valid < 0.5
ZA,2005,0.0,1639.0,61,False,False,share_air_time_valid < 0.5
ZA,2006,0.0,1664.0,64,False,False,share_air_time_valid < 0.5
ZA,2007,0.0,1453.0,52,False,False,share_air_time_valid < 0.5
ZA,2008,0.0,1561.0,53,False,False,share_air_time_valid < 0.5
ZA,2009,0.0,1266.0,48,False,False,share_air_time_valid < 0.5
ZA,2010,0.0,1363.0,48,False,False,share_air_time_valid < 0.5
ZA,2011,0.0,1452.0,48,False,False,share_air_time_valid < 0.5
ZA,2012,0.0,1440.0,48,False,False,share_air_time_valid < 0.5
ZA,2013,0.0,1441.0,48,False,False,share_air_time_valid < 0.5
ZA,2014,0.0,1460.0,48,False,False,share_air_time_valid < 0.5
ZA,2015,0.0,1492.0,58,False,False,share_air_time_valid < 0.5
ZA,2016,0.0,1458.0,72,False,False,share_air_time_valid < 0.5
ZA,2017,0.0,1452.0,72,False,False,share_air_time_valid < 0.5
ZA,2018,0.0,1440.0,72,False,False,share_air_time_valid < 0.5
ZA,2019,0.0,1426.0,65,False,False,share_air_time_valid < 0.5
ZA,2020,0.0,302.0,12,True,False,share_air_time_valid < 0.5
ZM,1990,0.0,1687.0,169,False,False,share_air_time_valid < 0.5
ZM,1991,0.0,1576.0,146,False,False,share_air_time_valid < 0.5
ZM,1992,0.0,1746.0,136,False,False,share_air_time_valid < 0.5
ZM,1993,0.0,1662.0,142,False,False,share_air_time_valid < 0.5
ZM,1994,0.0,1477.0,131,False,False,share_air_time_valid < 0.5
ZM,1995,0.0,1523.0,108,False,False,share_air_time_valid < 0.5
ZM,1996,0.0,1459.0,149,False,False,share_air_time_valid < 0.5
ZM,1997,0.0,1623.0,177,False,False,share_air_time_valid < 0.5
ZM,1998,0.0,1700.0,148,False,False,share_air_time_valid < 0.5
ZM,1999,0.0,1724.0,131,False,False,share_air_time_valid < 0.5
ZM,2000,0.0,1757.0,85,False,False,share_air_time_valid < 0.5
ZM,2001,0.0,1858.0,78,False,False,share_air_time_valid < 0.5
ZM,2002,0.0,1237.0,80,False,False,share_air_time_valid < 0.5
ZM,2003,0.0,2042.0,58,False,False,share_air_time_valid < 0.5
ZM,2004,0.0,356.0,12,False,False,share_air_time_valid < 0.5
