corridor,nation,year,n_rows,n_air_time_valid,n_air_time_zero,n_air_time_null,n_ramp_valid,n_ramp_zero,n_ramp_null,dep_total,median_departures,dep_home0,share_air_time_valid,share_air_time_zero,share_air_time_null,share_ramp_valid,share_ramp_zero,share_ramp_null,share_dep_home0,covid_flag,match_sensitive,gate_g6_pass,directions
useastasia,BR,1990,24,0,24,0,0,24,0,399.0,17.0,0.0,0.0,1.0,0.0,0.0,1.0,0.0,0.0,False,False,False,both (US-origin outbound + US-destination inbound pooled)
useastasia,BR,1991,24,0,24,0,0,24,0,415.0,17.0,0.0,0.0,1.0,0.0,0.0,1.0,0.0,0.0,False,False,False,both (US-origin outbound + US-destination inbound pooled)
useastasia,BR,1992,24,0,24,0,0,24,0,418.0,17.0,0.0,0.0,1.0,0.0,0.0,1.0,0.0,0.0,False,False,False,both (US-origin outbound + US-destination inbound pooled)
useastasia,BR,1993,25,0,25,0,0,25,0,418.0,17.0,0.0,0.0,1.0,0.0,0.0,1.0,0.0,0.0,False,False,False,both (US-origin outbound + US-destination inbound pooled)
useastasia,BR,1994,26,0,26,0,0,26,0,416.0,17.0,0.0,0.0,1.0,0.0,0.0,1.0,0.0,0.0,False,False,False,both (US-origin outbound + US-destination inbound pooled)
useastasia,BR,1995,25,0,25,0,0,25,0,417.0,17.0,0.0,0.0,1.0,0.0,0.0,1.0,0.0,0.0,False,False,False,both (US-origin outbound + US-destination inbound pooled)
useastasia,BR,1996,26,0,26,0,0,26,0,416.0,17.0,0.0,0.0,1.0,0.0,0.0,1.0,0.0,0.0,False,False,False,both (US-origin outbound + US-destination inbound pooled)
useastasia,BR,1997,24,0,24,0,0,24,0,411.0,17.0,0.0,0.0,1.0,0.0,0.0,1.0,0.0,0.0,False,False,False,both (US-origin outbound + US-destination inbound pooled)
useastasia,BR,1998,26,0,26,0,0,26,0,418.0,17.0,0.0,0.0,1.0,0.0,0.0,1.0,0.0,0.0,False,False,False,both (US-origin outbound + US-destination inbound pooled)
useastasia,BR,1999,24,0,24,0,0,24,0,419.0,17.5,0.0,0.0,1.0,0.0,0.0,1.0,0.0,0.0,False,False,False,both (US-origin outbound + US-destination inbound pooled)
useastasia,BR,2000,24,0,24,0,0,24,0,418.0,17.0,0.0,0.0,1.0,0.0,0.0,1.0,0.0,0.0,False,False,False,both (US-origin outbound + US-destination inbound pooled)
useastasia,BR,2001,24,0,24,0,0,24,0,412.0,17.5,0.0,0.0,1.0,0.0,0.0,1.0,0.0,0.0,False,False,False,both (US-origin outbound + US-destination inbound pooled)
useastasia,BR,2002,25,0,25,0,0,25,0,418.0,17.0,0.0,0.0,1.0,0.0,0.0,1.0,0.0,0.0,False,False,False,both (US-origin outbound + US-destination inbound pooled)
useastasia,BR,2003,24,0,24,0,0,24,0,403.0,17.0,0.0,0.0,1.0,0.0,0.0,1.0,0.0,0.0,False,False,False,both (US-origin outbound + US-destination inbound pooled)
useastasia,BR,2004,24,0,24,0,0,24,0,417.0,17.0,0.0,0.0,1.0,0.0,0.0,1.0,0.0,0.0,False,False,False,both (US-origin outbound + US-destination inbound pooled)
useastasia,BR,2005,24,0,24,0,0,24,0,411.0,17.0,0.0,0.0,1.0,0.0,0.0,1.0,0.0,0.0,False,False,False,both (US-origin outbound + US-destination inbound pooled)
useastasia,BR,2006,2,0,2,0,0,2,0,15.0,7.5,0.0,0.0,1.0,0.0,0.0,1.0,0.0,0.0,False,False,False,both (US-origin outbound + US-destination inbound pooled)
useastasia,CA,1996,1,0,1,0,0,1,0,2.0,2.0,0.0,0.0,1.0,0.0,0.0,1.0,0.0,0.0,False,False,False,both (US-origin outbound + US-destination inbound pooled)
useastasia,CA,2001,2,0,2,0,0,2,0,2.0,1.0,0.0,0.0,1.0,0.0,0.0,1.0,0.0,0.0,False,False,False,both (US-origin outbound + US-destination inbound pooled)
useastasia,CA,2003,2,0,2,0,0,2,0,2.0,1.0,0.0,0.0,1.0,0.0,0.0,1.0,0.0,0.0,False,False,False,both (US-origin outbound + US-destination inbound pooled)
useastasia,CA,2004,3,0,3,0,0,3,0,3.0,1.0,0.0,0.0,1.0,0.0,0.0,1.0,0.0,0.0,False,False,False,both (US-origin outbound + US-destination inbound pooled)
useastasia,CA,2006,2,0,2,0,0,2,0,2.0,1.0,0.0,0.0,1.0,0.0,0.0,1.0,0.0,0.0,False,False,False,both (US-origin outbound + US-destination inbound pooled)
useastasia,CA,2007,2,0,2,0,0,2,0,2.0,1.0,0.0,0.0,1.0,0.0,0.0,1.0,0.0,0.0,False,False,False,both (US-origin outbound + US-destination inbound pooled)
useastasia,CA,2008,7,0,7,0,0,7,0,7.0,1.0,0.0,0.0,1.0,0.0,0.0,1.0,0.0,0.0,False,False,False,both (US-origin outbound + US-destination inbound pooled)
useastasia,CA,2009,3,0,3,0,0,3,0,3.0,1.0,0.0,0.0,1.0,0.0,0.0,1.0,0.0,0.0,False,False,False,both (US-origin outbound + US-destination inbound pooled)
useastasia,CA,2010,4,0,4,0,0,4,0,4.0,1.0,0.0,0.0,1.0,0.0,0.0,1.0,0.0,0.0,False,False,False,both (US-origin outbound + US-destination inbound pooled)
useastasia,CA,2011,4,0,4,0,0,4,0,4.0,1.0,0.0,0.0,1.0,0.0,0.0,1.0,0.0,0.0,False,False,False,both (US-origin outbound + US-destination inbound pooled)
useastasia,CA,2012,2,0,2,0,0,2,0,2.0,1.0,0.0,0.0,1.0,0.0,0.0,1.0,0.0,0.0,False,False,False,both (US-origin outbound + US-destination inbound pooled)
useastasia,CA,2013,6,0,6,0,0,6,0,6.0,1.0,0.0,0.0,1.0,0.0,0.0,1.0,0.0,0.0,False,False,False,both (US-origin outbound + US-destination inbound pooled)
useastasia,CA,2014,1,0,1,0,0,1,0,1.0,1.0,0.0,0.0,1.0,0.0,0.0,1.0,0.0,0.0,False,False,False,both (US-origin outbound + US-destination inbound pooled)
useastasia,CA,2015,2,0,2,0,0,2,0,2.0,1.0,0.0,0.0,1.0,0.0,0.0,1.0,0.0,0.0,False,False,False,both (US-origin outbound + US-destination inbound pooled)
useastasia,CA,2016,4,0,4,0,0,4,0,4.0,1.0,0.0,0.0,1.0,0.0,0.0,1.0,0.0,0.0,False,False,False,both (US-origin outbound + US-destination inbound pooled)
useastasia,CA,2017,2,0,2,0,0,2,0,2.0,1.0,0.0,0.0,1.0,0.0,0.0,1.0,0.0,0.0,False,False,False,both (US-origin outbound + US-destination inbound pooled)
useastasia,CA,2018,3,0,3,0,0,3,0,3.0,1.0,0.0,0.0,1.0,0.0,0.0,1.0,0.0,0.0,False,False,False,both (US-origin outbound + US-destination inbound pooled)
useastasia,CA,2019,6,0,6,0,0,6,0,6.0,1.0,0.0,0.0,1.0,0.0,0.0,1.0,0.0,0.0,False,False,False,both (US-origin outbound + US-destination inbound pooled)
useastasia,CA,2021,1,0,1,0,0,1,0,1.0,1.0,0.0,0.0,1.0,0.0,0.0,1.0,0.0,0.0,True,False,False,both (US-origin outbound + US-destination inbound pooled)
useastasia,CA,2022,2,0,2,0,0,2,0,2.0,1.0,0.0,0.0,1.0,0.0,0.0,1.0,0.0,0.0,False,False,False,both (US-origin outbound + US-destination inbound pooled)
useastasia,CA,2024,2,0,2,0,0,2,0,2.0,1.0,0.0,0.0,1.0,0.0,0.0,1.0,0.0,0.0,False,False,False,both (US-origin outbound + US-destination inbound pooled)
useastasia,CA,2025,3,0,3,0,0,3,0,3.0,1.0,0.0,0.0,1.0,0.0,0.0,1.0,0.0,0.0,False,False,False,both (US-origin outbound + US-destination inbound pooled)
useastasia,CH,1990,27,0,27,0,0,27,0,298.0,13.0,0.0,0.0,1.0,0.0,0.0,1.0,0.0,0.0,False,False,False,both (US-origin outbound + US-destination inbound pooled)
useastasia,CH,1991,12,0,12,0,0,12,0,110.0,8.5,0.0,0.0,1.0,0.0,0.0,1.0,0.0,0.0,False,False,False,both (US-origin outbound + US-destination inbound pooled)
useastasia,CN,1990,24,0,24,0,0,24,0,182.0,9.0,0.0,0.0,1.0,0.0,0.0,1.0,0.0,0.0,False,False,False,both (US-origin outbound + US-destination inbound pooled)
useastasia,CN,1991,16,0,16,0,0,16,0,116.0,8.0,0.0,0.0,1.0,0.0,0.0,1.0,0.0,0.0,False,False,False,both (US-origin outbound + US-destination inbound pooled)
useastasia,CN,1995,19,0,19,0,0,19,0,213.0,10.0,0.0,0.0,1.0,0.0,0.0,1.0,0.0,0.0,False,False,False,both (US-origin outbound + US-destination inbound pooled)
useastasia,CN,1996,4,0,4,0,0,4,0,44.0,10.0,0.0,0.0,1.0,0.0,0.0,1.0,0.0,0.0,False,False,False,both (US-origin outbound + US-destination inbound pooled)
useastasia,CN,1997,21,0,21,0,0,21,0,313.0,13.0,0.0,0.0,1.0,0.0,0.0,1.0,0.0,0.0,False,False,False,both (US-origin outbound + US-destination inbound pooled)
useastasia,CN,1998,48,0,48,0,0,48,0,660.0,13.0,0.0,0.0,1.0,0.0,0.0,1.0,0.0,0.0,False,False,False,both (US-origin outbound + US-destination inbound pooled)
useastasia,CN,1999,72,0,72,0,0,72,0,974.0,13.0,0.0,0.0,1.0,0.0,0.0,1.0,0.0,0.0,False,False,False,both (US-origin outbound + US-destination inbound pooled)
useastasia,CN,2000,83,0,83,0,0,83,0,1570.0,18.0,0.0,0.0,1.0,0.0,0.0,1.0,0.0,0.0,False,False,False,both (US-origin outbound + US-destination inbound pooled)
useastasia,CN,2001,143,0,143,0,0,143,0,1943.0,13.0,0.0,0.0,1.0,0.0,0.0,1.0,0.0,0.0,False,False,False,both (US-origin outbound + US-destination inbound pooled)
useastasia,CN,2002,154,0,154,0,0,154,0,2052.0,13.0,0.0,0.0,1.0,0.0,0.0,1.0,0.0,0.0,False,False,False,both (US-origin outbound + US-destination inbound pooled)
useastasia,CN,2003,137,0,137,0,0,137,0,1808.0,13.0,0.0,0.0,1.0,0.0,0.0,1.0,0.0,0.0,False,False,False,both (US-origin outbound + US-destination inbound pooled)
useastasia,CN,2004,132,0,132,0,0,132,0,2590.0,18.0,0.0,0.0,1.0,0.0,0.0,1.0,0.0,0.0,False,False,False,both (US-origin outbound + US-destination inbound pooled)
useastasia,CN,2005,155,0,155,0,0,155,0,2793.0,18.0,0.0,0.0,1.0,0.0,0.0,1.0,0.0,0.0,False,False,False,both (US-origin outbound + US-destination inbound pooled)
useastasia,CN,2006,152,0,152,0,0,152,0,3285.0,22.0,0.0,0.0,1.0,0.0,0.0,1.0,0.0,0.0,False,False,False,both (US-origin outbound + US-destination inbound pooled)
useastasia,CN,2007,172,0,172,0,0,172,0,3658.0,25.5,0.0,0.0,1.0,0.0,0.0,1.0,0.0,0.0,False,False,False,both (US-origin outbound + US-destination inbound pooled)
useastasia,CN,2008,176,0,176,0,0,176,0,3619.0,24.0,0.0,0.0,1.0,0.0,0.0,1.0,0.0,0.0,False,False,False,both (US-origin outbound + US-destination inbound pooled)
useastasia,CN,2009,178,0,178,0,0,178,0,3665.0,21.0,0.0,0.0,1.0,0.0,0.0,1.0,0.0,0.0,False,False,False,both (US-origin outbound + US-destination inbound pooled)
useastasia,CN,2010,178,0,178,0,0,178,0,4260.0,30.0,0.0,0.0,1.0,0.0,0.0,1.0,0.0,0.0,False,False,False,both (US-origin outbound + US-destination inbound pooled)
useastasia,CN,2011,229,0,229,0,0,229,0,5274.0,30.0,0.0,0.0,1.0,0.0,0.0,1.0,0.0,0.0,False,False,False,both (US-origin outbound + US-destination inbound pooled)
useastasia,CN,2012,263,0,263,0,0,263,0,6221.0,29.0,0.0,0.0,1.0,0.0,0.0,1.0,0.0,0.0,False,False,False,both (US-origin outbound + US-destination inbound pooled)
useastasia,CN,2013,303,0,303,0,0,303,0,7601.0,27.0,0.0,0.0,1.0,0.0,0.0,1.0,0.0,0.0,False,False,False,both (US-origin outbound + US-destination inbound pooled)
useastasia,CN,2014,407,0,407,0,0,407,0,10356.0,22.0,0.0,0.0,1.0,0.0,0.0,1.0,0.0,0.0,False,False,False,both (US-origin outbound + US-destination inbound pooled)
useastasia,CN,2015,515,0,515,0,0,515,0,12740.0,19.0,0.0,0.0,1.0,0.0,0.0,1.0,0.0,0.0,False,False,False,both (US-origin outbound + US-destination inbound pooled)
useastasia,CN,2016,656,0,656,0,0,656,0,16869.0,18.0,0.0,0.0,1.0,0.0,0.0,1.0,0.0,0.0,False,False,False,both (US-origin outbound + US-destination inbound pooled)
useastasia,CN,2017,776,0,776,0,0,776,0,17583.0,18.0,0.0,0.0,1.0,0.0,0.0,1.0,0.0,0.0,False,False,False,both (US-origin outbound + US-destination inbound pooled)
useastasia,CN,2018,740,0,740,0,0,740,0,17515.0,20.0,0.0,0.0,1.0,0.0,0.0,1.0,0.0,0.0,False,False,False,both (US-origin outbound + US-destination inbound pooled)
useastasia,CN,2019,689,0,689,0,0,689,0,16897.0,21.0,0.0,0.0,1.0,0.0,0.0,1.0,0.0,0.0,False,False,False,both (US-origin outbound + US-destination inbound pooled)
useastasia,CN,2020,195,0,195,0,0,195,0,2700.0,11.0,0.0,0.0,1.0,0.0,0.0,1.0,0.0,0.0,True,False,False,both (US-origin outbound + US-destination inbound pooled)
useastasia,CN,2021,76,0,76,0,0,76,0,821.0,7.0,0.0,0.0,1.0,0.0,0.0,1.0,0.0,0.0,True,False,False,both (US-origin outbound + US-destination inbound pooled)
useastasia,CN,2022,63,0,63,0,0,63,0,489.0,7.0,0.0,0.0,1.0,0.0,0.0,1.0,0.0,0.0,False,False,False,both (US-origin outbound + US-destination inbound pooled)
useastasia,CN,2023,141,0,141,0,0,141,0,1085.0,5.0,0.0,0.0,1.0,0.0,0.0,1.0,0.0,0.0,False,False,False,both (US-origin outbound + US-destination inbound pooled)
useastasia,CN,2024,229,0,229,0,0,229,0,3286.0,10.0,0.0,0.0,1.0,0.0,0.0,1.0,0.0,0.0,False,False,False,both (US-origin outbound + US-destination inbound pooled)
useastasia,CN,2025,242,0,242,0,0,242,0,3482.0,9.5,0.0,0.0,1.0,0.0,0.0,1.0,0.0,0.0,False,False,False,both (US-origin outbound + US-destination inbound pooled)
useastasia,DE,2024,70,0,70,0,0,70,0,1474.0,18.0,1474.0,0.0,1.0,0.0,0.0,1.0,0.0,1.0,False,False,False,both (US-origin outbound + US-destination inbound pooled)
useastasia,DE,2025,76,0,76,0,0,76,0,1928.0,21.0,1928.0,0.0,1.0,0.0,0.0,1.0,0.0,1.0,False,False,False,both (US-origin outbound + US-destination inbound pooled)
useastasia,FI,2024,1,0,1,0,0,1,0,1.0,1.0,0.0,0.0,1.0,0.0,0.0,1.0,0.0,0.0,False,False,False,both (US-origin outbound + US-destination inbound pooled)
useastasia,FR,1990,40,0,40,0,0,40,0,501.0,15.5,0.0,0.0,1.0,0.0,0.0,1.0,0.0,0.0,False,False,False,both (US-origin outbound + US-destination inbound pooled)
useastasia,FR,1991,48,0,48,0,0,48,0,264.0,5.0,0.0,0.0,1.0,0.0,0.0,1.0,0.0,0.0,False,False,False,both (US-origin outbound + US-destination inbound pooled)
useastasia,FR,1992,7,0,7,0,0,7,0,7.0,1.0,0.0,0.0,1.0,0.0,0.0,1.0,0.0,0.0,False,False,False,both (US-origin outbound + US-destination inbound pooled)
useastasia,FR,2011,1,0,1,0,0,1,0,1.0,1.0,0.0,0.0,1.0,0.0,0.0,1.0,0.0,0.0,False,False,False,both (US-origin outbound + US-destination inbound pooled)
useastasia,FR,2023,1,0,1,0,0,1,0,1.0,1.0,0.0,0.0,1.0,0.0,0.0,1.0,0.0,0.0,False,False,False,both (US-origin outbound + US-destination inbound pooled)
useastasia,FR,2024,1,0,1,0,0,1,0,1.0,1.0,0.0,0.0,1.0,0.0,0.0,1.0,0.0,0.0,False,False,False,both (US-origin outbound + US-destination inbound pooled)
useastasia,FR,2025,1,0,1,0,0,1,0,1.0,1.0,0.0,0.0,1.0,0.0,0.0,1.0,0.0,0.0,False,False,False,both (US-origin outbound + US-destination inbound pooled)
useastasia,GB,1990,53,0,53,0,0,53,0,337.0,5.0,0.0,0.0,1.0,0.0,0.0,1.0,0.0,0.0,False,False,False,both (US-origin outbound + US-destination inbound pooled)
useastasia,GB,1991,24,0,24,0,0,24,0,77.0,3.5,0.0,0.0,1.0,0.0,0.0,1.0,0.0,0.0,False,False,False,both (US-origin outbound + US-destination inbound pooled)
useastasia,GB,2023,2,0,2,0,0,2,0,2.0,1.0,0.0,0.0,1.0,0.0,0.0,1.0,0.0,0.0,False,False,False,both (US-origin outbound + US-destination inbound pooled)
useastasia,HK,1990,12,0,12,0,0,12,0,210.0,17.5,0.0,0.0,1.0,0.0,0.0,1.0,0.0,0.0,False,False,False,both (US-origin outbound + US-destination inbound pooled)
useastasia,HK,1991,24,0,24,0,0,24,0,628.0,30.0,0.0,0.0,1.0,0.0,0.0,1.0,0.0,0.0,False,False,False,both (US-origin outbound + US-destination inbound pooled)
useastasia,HK,1992,24,0,24,0,0,24,0,732.0,31.0,0.0,0.0,1.0,0.0,0.0,1.0,0.0,0.0,False,False,False,both (US-origin outbound + US-destination inbound pooled)
useastasia,HK,1993,26,0,26,0,0,26,0,741.0,30.5,0.0,0.0,1.0,0.0,0.0,1.0,0.0,0.0,False,False,False,both (US-origin outbound + US-destination inbound pooled)
useastasia,HK,1994,24,0,24,0,0,24,0,738.0,31.0,0.0,0.0,1.0,0.0,0.0,1.0,0.0,0.0,False,False,False,both (US-origin outbound + US-destination inbound pooled)
useastasia,HK,1995,24,0,24,0,0,24,0,730.0,31.0,0.0,0.0,1.0,0.0,0.0,1.0,0.0,0.0,False,False,False,both (US-origin outbound + US-destination inbound pooled)
useastasia,HK,1996,36,0,36,0,0,36,0,1072.0,30.5,0.0,0.0,1.0,0.0,0.0,1.0,0.0,0.0,False,False,False,both (US-origin outbound + US-destination inbound pooled)
useastasia,HK,1997,48,0,48,0,0,48,0,1460.0,31.0,0.0,0.0,1.0,0.0,0.0,1.0,0.0,0.0,False,False,False,both (US-origin outbound + US-destination inbound pooled)
useastasia,HK,1998,51,0,51,0,0,51,0,1947.0,31.0,0.0,0.0,1.0,0.0,0.0,1.0,0.0,0.0,False,False,False,both (US-origin outbound + US-destination inbound pooled)
useastasia,HK,1999,70,0,70,0,0,70,0,2396.0,31.0,0.0,0.0,1.0,0.0,0.0,1.0,0.0,0.0,False,False,False,both (US-origin outbound + US-destination inbound pooled)
useastasia,HK,2000,64,0,64,0,0,64,0,2333.0,31.0,0.0,0.0,1.0,0.0,0.0,1.0,0.0,0.0,False,False,False,both (US-origin outbound + US-destination inbound pooled)
useastasia,HK,2001,70,0,70,0,0,70,0,2422.0,31.0,0.0,0.0,1.0,0.0,0.0,1.0,0.0,0.0,False,False,False,both (US-origin outbound + US-destination inbound pooled)
useastasia,HK,2002,79,0,79,0,0,79,0,2351.0,30.0,0.0,0.0,1.0,0.0,0.0,1.0,0.0,0.0,False,False,False,both (US-origin outbound + US-destination inbound pooled)
useastasia,HK,2003,70,0,70,0,0,70,0,1991.0,30.0,0.0,0.0,1.0,0.0,0.0,1.0,0.0,0.0,False,False,False,both (US-origin outbound + US-destination inbound pooled)
useastasia,HK,2004,84,0,84,0,0,84,0,2618.0,30.5,0.0,0.0,1.0,0.0,0.0,1.0,0.0,0.0,False,False,False,both (US-origin outbound + US-destination inbound pooled)
useastasia,HK,2005,122,0,122,0,0,122,0,3960.0,30.0,0.0,0.0,1.0,0.0,0.0,1.0,0.0,0.0,False,False,False,both (US-origin outbound + US-destination inbound pooled)
useastasia,HK,2006,123,0,123,0,0,123,0,4365.0,30.0,0.0,0.0,1.0,0.0,0.0,1.0,0.0,0.0,False,False,False,both (US-origin outbound + US-destination inbound pooled)
useastasia,HK,2007,113,0,113,0,0,113,0,4544.0,31.0,0.0,0.0,1.0,0.0,0.0,1.0,0.0,0.0,False,False,False,both (US-origin outbound + US-destination inbound pooled)
useastasia,HK,2008,121,0,121,0,0,121,0,5177.0,58.0,0.0,0.0,1.0,0.0,0.0,1.0,0.0,0.0,False,False,False,both (US-origin outbound + US-destination inbound pooled)
useastasia,HK,2009,99,0,99,0,0,99,0,4275.0,60.0,0.0,0.0,1.0,0.0,0.0,1.0,0.0,0.0,False,False,False,both (US-origin outbound + US-destination inbound pooled)
useastasia,HK,2010,81,0,81,0,0,81,0,4578.0,61.0,0.0,0.0,1.0,0.0,0.0,1.0,0.0,0.0,False,False,False,both (US-origin outbound + US-destination inbound pooled)
useastasia,HK,2011,86,0,86,0,0,86,0,5343.0,62.0,0.0,0.0,1.0,0.0,0.0,1.0,0.0,0.0,False,False,False,both (US-origin outbound + US-destination inbound pooled)
useastasia,HK,2012,106,0,106,0,0,106,0,6250.0,62.0,0.0,0.0,1.0,0.0,0.0,1.0,0.0,0.0,False,False,False,both (US-origin outbound + US-destination inbound pooled)
useastasia,HK,2013,110,0,110,0,0,110,0,6208.0,62.0,0.0,0.0,1.0,0.0,0.0,1.0,0.0,0.0,False,False,False,both (US-origin outbound + US-destination inbound pooled)
useastasia,HK,2014,136,0,136,0,0,136,0,7544.0,59.5,0.0,0.0,1.0,0.0,0.0,1.0,0.0,0.0,False,False,False,both (US-origin outbound + US-destination inbound pooled)
useastasia,HK,2015,132,0,132,0,0,132,0,7944.0,61.5,0.0,0.0,1.0,0.0,0.0,1.0,0.0,0.0,False,False,False,both (US-origin outbound + US-destination inbound pooled)
useastasia,HK,2016,175,0,175,0,0,175,0,8527.0,30.0,0.0,0.0,1.0,0.0,0.0,1.0,0.0,0.0,False,False,False,both (US-origin outbound + US-destination inbound pooled)
useastasia,HK,2017,197,0,197,0,0,197,0,9054.0,30.0,0.0,0.0,1.0,0.0,0.0,1.0,0.0,0.0,False,False,False,both (US-origin outbound + US-destination inbound pooled)
useastasia,HK,2018,240,0,240,0,0,240,0,11095.0,31.0,0.0,0.0,1.0,0.0,0.0,1.0,0.0,0.0,False,False,False,both (US-origin outbound + US-destination inbound pooled)
useastasia,HK,2019,267,0,267,0,0,267,0,10591.0,28.0,0.0,0.0,1.0,0.0,0.0,1.0,0.0,0.0,False,False,False,both (US-origin outbound + US-destination inbound pooled)
useastasia,HK,2020,103,0,103,0,0,103,0,2404.0,17.0,0.0,0.0,1.0,0.0,0.0,1.0,0.0,0.0,True,False,False,both (US-origin outbound + US-destination inbound pooled)
useastasia,HK,2021,75,0,75,0,0,75,0,1595.0,16.0,0.0,0.0,1.0,0.0,0.0,1.0,0.0,0.0,True,False,False,both (US-origin outbound + US-destination inbound pooled)
useastasia,HK,2022,81,0,81,0,0,81,0,1223.0,11.0,0.0,0.0,1.0,0.0,0.0,1.0,0.0,0.0,False,False,False,both (US-origin outbound + US-destination inbound pooled)
useastasia,HK,2023,124,0,124,0,0,124,0,3942.0,31.5,0.0,0.0,1.0,0.0,0.0,1.0,0.0,0.0,False,False,False,both (US-origin outbound + US-destination inbound pooled)
useastasia,HK,2024,198,0,198,0,0,198,0,5825.0,30.0,0.0,0.0,1.0,0.0,0.0,1.0,0.0,0.0,False,False,False,both (US-origin outbound + US-destination inbound pooled)
useastasia,HK,2025,248,0,248,0,0,248,0,7787.0,30.0,0.0,0.0,1.0,0.0,0.0,1.0,0.0,0.0,False,False,False,both (US-origin outbound + US-destination inbound pooled)
useastasia,IL,2008,2,0,2,0,0,2,0,62.0,31.0,0.0,0.0,1.0,0.0,0.0,1.0,0.0,0.0,False,False,False,both (US-origin outbound + US-destination inbound pooled)
useastasia,IN,2008,14,0,14,0,0,14,0,338.0,22.0,338.0,0.0,1.0,0.0,0.0,1.0,0.0,1.0,False,False,False,both (US-origin outbound + US-destination inbound pooled)
useastasia,IN,2009,2,0,2,0,0,2,0,24.0,12.0,24.0,0.0,1.0,0.0,0.0,1.0,0.0,1.0,False,False,False,both (US-origin outbound + US-destination inbound pooled)
useastasia,JP,1990,322,0,322,0,0,322,0,11063.0,30.0,0.0,0.0,1.0,0.0,0.0,1.0,0.0,0.0,False,False,False,both (US-origin outbound + US-destination inbound pooled)
useastasia,JP,1991,345,0,345,0,0,345,0,10505.0,28.0,0.0,0.0,1.0,0.0,0.0,1.0,0.0,0.0,False,False,False,both (US-origin outbound + US-destination inbound pooled)
useastasia,JP,1992,408,0,408,0,0,408,0,10120.0,22.0,0.0,0.0,1.0,0.0,0.0,1.0,0.0,0.0,False,False,False,both (US-origin outbound + US-destination inbound pooled)
useastasia,JP,1993,413,0,413,0,0,413,0,9512.0,17.0,0.0,0.0,1.0,0.0,0.0,1.0,0.0,0.0,False,False,False,both (US-origin outbound + US-destination inbound pooled)
useastasia,JP,1994,462,0,462,0,0,462,0,9960.0,19.5,0.0,0.0,1.0,0.0,0.0,1.0,0.0,0.0,False,False,False,both (US-origin outbound + US-destination inbound pooled)
useastasia,JP,1995,500,0,500,0,0,500,0,10329.0,16.5,0.0,0.0,1.0,0.0,0.0,1.0,0.0,0.0,False,False,False,both (US-origin outbound + US-destination inbound pooled)
useastasia,JP,1996,463,0,463,0,0,463,0,10298.0,25.0,0.0,0.0,1.0,0.0,0.0,1.0,0.0,0.0,False,False,False,both (US-origin outbound + US-destination inbound pooled)
useastasia,JP,1997,437,0,437,0,0,437,0,10458.0,28.0,0.0,0.0,1.0,0.0,0.0,1.0,0.0,0.0,False,False,False,both (US-origin outbound + US-destination inbound pooled)
useastasia,JP,1998,460,0,460,0,0,460,0,11624.0,28.0,0.0,0.0,1.0,0.0,0.0,1.0,0.0,0.0,False,False,False,both (US-origin outbound + US-destination inbound pooled)
useastasia,JP,1999,511,0,511,0,0,511,0,13068.0,30.0,0.0,0.0,1.0,0.0,0.0,1.0,0.0,0.0,False,False,False,both (US-origin outbound + US-destination inbound pooled)
useastasia,JP,2000,509,0,509,0,0,509,0,13503.0,30.0,0.0,0.0,1.0,0.0,0.0,1.0,0.0,0.0,False,False,False,both (US-origin outbound + US-destination inbound pooled)
useastasia,JP,2001,488,0,488,0,0,488,0,12564.0,28.0,0.0,0.0,1.0,0.0,0.0,1.0,0.0,0.0,False,False,False,both (US-origin outbound + US-destination inbound pooled)
useastasia,JP,2002,421,0,421,0,0,421,0,13095.0,30.0,0.0,0.0,1.0,0.0,0.0,1.0,0.0,0.0,False,False,False,both (US-origin outbound + US-destination inbound pooled)
useastasia,JP,2003,401,0,401,0,0,401,0,12749.0,31.0,0.0,0.0,1.0,0.0,0.0,1.0,0.0,0.0,False,False,False,both (US-origin outbound + US-destination inbound pooled)
useastasia,JP,2004,422,0,422,0,0,422,0,12657.0,30.0,0.0,0.0,1.0,0.0,0.0,1.0,0.0,0.0,False,False,False,both (US-origin outbound + US-destination inbound pooled)
useastasia,JP,2005,440,0,440,0,0,440,0,12734.0,31.0,0.0,0.0,1.0,0.0,0.0,1.0,0.0,0.0,False,False,False,both (US-origin outbound + US-destination inbound pooled)
useastasia,JP,2006,388,0,388,0,0,388,0,12321.0,31.0,0.0,0.0,1.0,0.0,0.0,1.0,0.0,0.0,False,False,False,both (US-origin outbound + US-destination inbound pooled)
useastasia,JP,2007,397,0,397,0,0,397,0,12395.0,31.0,0.0,0.0,1.0,0.0,0.0,1.0,0.0,0.0,False,False,False,both (US-origin outbound + US-destination inbound pooled)
useastasia,JP,2008,415,0,415,0,0,415,0,12434.0,30.0,0.0,0.0,1.0,0.0,0.0,1.0,0.0,0.0,False,False,False,both (US-origin outbound + US-destination inbound pooled)
useastasia,JP,2009,407,0,407,0,0,407,0,11960.0,30.0,0.0,0.0,1.0,0.0,0.0,1.0,0.0,0.0,False,False,False,both (US-origin outbound + US-destination inbound pooled)
useastasia,JP,2010,368,0,368,0,0,368,0,11481.0,30.0,0.0,0.0,1.0,0.0,0.0,1.0,0.0,0.0,False,False,False,both (US-origin outbound + US-destination inbound pooled)
useastasia,JP,2011,415,0,415,0,0,415,0,12397.0,30.0,0.0,0.0,1.0,0.0,0.0,1.0,0.0,0.0,False,False,False,both (US-origin outbound + US-destination inbound pooled)
useastasia,JP,2012,418,0,418,0,0,418,0,13401.0,31.0,0.0,0.0,1.0,0.0,0.0,1.0,0.0,0.0,False,False,False,both (US-origin outbound + US-destination inbound pooled)
useastasia,JP,2013,495,0,495,0,0,495,0,15457.0,31.0,0.0,0.0,1.0,0.0,0.0,1.0,0.0,0.0,False,False,False,both (US-origin outbound + US-destination inbound pooled)
useastasia,JP,2014,515,0,515,0,0,515,0,17296.0,31.0,0.0,0.0,1.0,0.0,0.0,1.0,0.0,0.0,False,False,False,both (US-origin outbound + US-destination inbound pooled)
useastasia,JP,2015,560,0,560,0,0,560,0,18412.0,31.0,0.0,0.0,1.0,0.0,0.0,1.0,0.0,0.0,False,False,False,both (US-origin outbound + US-destination inbound pooled)
useastasia,JP,2016,625,0,625,0,0,625,0,19699.0,31.0,0.0,0.0,1.0,0.0,0.0,1.0,0.0,0.0,False,False,False,both (US-origin outbound + US-destination inbound pooled)
useastasia,JP,2017,640,0,640,0,0,640,0,20405.0,31.0,0.0,0.0,1.0,0.0,0.0,1.0,0.0,0.0,False,False,False,both (US-origin outbound + US-destination inbound pooled)
useastasia,JP,2018,662,0,662,0,0,662,0,21611.0,31.0,0.0,0.0,1.0,0.0,0.0,1.0,0.0,0.0,False,False,False,both (US-origin outbound + US-destination inbound pooled)
useastasia,JP,2019,694,0,694,0,0,694,0,21904.0,31.0,0.0,0.0,1.0,0.0,0.0,1.0,0.0,0.0,False,False,False,both (US-origin outbound + US-destination inbound pooled)
useastasia,JP,2020,465,0,465,0,0,465,0,10326.0,21.0,0.0,0.0,1.0,0.0,0.0,1.0,0.0,0.0,True,False,False,both (US-origin outbound + US-destination inbound pooled)
useastasia,JP,2021,578,0,578,0,0,578,0,13368.0,14.0,0.0,0.0,1.0,0.0,0.0,1.0,0.0,0.0,True,False,False,both (US-origin outbound + US-destination inbound pooled)
useastasia,JP,2022,791,0,791,0,0,791,0,16857.0,17.0,0.0,0.0,1.0,0.0,0.0,1.0,0.0,0.0,False,False,False,both (US-origin outbound + US-destination inbound pooled)
useastasia,JP,2023,768,0,768,0,0,768,0,20168.0,30.0,0.0,0.0,1.0,0.0,0.0,1.0,0.0,0.0,False,False,False,both (US-origin outbound + US-destination inbound pooled)
useastasia,JP,2024,718,0,718,0,0,718,0,21479.0,30.0,0.0,0.0,1.0,0.0,0.0,1.0,0.0,0.0,False,False,False,both (US-origin outbound + US-destination inbound pooled)
useastasia,JP,2025,748,0,748,0,0,748,0,22140.0,30.0,0.0,0.0,1.0,0.0,0.0,1.0,0.0,0.0,False,False,False,both (US-origin outbound + US-destination inbound pooled)
useastasia,KR,1990,52,0,52,0,0,52,0,734.0,12.0,0.0,0.0,1.0,0.0,0.0,1.0,0.0,0.0,False,False,False,both (US-origin outbound + US-destination inbound pooled)
useastasia,KR,1991,58,0,58,0,0,58,0,732.0,11.0,0.0,0.0,1.0,0.0,0.0,1.0,0.0,0.0,False,False,False,both (US-origin outbound + US-destination inbound pooled)
useastasia,KR,1992,54,0,54,0,0,54,0,732.0,11.0,0.0,0.0,1.0,0.0,0.0,1.0,0.0,0.0,False,False,False,both (US-origin outbound + US-destination inbound pooled)
useastasia,KR,1993,52,0,52,0,0,52,0,730.0,11.0,0.0,0.0,1.0,0.0,0.0,1.0,0.0,0.0,False,False,False,both (US-origin outbound + US-destination inbound pooled)
useastasia,KR,1994,62,0,62,0,0,62,0,731.0,8.5,0.0,0.0,1.0,0.0,0.0,1.0,0.0,0.0,False,False,False,both (US-origin outbound + US-destination inbound pooled)
useastasia,KR,1995,54,0,54,0,0,54,0,729.0,8.0,0.0,0.0,1.0,0.0,0.0,1.0,0.0,0.0,False,False,False,both (US-origin outbound + US-destination inbound pooled)
useastasia,KR,1996,42,0,42,0,0,42,0,732.0,19.5,0.0,0.0,1.0,0.0,0.0,1.0,0.0,0.0,False,False,False,both (US-origin outbound + US-destination inbound pooled)
useastasia,KR,1997,30,0,30,0,0,30,0,729.0,30.0,0.0,0.0,1.0,0.0,0.0,1.0,0.0,0.0,False,False,False,both (US-origin outbound + US-destination inbound pooled)
useastasia,KR,1998,24,0,24,0,0,24,0,730.0,31.0,0.0,0.0,1.0,0.0,0.0,1.0,0.0,0.0,False,False,False,both (US-origin outbound + US-destination inbound pooled)
useastasia,KR,1999,24,0,24,0,0,24,0,728.0,30.5,0.0,0.0,1.0,0.0,0.0,1.0,0.0,0.0,False,False,False,both (US-origin outbound + US-destination inbound pooled)
useastasia,KR,2000,24,0,24,0,0,24,0,730.0,30.5,0.0,0.0,1.0,0.0,0.0,1.0,0.0,0.0,False,False,False,both (US-origin outbound + US-destination inbound pooled)
useastasia,KR,2001,183,0,183,0,0,183,0,4545.0,22.0,0.0,0.0,1.0,0.0,0.0,1.0,0.0,0.0,False,False,False,both (US-origin outbound + US-destination inbound pooled)
useastasia,KR,2002,319,0,319,0,0,319,0,7159.0,21.0,0.0,0.0,1.0,0.0,0.0,1.0,0.0,0.0,False,False,False,both (US-origin outbound + US-destination inbound pooled)
useastasia,KR,2003,304,0,304,0,0,304,0,6889.0,20.0,0.0,0.0,1.0,0.0,0.0,1.0,0.0,0.0,False,False,False,both (US-origin outbound + US-destination inbound pooled)
useastasia,KR,2004,315,0,315,0,0,315,0,7121.0,19.0,0.0,0.0,1.0,0.0,0.0,1.0,0.0,0.0,False,False,False,both (US-origin outbound + US-destination inbound pooled)
useastasia,KR,2005,343,0,343,0,0,343,0,7893.0,18.0,0.0,0.0,1.0,0.0,0.0,1.0,0.0,0.0,False,False,False,both (US-origin outbound + US-destination inbound pooled)
useastasia,KR,2006,353,0,353,0,0,353,0,8485.0,19.0,0.0,0.0,1.0,0.0,0.0,1.0,0.0,0.0,False,False,False,both (US-origin outbound + US-destination inbound pooled)
useastasia,KR,2007,333,0,333,0,0,333,0,8972.0,28.0,0.0,0.0,1.0,0.0,0.0,1.0,0.0,0.0,False,False,False,both (US-origin outbound + US-destination inbound pooled)
useastasia,KR,2008,317,0,317,0,0,317,0,8927.0,29.0,0.0,0.0,1.0,0.0,0.0,1.0,0.0,0.0,False,False,False,both (US-origin outbound + US-destination inbound pooled)
useastasia,KR,2009,341,0,341,0,0,341,0,9355.0,30.0,0.0,0.0,1.0,0.0,0.0,1.0,0.0,0.0,False,False,False,both (US-origin outbound + US-destination inbound pooled)
useastasia,KR,2010,418,0,418,0,0,418,0,9609.0,27.0,0.0,0.0,1.0,0.0,0.0,1.0,0.0,0.0,False,False,False,both (US-origin outbound + US-destination inbound pooled)
useastasia,KR,2011,499,0,499,0,0,499,0,10996.0,26.0,0.0,0.0,1.0,0.0,0.0,1.0,0.0,0.0,False,False,False,both (US-origin outbound + US-destination inbound pooled)
useastasia,KR,2012,618,0,618,0,0,618,0,11316.0,21.0,0.0,0.0,1.0,0.0,0.0,1.0,0.0,0.0,False,False,False,both (US-origin outbound + US-destination inbound pooled)
useastasia,KR,2013,565,0,565,0,0,565,0,11817.0,23.0,0.0,0.0,1.0,0.0,0.0,1.0,0.0,0.0,False,False,False,both (US-origin outbound + US-destination inbound pooled)
useastasia,KR,2014,544,0,544,0,0,544,0,12289.0,22.0,0.0,0.0,1.0,0.0,0.0,1.0,0.0,0.0,False,False,False,both (US-origin outbound + US-destination inbound pooled)
useastasia,KR,2015,517,0,517,0,0,517,0,12081.0,21.0,0.0,0.0,1.0,0.0,0.0,1.0,0.0,0.0,False,False,False,both (US-origin outbound + US-destination inbound pooled)
useastasia,KR,2016,520,0,520,0,0,520,0,14016.0,29.0,0.0,0.0,1.0,0.0,0.0,1.0,0.0,0.0,False,False,False,both (US-origin outbound + US-destination inbound pooled)
useastasia,KR,2017,496,0,496,0,0,496,0,14610.0,29.5,0.0,0.0,1.0,0.0,0.0,1.0,0.0,0.0,False,False,False,both (US-origin outbound + US-destination inbound pooled)
useastasia,KR,2018,441,0,441,0,0,441,0,14181.0,30.0,0.0,0.0,1.0,0.0,0.0,1.0,0.0,0.0,False,False,False,both (US-origin outbound + US-destination inbound pooled)
useastasia,KR,2019,408,0,408,0,0,408,0,12601.0,30.0,0.0,0.0,1.0,0.0,0.0,1.0,0.0,0.0,False,False,False,both (US-origin outbound + US-destination inbound pooled)
useastasia,KR,2020,289,0,289,0,0,289,0,5828.0,19.0,0.0,0.0,1.0,0.0,0.0,1.0,0.0,0.0,True,False,False,both (US-origin outbound + US-destination inbound pooled)
useastasia,KR,2021,265,0,265,0,0,265,0,5278.0,17.0,0.0,0.0,1.0,0.0,0.0,1.0,0.0,0.0,True,False,False,both (US-origin outbound + US-destination inbound pooled)
useastasia,KR,2022,364,0,364,0,0,364,0,7487.0,21.0,0.0,0.0,1.0,0.0,0.0,1.0,0.0,0.0,False,False,False,both (US-origin outbound + US-destination inbound pooled)
useastasia,KR,2023,408,0,408,0,0,408,0,11748.0,30.0,0.0,0.0,1.0,0.0,0.0,1.0,0.0,0.0,False,False,False,both (US-origin outbound + US-destination inbound pooled)
useastasia,KR,2024,386,0,386,0,0,386,0,12255.0,30.0,0.0,0.0,1.0,0.0,0.0,1.0,0.0,0.0,False,False,False,both (US-origin outbound + US-destination inbound pooled)
useastasia,KR,2025,446,0,446,0,0,446,0,11661.0,30.0,0.0,0.0,1.0,0.0,0.0,1.0,0.0,0.0,False,False,False,both (US-origin outbound + US-destination inbound pooled)
useastasia,MO,2020,2,0,2,0,0,2,0,12.0,6.0,12.0,0.0,1.0,0.0,0.0,1.0,0.0,1.0,True,False,False,both (US-origin outbound + US-destination inbound pooled)
useastasia,MO,2021,16,0,16,0,0,16,0,116.0,6.0,116.0,0.0,1.0,0.0,0.0,1.0,0.0,1.0,True,False,False,both (US-origin outbound + US-destination inbound pooled)
useastasia,MO,2022,50,0,50,0,0,50,0,1082.0,22.0,1082.0,0.0,1.0,0.0,0.0,1.0,0.0,1.0,False,False,False,both (US-origin outbound + US-destination inbound pooled)
useastasia,MO,2023,86,0,86,0,0,86,0,1960.0,22.0,1960.0,0.0,1.0,0.0,0.0,1.0,0.0,1.0,False,False,False,both (US-origin outbound + US-destination inbound pooled)
useastasia,MO,2024,90,0,90,0,0,90,0,2280.0,27.0,2280.0,0.0,1.0,0.0,0.0,1.0,0.0,1.0,False,False,False,both (US-origin outbound + US-destination inbound pooled)
useastasia,MO,2025,106,0,106,0,0,106,0,2408.0,26.0,2408.0,0.0,1.0,0.0,0.0,1.0,0.0,1.0,False,False,False,both (US-origin outbound + US-destination inbound pooled)
useastasia,MX,2011,1,0,1,0,0,1,0,1.0,1.0,0.0,0.0,1.0,0.0,0.0,1.0,0.0,0.0,False,False,False,both (US-origin outbound + US-destination inbound pooled)
useastasia,MX,2013,1,0,1,0,0,1,0,3.0,3.0,0.0,0.0,1.0,0.0,0.0,1.0,0.0,0.0,False,False,False,both (US-origin outbound + US-destination inbound pooled)
useastasia,MX,2017,1,0,1,0,0,1,0,1.0,1.0,0.0,0.0,1.0,0.0,0.0,1.0,0.0,0.0,False,False,False,both (US-origin outbound + US-destination inbound pooled)
useastasia,MX,2018,1,0,1,0,0,1,0,1.0,1.0,0.0,0.0,1.0,0.0,0.0,1.0,0.0,0.0,False,False,False,both (US-origin outbound + US-destination inbound pooled)
useastasia,MX,2019,1,0,1,0,0,1,0,1.0,1.0,0.0,0.0,1.0,0.0,0.0,1.0,0.0,0.0,False,False,False,both (US-origin outbound + US-destination inbound pooled)
useastasia,MX,2023,1,0,1,0,0,1,0,1.0,1.0,0.0,0.0,1.0,0.0,0.0,1.0,0.0,0.0,False,False,False,both (US-origin outbound + US-destination inbound pooled)
useastasia,MX,2025,2,0,2,0,0,2,0,2.0,1.0,0.0,0.0,1.0,0.0,0.0,1.0,0.0,0.0,False,False,False,both (US-origin outbound + US-destination inbound pooled)
useastasia,MY,1990,57,0,57,0,0,57,0,353.0,5.0,0.0,0.0,1.0,0.0,0.0,1.0,0.0,0.0,False,False,False,both (US-origin outbound + US-destination inbound pooled)
useastasia,MY,1991,80,0,80,0,0,80,0,623.0,8.0,0.0,0.0,1.0,0.0,0.0,1.0,0.0,0.0,False,False,False,both (US-origin outbound + US-destination inbound pooled)
useastasia,MY,1992,54,0,54,0,0,54,0,645.0,13.0,0.0,0.0,1.0,0.0,0.0,1.0,0.0,0.0,False,False,False,both (US-origin outbound + US-destination inbound pooled)
useastasia,MY,1993,60,0,60,0,0,60,0,679.0,13.0,0.0,0.0,1.0,0.0,0.0,1.0,0.0,0.0,False,False,False,both (US-origin outbound + US-destination inbound pooled)
useastasia,MY,1994,52,0,52,0,0,52,0,629.0,13.0,0.0,0.0,1.0,0.0,0.0,1.0,0.0,0.0,False,False,False,both (US-origin outbound + US-destination inbound pooled)
useastasia,MY,1995,48,0,48,0,0,48,0,625.0,13.0,0.0,0.0,1.0,0.0,0.0,1.0,0.0,0.0,False,False,False,both (US-origin outbound + US-destination inbound pooled)
useastasia,MY,1996,48,0,48,0,0,48,0,622.0,13.0,0.0,0.0,1.0,0.0,0.0,1.0,0.0,0.0,False,False,False,both (US-origin outbound + US-destination inbound pooled)
useastasia,MY,1997,49,0,49,0,0,49,0,632.0,13.0,0.0,0.0,1.0,0.0,0.0,1.0,0.0,0.0,False,False,False,both (US-origin outbound + US-destination inbound pooled)
useastasia,MY,1998,48,0,48,0,0,48,0,623.0,13.0,0.0,0.0,1.0,0.0,0.0,1.0,0.0,0.0,False,False,False,both (US-origin outbound + US-destination inbound pooled)
useastasia,MY,1999,48,0,48,0,0,48,0,713.0,15.0,0.0,0.0,1.0,0.0,0.0,1.0,0.0,0.0,False,False,False,both (US-origin outbound + US-destination inbound pooled)
useastasia,MY,2000,48,0,48,0,0,48,0,724.0,15.0,0.0,0.0,1.0,0.0,0.0,1.0,0.0,0.0,False,False,False,both (US-origin outbound + US-destination inbound pooled)
useastasia,MY,2001,48,0,48,0,0,48,0,719.0,14.0,0.0,0.0,1.0,0.0,0.0,1.0,0.0,0.0,False,False,False,both (US-origin outbound + US-destination inbound pooled)
useastasia,MY,2002,32,0,32,0,0,32,0,700.0,26.0,0.0,0.0,1.0,0.0,0.0,1.0,0.0,0.0,False,False,False,both (US-origin outbound + US-destination inbound pooled)
useastasia,MY,2003,24,0,24,0,0,24,0,592.0,22.0,0.0,0.0,1.0,0.0,0.0,1.0,0.0,0.0,False,False,False,both (US-origin outbound + US-destination inbound pooled)
useastasia,MY,2004,24,0,24,0,0,24,0,522.0,22.0,0.0,0.0,1.0,0.0,0.0,1.0,0.0,0.0,False,False,False,both (US-origin outbound + US-destination inbound pooled)
useastasia,MY,2005,25,0,25,0,0,25,0,522.0,21.0,0.0,0.0,1.0,0.0,0.0,1.0,0.0,0.0,False,False,False,both (US-origin outbound + US-destination inbound pooled)
useastasia,MY,2006,24,0,24,0,0,24,0,540.0,22.0,0.0,0.0,1.0,0.0,0.0,1.0,0.0,0.0,False,False,False,both (US-origin outbound + US-destination inbound pooled)
useastasia,MY,2007,24,0,24,0,0,24,0,728.0,30.5,0.0,0.0,1.0,0.0,0.0,1.0,0.0,0.0,False,False,False,both (US-origin outbound + US-destination inbound pooled)
useastasia,MY,2008,24,0,24,0,0,24,0,604.0,30.0,0.0,0.0,1.0,0.0,0.0,1.0,0.0,0.0,False,False,False,both (US-origin outbound + US-destination inbound pooled)
useastasia,MY,2009,25,0,25,0,0,25,0,321.0,13.0,0.0,0.0,1.0,0.0,0.0,1.0,0.0,0.0,False,False,False,both (US-origin outbound + US-destination inbound pooled)
useastasia,MY,2010,24,0,24,0,0,24,0,312.0,13.0,0.0,0.0,1.0,0.0,0.0,1.0,0.0,0.0,False,False,False,both (US-origin outbound + US-destination inbound pooled)
useastasia,MY,2011,24,0,24,0,0,24,0,314.0,13.0,0.0,0.0,1.0,0.0,0.0,1.0,0.0,0.0,False,False,False,both (US-origin outbound + US-destination inbound pooled)
useastasia,MY,2012,26,0,26,0,0,26,0,394.0,17.0,0.0,0.0,1.0,0.0,0.0,1.0,0.0,0.0,False,False,False,both (US-origin outbound + US-destination inbound pooled)
useastasia,MY,2013,24,0,24,0,0,24,0,416.0,17.0,0.0,0.0,1.0,0.0,0.0,1.0,0.0,0.0,False,False,False,both (US-origin outbound + US-destination inbound pooled)
useastasia,MY,2014,8,0,8,0,0,8,0,140.0,17.5,0.0,0.0,1.0,0.0,0.0,1.0,0.0,0.0,False,False,False,both (US-origin outbound + US-destination inbound pooled)
useastasia,NL,1990,50,0,50,0,0,50,0,294.0,5.0,0.0,0.0,1.0,0.0,0.0,1.0,0.0,0.0,False,False,False,both (US-origin outbound + US-destination inbound pooled)
useastasia,NL,1991,12,0,12,0,0,12,0,95.0,8.5,0.0,0.0,1.0,0.0,0.0,1.0,0.0,0.0,False,False,False,both (US-origin outbound + US-destination inbound pooled)
useastasia,PH,1997,1,0,1,0,0,1,0,1.0,1.0,0.0,0.0,1.0,0.0,0.0,1.0,0.0,0.0,False,False,False,both (US-origin outbound + US-destination inbound pooled)
useastasia,PH,2004,1,0,1,0,0,1,0,1.0,1.0,0.0,0.0,1.0,0.0,0.0,1.0,0.0,0.0,False,False,False,both (US-origin outbound + US-destination inbound pooled)
useastasia,PH,2008,1,0,1,0,0,1,0,1.0,1.0,0.0,0.0,1.0,0.0,0.0,1.0,0.0,0.0,False,False,False,both (US-origin outbound + US-destination inbound pooled)
useastasia,PH,2014,1,0,1,0,0,1,0,1.0,1.0,0.0,0.0,1.0,0.0,0.0,1.0,0.0,0.0,False,False,False,both (US-origin outbound + US-destination inbound pooled)
useastasia,PH,2016,1,0,1,0,0,1,0,1.0,1.0,0.0,0.0,1.0,0.0,0.0,1.0,0.0,0.0,False,False,False,both (US-origin outbound + US-destination inbound pooled)
useastasia,PH,2017,1,0,1,0,0,1,0,1.0,1.0,0.0,0.0,1.0,0.0,0.0,1.0,0.0,0.0,False,False,False,both (US-origin outbound + US-destination inbound pooled)
useastasia,PH,2018,3,0,3,0,0,3,0,3.0,1.0,0.0,0.0,1.0,0.0,0.0,1.0,0.0,0.0,False,False,False,both (US-origin outbound + US-destination inbound pooled)
useastasia,PH,2020,2,0,2,0,0,2,0,2.0,1.0,0.0,0.0,1.0,0.0,0.0,1.0,0.0,0.0,True,False,False,both (US-origin outbound + US-destination inbound pooled)
useastasia,PH,2022,8,0,8,0,0,8,0,39.0,1.0,0.0,0.0,1.0,0.0,0.0,1.0,0.0,0.0,False,False,False,both (US-origin outbound + US-destination inbound pooled)
useastasia,PH,2023,6,0,6,0,0,6,0,26.0,4.0,0.0,0.0,1.0,0.0,0.0,1.0,0.0,0.0,False,False,False,both (US-origin outbound + US-destination inbound pooled)
useastasia,PH,2025,1,0,1,0,0,1,0,1.0,1.0,0.0,0.0,1.0,0.0,0.0,1.0,0.0,0.0,False,False,False,both (US-origin outbound + US-destination inbound pooled)
useastasia,SE,1990,24,0,24,0,0,24,0,431.0,20.0,0.0,0.0,1.0,0.0,0.0,1.0,0.0,0.0,False,False,False,both (US-origin outbound + US-destination inbound pooled)
useastasia,SE,1991,8,0,8,0,0,8,0,70.0,8.5,0.0,0.0,1.0,0.0,0.0,1.0,0.0,0.0,False,False,False,both (US-origin outbound + US-destination inbound pooled)
useastasia,SG,1990,74,0,74,0,0,74,0,1771.0,30.0,0.0,0.0,1.0,0.0,0.0,1.0,0.0,0.0,False,False,False,both (US-origin outbound + US-destination inbound pooled)
useastasia,SG,1991,80,0,80,0,0,80,0,1782.0,30.0,0.0,0.0,1.0,0.0,0.0,1.0,0.0,0.0,False,False,False,both (US-origin outbound + US-destination inbound pooled)
useastasia,SG,1992,86,0,86,0,0,86,0,1935.0,29.5,0.0,0.0,1.0,0.0,0.0,1.0,0.0,0.0,False,False,False,both (US-origin outbound + US-destination inbound pooled)
useastasia,SG,1993,76,0,76,0,0,76,0,2061.0,30.0,0.0,0.0,1.0,0.0,0.0,1.0,0.0,0.0,False,False,False,both (US-origin outbound + US-destination inbound pooled)
useastasia,SG,1994,73,0,73,0,0,73,0,2169.0,31.0,0.0,0.0,1.0,0.0,0.0,1.0,0.0,0.0,False,False,False,both (US-origin outbound + US-destination inbound pooled)
useastasia,SG,1995,72,0,72,0,0,72,0,2190.0,31.0,0.0,0.0,1.0,0.0,0.0,1.0,0.0,0.0,False,False,False,both (US-origin outbound + US-destination inbound pooled)
useastasia,SG,1996,71,0,71,0,0,71,0,2165.0,31.0,0.0,0.0,1.0,0.0,0.0,1.0,0.0,0.0,False,False,False,both (US-origin outbound + US-destination inbound pooled)
useastasia,SG,1997,73,0,73,0,0,73,0,2194.0,31.0,0.0,0.0,1.0,0.0,0.0,1.0,0.0,0.0,False,False,False,both (US-origin outbound + US-destination inbound pooled)
useastasia,SG,1998,73,0,73,0,0,73,0,2190.0,31.0,0.0,0.0,1.0,0.0,0.0,1.0,0.0,0.0,False,False,False,both (US-origin outbound + US-destination inbound pooled)
useastasia,SG,1999,72,0,72,0,0,72,0,2183.0,30.0,0.0,0.0,1.0,0.0,0.0,1.0,0.0,0.0,False,False,False,both (US-origin outbound + US-destination inbound pooled)
useastasia,SG,2000,72,0,72,0,0,72,0,2197.0,31.0,0.0,0.0,1.0,0.0,0.0,1.0,0.0,0.0,False,False,False,both (US-origin outbound + US-destination inbound pooled)
useastasia,SG,2001,91,0,91,0,0,91,0,2654.0,30.0,0.0,0.0,1.0,0.0,0.0,1.0,0.0,0.0,False,False,False,both (US-origin outbound + US-destination inbound pooled)
useastasia,SG,2002,106,0,106,0,0,106,0,2971.0,30.0,0.0,0.0,1.0,0.0,0.0,1.0,0.0,0.0,False,False,False,both (US-origin outbound + US-destination inbound pooled)
useastasia,SG,2003,102,0,102,0,0,102,0,2714.0,30.0,0.0,0.0,1.0,0.0,0.0,1.0,0.0,0.0,False,False,False,both (US-origin outbound + US-destination inbound pooled)
useastasia,SG,2004,96,0,96,0,0,96,0,2928.0,31.0,0.0,0.0,1.0,0.0,0.0,1.0,0.0,0.0,False,False,False,both (US-origin outbound + US-destination inbound pooled)
useastasia,SG,2005,96,0,96,0,0,96,0,2920.0,31.0,0.0,0.0,1.0,0.0,0.0,1.0,0.0,0.0,False,False,False,both (US-origin outbound + US-destination inbound pooled)
useastasia,SG,2006,96,0,96,0,0,96,0,2920.0,31.0,0.0,0.0,1.0,0.0,0.0,1.0,0.0,0.0,False,False,False,both (US-origin outbound + US-destination inbound pooled)
useastasia,SG,2007,112,0,112,0,0,112,0,2920.0,30.0,0.0,0.0,1.0,0.0,0.0,1.0,0.0,0.0,False,False,False,both (US-origin outbound + US-destination inbound pooled)
useastasia,SG,2008,89,0,89,0,0,89,0,2413.0,30.0,0.0,0.0,1.0,0.0,0.0,1.0,0.0,0.0,False,False,False,both (US-origin outbound + US-destination inbound pooled)
useastasia,SG,2009,74,0,74,0,0,74,0,2254.0,31.0,0.0,0.0,1.0,0.0,0.0,1.0,0.0,0.0,False,False,False,both (US-origin outbound + US-destination inbound pooled)
useastasia,SG,2010,72,0,72,0,0,72,0,2190.0,31.0,0.0,0.0,1.0,0.0,0.0,1.0,0.0,0.0,False,False,False,both (US-origin outbound + US-destination inbound pooled)
useastasia,SG,2011,76,0,76,0,0,76,0,2190.0,31.0,0.0,0.0,1.0,0.0,0.0,1.0,0.0,0.0,False,False,False,both (US-origin outbound + US-destination inbound pooled)
useastasia,SG,2012,74,0,74,0,0,74,0,2197.0,31.0,0.0,0.0,1.0,0.0,0.0,1.0,0.0,0.0,False,False,False,both (US-origin outbound + US-destination inbound pooled)
useastasia,SG,2013,74,0,74,0,0,74,0,2188.0,31.0,0.0,0.0,1.0,0.0,0.0,1.0,0.0,0.0,False,False,False,both (US-origin outbound + US-destination inbound pooled)
useastasia,SG,2014,72,0,72,0,0,72,0,2189.0,31.0,0.0,0.0,1.0,0.0,0.0,1.0,0.0,0.0,False,False,False,both (US-origin outbound + US-destination inbound pooled)
useastasia,SG,2015,72,0,72,0,0,72,0,2190.0,31.0,0.0,0.0,1.0,0.0,0.0,1.0,0.0,0.0,False,False,False,both (US-origin outbound + US-destination inbound pooled)
useastasia,SG,2016,76,0,76,0,0,76,0,2196.0,30.5,0.0,0.0,1.0,0.0,0.0,1.0,0.0,0.0,False,False,False,both (US-origin outbound + US-destination inbound pooled)
useastasia,SG,2017,72,0,72,0,0,72,0,2190.0,31.0,0.0,0.0,1.0,0.0,0.0,1.0,0.0,0.0,False,False,False,both (US-origin outbound + US-destination inbound pooled)
useastasia,SG,2018,70,0,70,0,0,70,0,2125.0,31.0,0.0,0.0,1.0,0.0,0.0,1.0,0.0,0.0,False,False,False,both (US-origin outbound + US-destination inbound pooled)
useastasia,SG,2019,48,0,48,0,0,48,0,1454.0,30.0,0.0,0.0,1.0,0.0,0.0,1.0,0.0,0.0,False,False,False,both (US-origin outbound + US-destination inbound pooled)
useastasia,SG,2020,14,0,14,0,0,14,0,336.0,29.0,0.0,0.0,1.0,0.0,0.0,1.0,0.0,0.0,True,False,False,both (US-origin outbound + US-destination inbound pooled)
useastasia,SG,2021,14,0,14,0,0,14,0,214.0,13.0,0.0,0.0,1.0,0.0,0.0,1.0,0.0,0.0,True,False,False,both (US-origin outbound + US-destination inbound pooled)
useastasia,SG,2022,24,0,24,0,0,24,0,658.0,30.0,0.0,0.0,1.0,0.0,0.0,1.0,0.0,0.0,False,False,False,both (US-origin outbound + US-destination inbound pooled)
useastasia,SG,2023,26,0,26,0,0,26,0,792.0,31.0,0.0,0.0,1.0,0.0,0.0,1.0,0.0,0.0,False,False,False,both (US-origin outbound + US-destination inbound pooled)
useastasia,SG,2024,24,0,24,0,0,24,0,728.0,31.0,0.0,0.0,1.0,0.0,0.0,1.0,0.0,0.0,False,False,False,both (US-origin outbound + US-destination inbound pooled)
useastasia,SG,2025,22,0,22,0,0,22,0,658.0,31.0,0.0,0.0,1.0,0.0,0.0,1.0,0.0,0.0,False,False,False,both (US-origin outbound + US-destination inbound pooled)
useastasia,TH,1990,32,0,32,0,0,32,0,469.0,17.0,0.0,0.0,1.0,0.0,0.0,1.0,0.0,0.0,False,False,False,both (US-origin outbound + US-destination inbound pooled)
useastasia,TH,1991,50,0,50,0,0,50,0,722.0,14.0,0.0,0.0,1.0,0.0,0.0,1.0,0.0,0.0,False,False,False,both (US-origin outbound + US-destination inbound pooled)
useastasia,TH,1992,52,0,52,0,0,52,0,671.0,13.0,0.0,0.0,1.0,0.0,0.0,1.0,0.0,0.0,False,False,False,both (US-origin outbound + US-destination inbound pooled)
useastasia,TH,1993,20,0,20,0,0,20,0,346.0,17.0,0.0,0.0,1.0,0.0,0.0,1.0,0.0,0.0,False,False,False,both (US-origin outbound + US-destination inbound pooled)
useastasia,TH,1999,20,0,20,0,0,20,0,319.0,17.0,0.0,0.0,1.0,0.0,0.0,1.0,0.0,0.0,False,False,False,both (US-origin outbound + US-destination inbound pooled)
useastasia,TH,2000,24,0,24,0,0,24,0,418.0,17.0,0.0,0.0,1.0,0.0,0.0,1.0,0.0,0.0,False,False,False,both (US-origin outbound + US-destination inbound pooled)
useastasia,TH,2001,24,0,24,0,0,24,0,401.0,17.0,0.0,0.0,1.0,0.0,0.0,1.0,0.0,0.0,False,False,False,both (US-origin outbound + US-destination inbound pooled)
useastasia,TH,2002,24,0,24,0,0,24,0,390.0,17.0,0.0,0.0,1.0,0.0,0.0,1.0,0.0,0.0,False,False,False,both (US-origin outbound + US-destination inbound pooled)
useastasia,TH,2003,24,0,24,0,0,24,0,399.0,17.0,0.0,0.0,1.0,0.0,0.0,1.0,0.0,0.0,False,False,False,both (US-origin outbound + US-destination inbound pooled)
useastasia,TH,2004,6,0,6,0,0,6,0,99.0,16.5,0.0,0.0,1.0,0.0,0.0,1.0,0.0,0.0,False,False,False,both (US-origin outbound + US-destination inbound pooled)
useastasia,TH,2012,20,0,20,0,0,20,0,280.0,17.0,0.0,0.0,1.0,0.0,0.0,1.0,0.0,0.0,False,False,False,both (US-origin outbound + US-destination inbound pooled)
useastasia,TH,2013,24,0,24,0,0,24,0,418.0,17.5,0.0,0.0,1.0,0.0,0.0,1.0,0.0,0.0,False,False,False,both (US-origin outbound + US-destination inbound pooled)
useastasia,TH,2014,32,0,32,0,0,32,0,417.0,16.0,0.0,0.0,1.0,0.0,0.0,1.0,0.0,0.0,False,False,False,both (US-origin outbound + US-destination inbound pooled)
useastasia,TH,2015,22,0,22,0,0,22,0,339.0,17.0,0.0,0.0,1.0,0.0,0.0,1.0,0.0,0.0,False,False,False,both (US-origin outbound + US-destination inbound pooled)
useastasia,TW,1990,136,0,136,0,0,136,0,1870.0,13.0,0.0,0.0,1.0,0.0,0.0,1.0,0.0,0.0,False,False,False,both (US-origin outbound + US-destination inbound pooled)
useastasia,TW,1991,150,0,150,0,0,150,0,1820.0,12.0,0.0,0.0,1.0,0.0,0.0,1.0,0.0,0.0,False,False,False,both (US-origin outbound + US-destination inbound pooled)
useastasia,TW,1992,162,0,162,0,0,162,0,2051.0,12.0,0.0,0.0,1.0,0.0,0.0,1.0,0.0,0.0,False,False,False,both (US-origin outbound + US-destination inbound pooled)
useastasia,TW,1993,189,0,189,0,0,189,0,3523.0,21.0,0.0,0.0,1.0,0.0,0.0,1.0,0.0,0.0,False,False,False,both (US-origin outbound + US-destination inbound pooled)
useastasia,TW,1994,263,0,263,0,0,263,0,5096.0,19.0,0.0,0.0,1.0,0.0,0.0,1.0,0.0,0.0,False,False,False,both (US-origin outbound + US-destination inbound pooled)
useastasia,TW,1995,257,0,257,0,0,257,0,6158.0,22.0,0.0,0.0,1.0,0.0,0.0,1.0,0.0,0.0,False,False,False,both (US-origin outbound + US-destination inbound pooled)
useastasia,TW,1996,288,0,288,0,0,288,0,6578.0,18.0,0.0,0.0,1.0,0.0,0.0,1.0,0.0,0.0,False,False,False,both (US-origin outbound + US-destination inbound pooled)
useastasia,TW,1997,307,0,307,0,0,307,0,6795.0,22.0,0.0,0.0,1.0,0.0,0.0,1.0,0.0,0.0,False,False,False,both (US-origin outbound + US-destination inbound pooled)
useastasia,TW,1998,259,0,259,0,0,259,0,6790.0,22.0,0.0,0.0,1.0,0.0,0.0,1.0,0.0,0.0,False,False,False,both (US-origin outbound + US-destination inbound pooled)
useastasia,TW,1999,269,0,269,0,0,269,0,6905.0,22.0,0.0,0.0,1.0,0.0,0.0,1.0,0.0,0.0,False,False,False,both (US-origin outbound + US-destination inbound pooled)
useastasia,TW,2000,256,0,256,0,0,256,0,7135.0,22.0,0.0,0.0,1.0,0.0,0.0,1.0,0.0,0.0,False,False,False,both (US-origin outbound + US-destination inbound pooled)
useastasia,TW,2001,244,0,244,0,0,244,0,6482.0,22.0,0.0,0.0,1.0,0.0,0.0,1.0,0.0,0.0,False,False,False,both (US-origin outbound + US-destination inbound pooled)
useastasia,TW,2002,240,0,240,0,0,240,0,6768.0,28.5,0.0,0.0,1.0,0.0,0.0,1.0,0.0,0.0,False,False,False,both (US-origin outbound + US-destination inbound pooled)
useastasia,TW,2003,254,0,254,0,0,254,0,6707.0,25.0,0.0,0.0,1.0,0.0,0.0,1.0,0.0,0.0,False,False,False,both (US-origin outbound + US-destination inbound pooled)
useastasia,TW,2004,278,0,278,0,0,278,0,7154.0,22.0,0.0,0.0,1.0,0.0,0.0,1.0,0.0,0.0,False,False,False,both (US-origin outbound + US-destination inbound pooled)
useastasia,TW,2005,288,0,288,0,0,288,0,7646.0,22.0,0.0,0.0,1.0,0.0,0.0,1.0,0.0,0.0,False,False,False,both (US-origin outbound + US-destination inbound pooled)
useastasia,TW,2006,297,0,297,0,0,297,0,7892.0,21.0,0.0,0.0,1.0,0.0,0.0,1.0,0.0,0.0,False,False,False,both (US-origin outbound + US-destination inbound pooled)
useastasia,TW,2007,305,0,305,0,0,305,0,7713.0,19.0,0.0,0.0,1.0,0.0,0.0,1.0,0.0,0.0,False,False,False,both (US-origin outbound + US-destination inbound pooled)
useastasia,TW,2008,304,0,304,0,0,304,0,7169.0,18.0,0.0,0.0,1.0,0.0,0.0,1.0,0.0,0.0,False,False,False,both (US-origin outbound + US-destination inbound pooled)
useastasia,TW,2009,288,0,288,0,0,288,0,6969.0,16.5,0.0,0.0,1.0,0.0,0.0,1.0,0.0,0.0,False,False,False,both (US-origin outbound + US-destination inbound pooled)
useastasia,TW,2010,279,0,279,0,0,279,0,6871.0,18.0,0.0,0.0,1.0,0.0,0.0,1.0,0.0,0.0,False,False,False,both (US-origin outbound + US-destination inbound pooled)
useastasia,TW,2011,251,0,251,0,0,251,0,6599.0,20.0,0.0,0.0,1.0,0.0,0.0,1.0,0.0,0.0,False,False,False,both (US-origin outbound + US-destination inbound pooled)
useastasia,TW,2012,243,0,243,0,0,243,0,6947.0,22.0,0.0,0.0,1.0,0.0,0.0,1.0,0.0,0.0,False,False,False,both (US-origin outbound + US-destination inbound pooled)
useastasia,TW,2013,263,0,263,0,0,263,0,7473.0,22.0,0.0,0.0,1.0,0.0,0.0,1.0,0.0,0.0,False,False,False,both (US-origin outbound + US-destination inbound pooled)
useastasia,TW,2014,297,0,297,0,0,297,0,8200.0,22.0,0.0,0.0,1.0,0.0,0.0,1.0,0.0,0.0,False,False,False,both (US-origin outbound + US-destination inbound pooled)
useastasia,TW,2015,335,0,335,0,0,335,0,9106.0,18.0,0.0,0.0,1.0,0.0,0.0,1.0,0.0,0.0,False,False,False,both (US-origin outbound + US-destination inbound pooled)
useastasia,TW,2016,332,0,332,0,0,332,0,10260.0,25.5,0.0,0.0,1.0,0.0,0.0,1.0,0.0,0.0,False,False,False,both (US-origin outbound + US-destination inbound pooled)
useastasia,TW,2017,306,0,306,0,0,306,0,11394.0,31.0,0.0,0.0,1.0,0.0,0.0,1.0,0.0,0.0,False,False,False,both (US-origin outbound + US-destination inbound pooled)
useastasia,TW,2018,288,0,288,0,0,288,0,10354.0,30.0,0.0,0.0,1.0,0.0,0.0,1.0,0.0,0.0,False,False,False,both (US-origin outbound + US-destination inbound pooled)
useastasia,TW,2019,296,0,296,0,0,296,0,10257.0,30.0,0.0,0.0,1.0,0.0,0.0,1.0,0.0,0.0,False,False,False,both (US-origin outbound + US-destination inbound pooled)
useastasia,TW,2020,231,0,231,0,0,231,0,5612.0,14.0,0.0,0.0,1.0,0.0,0.0,1.0,0.0,0.0,True,False,False,both (US-origin outbound + US-destination inbound pooled)
useastasia,TW,2021,212,0,212,0,0,212,0,3697.0,9.0,0.0,0.0,1.0,0.0,0.0,1.0,0.0,0.0,True,False,False,both (US-origin outbound + US-destination inbound pooled)
useastasia,TW,2022,219,0,219,0,0,219,0,5007.0,17.0,0.0,0.0,1.0,0.0,0.0,1.0,0.0,0.0,False,False,False,both (US-origin outbound + US-destination inbound pooled)
useastasia,TW,2023,301,0,301,0,0,301,0,9729.0,30.0,0.0,0.0,1.0,0.0,0.0,1.0,0.0,0.0,False,False,False,both (US-origin outbound + US-destination inbound pooled)
useastasia,TW,2024,336,0,336,0,0,336,0,10769.0,30.0,0.0,0.0,1.0,0.0,0.0,1.0,0.0,0.0,False,False,False,both (US-origin outbound + US-destination inbound pooled)
useastasia,TW,2025,355,0,355,0,0,355,0,11204.0,28.0,0.0,0.0,1.0,0.0,0.0,1.0,0.0,0.0,False,False,False,both (US-origin outbound + US-destination inbound pooled)
useastasia,US,1990,897,897,0,0,897,0,0,20299.0,25.0,0.0,1.0,0.0,0.0,1.0,0.0,0.0,0.0,False,False,True,both (US-origin outbound + US-destination inbound pooled)
useastasia,US,1991,1088,1088,0,0,1088,0,0,22277.0,24.0,0.0,1.0,0.0,0.0,1.0,0.0,0.0,0.0,False,False,True,both (US-origin outbound + US-destination inbound pooled)
useastasia,US,1992,1127,1127,0,0,1127,0,0,23243.0,24.0,0.0,1.0,0.0,0.0,1.0,0.0,0.0,0.0,False,False,True,both (US-origin outbound + US-destination inbound pooled)
useastasia,US,1993,1128,1128,0,0,1128,0,0,23651.0,24.0,0.0,1.0,0.0,0.0,1.0,0.0,0.0,0.0,False,False,True,both (US-origin outbound + US-destination inbound pooled)
useastasia,US,1994,1123,1123,0,0,1123,0,0,24363.0,25.0,0.0,1.0,0.0,0.0,1.0,0.0,0.0,0.0,False,False,True,both (US-origin outbound + US-destination inbound pooled)
useastasia,US,1995,1191,1191,0,0,1191,0,0,25136.0,25.0,0.0,1.0,0.0,0.0,1.0,0.0,0.0,0.0,False,False,True,both (US-origin outbound + US-destination inbound pooled)
useastasia,US,1996,1091,1091,0,0,1091,0,0,24793.0,26.0,0.0,1.0,0.0,0.0,1.0,0.0,0.0,0.0,False,False,True,both (US-origin outbound + US-destination inbound pooled)
useastasia,US,1997,1010,1010,0,0,1010,0,0,25010.0,28.0,0.0,1.0,0.0,0.0,1.0,0.0,0.0,0.0,False,False,True,both (US-origin outbound + US-destination inbound pooled)
useastasia,US,1998,1042,1042,0,0,1042,0,0,24849.0,28.0,0.0,1.0,0.0,0.0,1.0,0.0,0.0,0.0,False,False,True,both (US-origin outbound + US-destination inbound pooled)
useastasia,US,1999,1071,1071,0,0,1071,0,0,26353.0,29.0,0.0,1.0,0.0,0.0,1.0,0.0,0.0,0.0,False,False,True,both (US-origin outbound + US-destination inbound pooled)
useastasia,US,2000,1006,1006,0,0,1006,0,0,27071.0,30.0,0.0,1.0,0.0,0.0,1.0,0.0,0.0,0.0,False,False,True,both (US-origin outbound + US-destination inbound pooled)
useastasia,US,2001,1015,1015,0,0,1015,0,0,27606.0,30.0,0.0,1.0,0.0,0.0,1.0,0.0,0.0,0.0,False,False,True,both (US-origin outbound + US-destination inbound pooled)
useastasia,US,2002,893,893,0,0,893,0,0,25553.0,30.0,0.0,1.0,0.0,0.0,1.0,0.0,0.0,0.0,False,False,True,both (US-origin outbound + US-destination inbound pooled)
useastasia,US,2003,899,899,0,0,899,0,0,24528.0,30.0,0.0,1.0,0.0,0.0,1.0,0.0,0.0,0.0,False,False,True,both (US-origin outbound + US-destination inbound pooled)
useastasia,US,2004,998,998,0,0,998,0,0,28247.0,30.0,0.0,1.0,0.0,0.0,1.0,0.0,0.0,0.0,False,False,True,both (US-origin outbound + US-destination inbound pooled)
useastasia,US,2005,1069,1069,0,0,1069,0,0,30136.0,30.0,0.0,1.0,0.0,0.0,1.0,0.0,0.0,0.0,False,False,True,both (US-origin outbound + US-destination inbound pooled)
useastasia,US,2006,1046,1046,0,0,1046,0,0,30311.0,30.0,0.0,1.0,0.0,0.0,1.0,0.0,0.0,0.0,False,False,True,both (US-origin outbound + US-destination inbound pooled)
useastasia,US,2007,1113,1113,0,0,1113,0,0,32121.0,30.0,0.0,1.0,0.0,0.0,1.0,0.0,0.0,0.0,False,False,True,both (US-origin outbound + US-destination inbound pooled)
useastasia,US,2008,1078,1078,0,0,1078,0,0,33056.0,30.0,0.0,1.0,0.0,0.0,1.0,0.0,0.0,0.0,False,False,True,both (US-origin outbound + US-destination inbound pooled)
useastasia,US,2009,1120,1120,0,0,1120,0,0,32229.0,30.0,0.0,1.0,0.0,0.0,1.0,0.0,0.0,0.0,False,False,True,both (US-origin outbound + US-destination inbound pooled)
useastasia,US,2010,1270,1270,0,0,1270,0,0,35203.0,30.0,0.0,1.0,0.0,0.0,1.0,0.0,0.0,0.0,False,False,True,both (US-origin outbound + US-destination inbound pooled)
useastasia,US,2011,1455,1455,0,0,1455,0,0,37999.0,29.0,0.0,1.0,0.0,0.0,1.0,0.0,0.0,0.0,False,False,True,both (US-origin outbound + US-destination inbound pooled)
useastasia,US,2012,1434,1434,0,0,1434,0,0,39579.0,30.0,0.0,1.0,0.0,0.0,1.0,0.0,0.0,0.0,False,False,True,both (US-origin outbound + US-destination inbound pooled)
useastasia,US,2013,1470,1470,0,0,1470,0,0,40433.0,30.0,0.0,1.0,0.0,0.0,1.0,0.0,0.0,0.0,False,False,True,both (US-origin outbound + US-destination inbound pooled)
useastasia,US,2014,1635,1635,0,0,1635,0,0,41653.0,29.0,0.0,1.0,0.0,0.0,1.0,0.0,0.0,0.0,False,False,True,both (US-origin outbound + US-destination inbound pooled)
useastasia,US,2015,1733,1733,0,0,1733,0,0,43249.0,29.0,0.0,1.0,0.0,0.0,1.0,0.0,0.0,0.0,False,False,True,both (US-origin outbound + US-destination inbound pooled)
useastasia,US,2016,1780,1780,0,0,1780,0,0,43472.0,29.0,0.0,1.0,0.0,0.0,1.0,0.0,0.0,0.0,False,False,True,both (US-origin outbound + US-destination inbound pooled)
useastasia,US,2017,1866,1866,0,0,1866,0,0,44975.0,29.0,0.0,1.0,0.0,0.0,1.0,0.0,0.0,0.0,False,False,True,both (US-origin outbound + US-destination inbound pooled)
useastasia,US,2018,1770,1770,0,0,1770,0,0,44044.0,30.0,0.0,1.0,0.0,0.0,1.0,0.0,0.0,0.0,False,False,True,both (US-origin outbound + US-destination inbound pooled)
useastasia,US,2019,1734,1734,0,0,1734,0,0,42148.0,29.0,0.0,1.0,0.0,0.0,1.0,0.0,0.0,0.0,False,False,True,both (US-origin outbound + US-destination inbound pooled)
useastasia,US,2020,820,820,0,0,820,0,0,14160.0,16.0,0.0,1.0,0.0,0.0,1.0,0.0,0.0,0.0,True,False,True,both (US-origin outbound + US-destination inbound pooled)
useastasia,US,2021,657,657,0,0,657,0,0,12166.0,19.0,0.0,1.0,0.0,0.0,1.0,0.0,0.0,0.0,True,False,True,both (US-origin outbound + US-destination inbound pooled)
useastasia,US,2022,638,638,0,0,638,0,0,13573.0,23.0,0.0,1.0,0.0,0.0,1.0,0.0,0.0,0.0,False,False,True,both (US-origin outbound + US-destination inbound pooled)
useastasia,US,2023,1011,1011,0,0,1011,0,0,25127.0,29.0,0.0,1.0,0.0,0.0,1.0,0.0,0.0,0.0,False,False,True,both (US-origin outbound + US-destination inbound pooled)
useastasia,US,2024,1209,1209,0,0,1209,0,0,34077.0,30.0,0.0,1.0,0.0,0.0,1.0,0.0,0.0,0.0,False,False,True,both (US-origin outbound + US-destination inbound pooled)
useastasia,US,2025,1317,1317,0,0,1317,0,0,37058.0,30.0,0.0,1.0,0.0,0.0,1.0,0.0,0.0,0.0,False,False,True,both (US-origin outbound + US-destination inbound pooled)
useurope_placebo,AE,2015,1,0,1,0,0,1,0,1.0,1.0,0.0,0.0,1.0,0.0,0.0,1.0,0.0,0.0,False,False,False,both (US-origin outbound + US-destination inbound pooled)
useurope_placebo,AE,2022,1,0,1,0,0,1,0,1.0,1.0,0.0,0.0,1.0,0.0,0.0,1.0,0.0,0.0,False,False,False,both (US-origin outbound + US-destination inbound pooled)
useurope_placebo,AR,2023,22,0,22,0,0,22,0,532.0,30.0,532.0,0.0,1.0,0.0,0.0,1.0,0.0,1.0,False,False,False,both (US-origin outbound + US-destination inbound pooled)
useurope_placebo,AR,2024,42,0,42,0,0,42,0,848.0,19.0,848.0,0.0,1.0,0.0,0.0,1.0,0.0,1.0,False,False,False,both (US-origin outbound + US-destination inbound pooled)
useurope_placebo,AR,2025,30,0,30,0,0,30,0,523.0,14.5,523.0,0.0,1.0,0.0,0.0,1.0,0.0,1.0,False,False,False,both (US-origin outbound + US-destination inbound pooled)
useurope_placebo,BD,1993,2,0,2,0,0,2,0,4.0,2.0,0.0,0.0,1.0,0.0,0.0,1.0,0.0,0.0,False,False,False,both (US-origin outbound + US-destination inbound pooled)
useurope_placebo,BD,1994,24,0,24,0,0,24,0,102.0,4.0,0.0,0.0,1.0,0.0,0.0,1.0,0.0,0.0,False,False,False,both (US-origin outbound + US-destination inbound pooled)
useurope_placebo,BD,1995,20,0,20,0,0,20,0,172.0,9.0,0.0,0.0,1.0,0.0,0.0,1.0,0.0,0.0,False,False,False,both (US-origin outbound + US-destination inbound pooled)
useurope_placebo,BD,2000,14,0,14,0,0,14,0,64.0,5.0,0.0,0.0,1.0,0.0,0.0,1.0,0.0,0.0,False,False,False,both (US-origin outbound + US-destination inbound pooled)
useurope_placebo,BD,2001,10,0,10,0,0,10,0,42.0,4.0,0.0,0.0,1.0,0.0,0.0,1.0,0.0,0.0,False,False,False,both (US-origin outbound + US-destination inbound pooled)
useurope_placebo,CA,1992,1,0,1,0,0,1,0,1.0,1.0,0.0,0.0,1.0,0.0,0.0,1.0,0.0,0.0,False,False,False,both (US-origin outbound + US-destination inbound pooled)
useurope_placebo,CA,1998,1,0,1,0,0,1,0,1.0,1.0,0.0,0.0,1.0,0.0,0.0,1.0,0.0,0.0,False,False,False,both (US-origin outbound + US-destination inbound pooled)
useurope_placebo,CA,2004,1,0,1,0,0,1,0,1.0,1.0,0.0,0.0,1.0,0.0,0.0,1.0,0.0,0.0,False,False,False,both (US-origin outbound + US-destination inbound pooled)
useurope_placebo,CA,2013,1,0,1,0,0,1,0,1.0,1.0,0.0,0.0,1.0,0.0,0.0,1.0,0.0,0.0,False,False,False,both (US-origin outbound + US-destination inbound pooled)
useurope_placebo,CA,2014,2,0,2,0,0,2,0,12.0,6.0,0.0,0.0,1.0,0.0,0.0,1.0,0.0,0.0,False,False,False,both (US-origin outbound + US-destination inbound pooled)
useurope_placebo,CA,2015,8,0,8,0,0,8,0,52.0,5.0,0.0,0.0,1.0,0.0,0.0,1.0,0.0,0.0,False,False,False,both (US-origin outbound + US-destination inbound pooled)
useurope_placebo,CA,2016,9,0,9,0,0,9,0,63.0,4.0,0.0,0.0,1.0,0.0,0.0,1.0,0.0,0.0,False,False,False,both (US-origin outbound + US-destination inbound pooled)
useurope_placebo,CA,2017,2,0,2,0,0,2,0,26.0,13.0,0.0,0.0,1.0,0.0,0.0,1.0,0.0,0.0,False,False,False,both (US-origin outbound + US-destination inbound pooled)
useurope_placebo,CA,2022,1,0,1,0,0,1,0,1.0,1.0,0.0,0.0,1.0,0.0,0.0,1.0,0.0,0.0,False,False,False,both (US-origin outbound + US-destination inbound pooled)
useurope_placebo,CA,2024,2,0,2,0,0,2,0,2.0,1.0,2.0,0.0,1.0,0.0,0.0,1.0,0.0,1.0,False,False,False,both (US-origin outbound + US-destination inbound pooled)
useurope_placebo,CH,2005,7,0,7,0,0,7,0,97.0,22.0,0.0,0.0,1.0,0.0,0.0,1.0,0.0,0.0,False,False,False,both (US-origin outbound + US-destination inbound pooled)
useurope_placebo,CH,2006,24,0,24,0,0,24,0,551.0,26.0,0.0,0.0,1.0,0.0,0.0,1.0,0.0,0.0,False,False,False,both (US-origin outbound + US-destination inbound pooled)
useurope_placebo,CH,2007,30,0,30,0,0,30,0,697.0,25.5,0.0,0.0,1.0,0.0,0.0,1.0,0.0,0.0,False,False,False,both (US-origin outbound + US-destination inbound pooled)
useurope_placebo,CH,2008,45,0,45,0,0,45,0,1047.0,25.0,0.0,0.0,1.0,0.0,0.0,1.0,0.0,0.0,False,False,False,both (US-origin outbound + US-destination inbound pooled)
useurope_placebo,CH,2009,25,0,25,0,0,25,0,578.0,25.0,0.0,0.0,1.0,0.0,0.0,1.0,0.0,0.0,False,False,False,both (US-origin outbound + US-destination inbound pooled)
useurope_placebo,CH,2010,24,0,24,0,0,24,0,576.0,26.0,0.0,0.0,1.0,0.0,0.0,1.0,0.0,0.0,False,False,False,both (US-origin outbound + US-destination inbound pooled)
useurope_placebo,CH,2011,20,0,20,0,0,20,0,478.0,25.0,0.0,0.0,1.0,0.0,0.0,1.0,0.0,0.0,False,False,False,both (US-origin outbound + US-destination inbound pooled)
useurope_placebo,CH,2015,1,0,1,0,0,1,0,1.0,1.0,0.0,0.0,1.0,0.0,0.0,1.0,0.0,0.0,False,False,False,both (US-origin outbound + US-destination inbound pooled)
useurope_placebo,CH,2022,2,0,2,0,0,2,0,2.0,1.0,0.0,0.0,1.0,0.0,0.0,1.0,0.0,0.0,False,False,False,both (US-origin outbound + US-destination inbound pooled)
useurope_placebo,CH,2024,1,0,1,0,0,1,0,1.0,1.0,0.0,0.0,1.0,0.0,0.0,1.0,0.0,0.0,False,False,False,both (US-origin outbound + US-destination inbound pooled)
useurope_placebo,DE,1990,354,0,354,0,0,354,0,8088.0,28.0,0.0,0.0,1.0,0.0,0.0,1.0,0.0,0.0,False,False,False,both (US-origin outbound + US-destination inbound pooled)
useurope_placebo,DE,1991,355,0,355,0,0,355,0,7622.0,22.0,0.0,0.0,1.0,0.0,0.0,1.0,0.0,0.0,False,False,False,both (US-origin outbound + US-destination inbound pooled)
useurope_placebo,DE,1992,462,0,462,0,0,462,0,7980.0,17.0,0.0,0.0,1.0,0.0,0.0,1.0,0.0,0.0,False,False,False,both (US-origin outbound + US-destination inbound pooled)
useurope_placebo,DE,1993,536,0,536,0,0,536,0,8090.0,13.0,0.0,0.0,1.0,0.0,0.0,1.0,0.0,0.0,False,False,False,both (US-origin outbound + US-destination inbound pooled)
useurope_placebo,DE,1994,472,0,472,0,0,472,0,8033.0,14.5,0.0,0.0,1.0,0.0,0.0,1.0,0.0,0.0,False,False,False,both (US-origin outbound + US-destination inbound pooled)
useurope_placebo,DE,1995,419,0,419,0,0,419,0,8001.0,22.0,0.0,0.0,1.0,0.0,0.0,1.0,0.0,0.0,False,False,False,both (US-origin outbound + US-destination inbound pooled)
useurope_placebo,DE,1996,463,0,463,0,0,463,0,8210.0,16.0,0.0,0.0,1.0,0.0,0.0,1.0,0.0,0.0,False,False,False,both (US-origin outbound + US-destination inbound pooled)
useurope_placebo,DE,1997,488,0,488,0,0,488,0,9272.0,24.0,0.0,0.0,1.0,0.0,0.0,1.0,0.0,0.0,False,False,False,both (US-origin outbound + US-destination inbound pooled)
useurope_placebo,DE,1998,547,0,547,0,0,547,0,9887.0,23.0,0.0,0.0,1.0,0.0,0.0,1.0,0.0,0.0,False,False,False,both (US-origin outbound + US-destination inbound pooled)
useurope_placebo,DE,1999,540,0,540,0,0,540,0,11552.0,28.0,0.0,0.0,1.0,0.0,0.0,1.0,0.0,0.0,False,False,False,both (US-origin outbound + US-destination inbound pooled)
useurope_placebo,DE,2000,575,0,575,0,0,575,0,12919.0,29.0,0.0,0.0,1.0,0.0,0.0,1.0,0.0,0.0,False,False,False,both (US-origin outbound + US-destination inbound pooled)
useurope_placebo,DE,2001,614,0,614,0,0,614,0,12830.0,26.0,0.0,0.0,1.0,0.0,0.0,1.0,0.0,0.0,False,False,False,both (US-origin outbound + US-destination inbound pooled)
useurope_placebo,DE,2002,517,0,517,0,0,517,0,13389.0,30.0,0.0,0.0,1.0,0.0,0.0,1.0,0.0,0.0,False,False,False,both (US-origin outbound + US-destination inbound pooled)
useurope_placebo,DE,2003,618,0,618,0,0,618,0,13750.0,28.0,0.0,0.0,1.0,0.0,0.0,1.0,0.0,0.0,False,False,False,both (US-origin outbound + US-destination inbound pooled)
useurope_placebo,DE,2004,578,0,578,0,0,578,0,13925.0,29.0,0.0,0.0,1.0,0.0,0.0,1.0,0.0,0.0,False,False,False,both (US-origin outbound + US-destination inbound pooled)
useurope_placebo,DE,2005,644,0,644,0,0,644,0,14222.0,28.0,0.0,0.0,1.0,0.0,0.0,1.0,0.0,0.0,False,False,False,both (US-origin outbound + US-destination inbound pooled)
useurope_placebo,DE,2006,655,0,655,0,0,655,0,14766.0,28.0,0.0,0.0,1.0,0.0,0.0,1.0,0.0,0.0,False,False,False,both (US-origin outbound + US-destination inbound pooled)
useurope_placebo,DE,2007,644,0,644,0,0,644,0,15659.0,29.0,0.0,0.0,1.0,0.0,0.0,1.0,0.0,0.0,False,False,False,both (US-origin outbound + US-destination inbound pooled)
useurope_placebo,DE,2008,662,0,662,0,0,662,0,15196.0,28.0,0.0,0.0,1.0,0.0,0.0,1.0,0.0,0.0,False,False,False,both (US-origin outbound + US-destination inbound pooled)
useurope_placebo,DE,2009,654,0,654,0,0,654,0,13726.0,25.0,0.0,0.0,1.0,0.0,0.0,1.0,0.0,0.0,False,False,False,both (US-origin outbound + US-destination inbound pooled)
useurope_placebo,DE,2010,680,0,680,0,0,680,0,13854.0,25.0,0.0,0.0,1.0,0.0,0.0,1.0,0.0,0.0,False,False,False,both (US-origin outbound + US-destination inbound pooled)
useurope_placebo,DE,2011,744,0,744,0,0,744,0,14631.0,24.0,0.0,0.0,1.0,0.0,0.0,1.0,0.0,0.0,False,False,False,both (US-origin outbound + US-destination inbound pooled)
useurope_placebo,DE,2012,771,0,771,0,0,771,0,14173.0,23.0,0.0,0.0,1.0,0.0,0.0,1.0,0.0,0.0,False,False,False,both (US-origin outbound + US-destination inbound pooled)
useurope_placebo,DE,2013,789,0,789,0,0,789,0,14055.0,17.0,0.0,0.0,1.0,0.0,0.0,1.0,0.0,0.0,False,False,False,both (US-origin outbound + US-destination inbound pooled)
useurope_placebo,DE,2014,784,0,784,0,0,784,0,13958.0,19.0,0.0,0.0,1.0,0.0,0.0,1.0,0.0,0.0,False,False,False,both (US-origin outbound + US-destination inbound pooled)
useurope_placebo,DE,2015,756,0,756,0,0,756,0,14048.0,21.0,0.0,0.0,1.0,0.0,0.0,1.0,0.0,0.0,False,False,False,both (US-origin outbound + US-destination inbound pooled)
useurope_placebo,DE,2016,691,0,691,0,0,691,0,15062.0,27.0,0.0,0.0,1.0,0.0,0.0,1.0,0.0,0.0,False,False,False,both (US-origin outbound + US-destination inbound pooled)
useurope_placebo,DE,2017,771,0,771,0,0,771,0,15563.0,23.0,0.0,0.0,1.0,0.0,0.0,1.0,0.0,0.0,False,False,False,both (US-origin outbound + US-destination inbound pooled)
useurope_placebo,DE,2018,809,0,809,0,0,809,0,15918.0,23.0,0.0,0.0,1.0,0.0,0.0,1.0,0.0,0.0,False,False,False,both (US-origin outbound + US-destination inbound pooled)
useurope_placebo,DE,2019,845,0,845,0,0,845,0,16752.0,22.0,0.0,0.0,1.0,0.0,0.0,1.0,0.0,0.0,False,False,False,both (US-origin outbound + US-destination inbound pooled)
useurope_placebo,DE,2020,329,0,329,0,0,329,0,5273.0,14.0,1.0,0.0,1.0,0.0,0.0,1.0,0.0,0.00018964536317087047,True,False,False,both (US-origin outbound + US-destination inbound pooled)
useurope_placebo,DE,2021,481,0,481,0,0,481,0,8140.0,17.0,0.0,0.0,1.0,0.0,0.0,1.0,0.0,0.0,True,False,False,both (US-origin outbound + US-destination inbound pooled)
useurope_placebo,DE,2022,1000,0,1000,0,0,1000,0,13216.0,13.0,0.0,0.0,1.0,0.0,0.0,1.0,0.0,0.0,False,False,False,both (US-origin outbound + US-destination inbound pooled)
useurope_placebo,DE,2023,982,0,982,0,0,982,0,14389.0,13.0,0.0,0.0,1.0,0.0,0.0,1.0,0.0,0.0,False,False,False,both (US-origin outbound + US-destination inbound pooled)
useurope_placebo,DE,2024,964,0,964,0,0,964,0,15442.0,15.0,0.0,0.0,1.0,0.0,0.0,1.0,0.0,0.0,False,False,False,both (US-origin outbound + US-destination inbound pooled)
useurope_placebo,DE,2025,885,0,885,0,0,885,0,15638.0,19.0,0.0,0.0,1.0,0.0,0.0,1.0,0.0,0.0,False,False,False,both (US-origin outbound + US-destination inbound pooled)
useurope_placebo,ES,1990,197,0,197,0,0,197,0,2078.0,8.0,0.0,0.0,1.0,0.0,0.0,1.0,0.0,0.0,False,False,False,both (US-origin outbound + US-destination inbound pooled)
useurope_placebo,ES,1991,150,0,150,0,0,150,0,1753.0,10.0,0.0,0.0,1.0,0.0,0.0,1.0,0.0,0.0,False,False,False,both (US-origin outbound + US-destination inbound pooled)
useurope_placebo,ES,1992,144,0,144,0,0,144,0,2084.0,8.0,0.0,0.0,1.0,0.0,0.0,1.0,0.0,0.0,False,False,False,both (US-origin outbound + US-destination inbound pooled)
useurope_placebo,ES,1993,170,0,170,0,0,170,0,2066.0,9.0,0.0,0.0,1.0,0.0,0.0,1.0,0.0,0.0,False,False,False,both (US-origin outbound + US-destination inbound pooled)
useurope_placebo,ES,1994,118,0,118,0,0,118,0,1795.0,13.0,0.0,0.0,1.0,0.0,0.0,1.0,0.0,0.0,False,False,False,both (US-origin outbound + US-destination inbound pooled)
useurope_placebo,ES,1995,126,0,126,0,0,126,0,1930.0,12.5,0.0,0.0,1.0,0.0,0.0,1.0,0.0,0.0,False,False,False,both (US-origin outbound + US-destination inbound pooled)
useurope_placebo,ES,1996,184,0,184,0,0,184,0,2446.0,9.0,0.0,0.0,1.0,0.0,0.0,1.0,0.0,0.0,False,False,False,both (US-origin outbound + US-destination inbound pooled)
useurope_placebo,ES,1997,231,0,231,0,0,231,0,2818.0,9.0,0.0,0.0,1.0,0.0,0.0,1.0,0.0,0.0,False,False,False,both (US-origin outbound + US-destination inbound pooled)
useurope_placebo,ES,1998,243,0,243,0,0,243,0,3045.0,12.0,0.0,0.0,1.0,0.0,0.0,1.0,0.0,0.0,False,False,False,both (US-origin outbound + US-destination inbound pooled)
useurope_placebo,ES,1999,278,0,278,0,0,278,0,3792.0,13.0,0.0,0.0,1.0,0.0,0.0,1.0,0.0,0.0,False,False,False,both (US-origin outbound + US-destination inbound pooled)
useurope_placebo,ES,2000,275,0,275,0,0,275,0,4293.0,13.0,0.0,0.0,1.0,0.0,0.0,1.0,0.0,0.0,False,False,False,both (US-origin outbound + US-destination inbound pooled)
useurope_placebo,ES,2001,243,0,243,0,0,243,0,4040.0,16.0,0.0,0.0,1.0,0.0,0.0,1.0,0.0,0.0,False,False,False,both (US-origin outbound + US-destination inbound pooled)
useurope_placebo,ES,2002,197,0,197,0,0,197,0,3341.0,13.0,0.0,0.0,1.0,0.0,0.0,1.0,0.0,0.0,False,False,False,both (US-origin outbound + US-destination inbound pooled)
useurope_placebo,ES,2003,148,0,148,0,0,148,0,3378.0,25.5,0.0,0.0,1.0,0.0,0.0,1.0,0.0,0.0,False,False,False,both (US-origin outbound + US-destination inbound pooled)
useurope_placebo,ES,2004,176,0,176,0,0,176,0,3472.0,18.0,0.0,0.0,1.0,0.0,0.0,1.0,0.0,0.0,False,False,False,both (US-origin outbound + US-destination inbound pooled)
useurope_placebo,ES,2005,243,0,243,0,0,243,0,3211.0,9.0,0.0,0.0,1.0,0.0,0.0,1.0,0.0,0.0,False,False,False,both (US-origin outbound + US-destination inbound pooled)
useurope_placebo,ES,2006,229,0,229,0,0,229,0,3375.0,12.0,0.0,0.0,1.0,0.0,0.0,1.0,0.0,0.0,False,False,False,both (US-origin outbound + US-destination inbound pooled)
useurope_placebo,ES,2007,218,0,218,0,0,218,0,3869.0,17.0,0.0,0.0,1.0,0.0,0.0,1.0,0.0,0.0,False,False,False,both (US-origin outbound + US-destination inbound pooled)
useurope_placebo,ES,2008,236,0,236,0,0,236,0,4074.0,16.0,0.0,0.0,1.0,0.0,0.0,1.0,0.0,0.0,False,False,False,both (US-origin outbound + US-destination inbound pooled)
useurope_placebo,ES,2009,284,0,284,0,0,284,0,4295.0,14.0,0.0,0.0,1.0,0.0,0.0,1.0,0.0,0.0,False,False,False,both (US-origin outbound + US-destination inbound pooled)
useurope_placebo,ES,2010,350,0,350,0,0,350,0,4548.0,11.0,0.0,0.0,1.0,0.0,0.0,1.0,0.0,0.0,False,False,False,both (US-origin outbound + US-destination inbound pooled)
useurope_placebo,ES,2011,353,0,353,0,0,353,0,4707.0,12.0,0.0,0.0,1.0,0.0,0.0,1.0,0.0,0.0,False,False,False,both (US-origin outbound + US-destination inbound pooled)
useurope_placebo,ES,2012,294,0,294,0,0,294,0,4459.0,12.0,0.0,0.0,1.0,0.0,0.0,1.0,0.0,0.0,False,False,False,both (US-origin outbound + US-destination inbound pooled)
useurope_placebo,ES,2013,263,0,263,0,0,263,0,4248.0,14.0,0.0,0.0,1.0,0.0,0.0,1.0,0.0,0.0,False,False,False,both (US-origin outbound + US-destination inbound pooled)
useurope_placebo,ES,2014,293,0,293,0,0,293,0,4673.0,9.0,0.0,0.0,1.0,0.0,0.0,1.0,0.0,0.0,False,False,False,both (US-origin outbound + US-destination inbound pooled)
useurope_placebo,ES,2015,316,0,316,0,0,316,0,5261.0,9.0,0.0,0.0,1.0,0.0,0.0,1.0,0.0,0.0,False,False,False,both (US-origin outbound + US-destination inbound pooled)
useurope_placebo,ES,2016,393,0,393,0,0,393,0,5642.0,8.0,0.0,0.0,1.0,0.0,0.0,1.0,0.0,0.0,False,False,False,both (US-origin outbound + US-destination inbound pooled)
useurope_placebo,ES,2017,357,0,357,0,0,357,0,5816.0,12.0,0.0,0.0,1.0,0.0,0.0,1.0,0.0,0.0,False,False,False,both (US-origin outbound + US-destination inbound pooled)
useurope_placebo,ES,2018,340,0,340,0,0,340,0,5995.0,13.0,0.0,0.0,1.0,0.0,0.0,1.0,0.0,0.0,False,False,False,both (US-origin outbound + US-destination inbound pooled)
useurope_placebo,ES,2019,374,0,374,0,0,374,0,6193.0,13.0,0.0,0.0,1.0,0.0,0.0,1.0,0.0,0.0,False,False,False,both (US-origin outbound + US-destination inbound pooled)
useurope_placebo,ES,2020,153,0,153,0,0,153,0,1602.0,5.0,0.0,0.0,1.0,0.0,0.0,1.0,0.0,0.0,True,False,False,both (US-origin outbound + US-destination inbound pooled)
useurope_placebo,ES,2021,218,0,218,0,0,218,0,2504.0,10.0,0.0,0.0,1.0,0.0,0.0,1.0,0.0,0.0,True,False,False,both (US-origin outbound + US-destination inbound pooled)
useurope_placebo,ES,2022,406,0,406,0,0,406,0,6105.0,13.0,0.0,0.0,1.0,0.0,0.0,1.0,0.0,0.0,False,False,False,both (US-origin outbound + US-destination inbound pooled)
useurope_placebo,ES,2023,500,0,500,0,0,500,0,7202.0,12.0,0.0,0.0,1.0,0.0,0.0,1.0,0.0,0.0,False,False,False,both (US-origin outbound + US-destination inbound pooled)
useurope_placebo,ES,2024,502,0,502,0,0,502,0,7902.0,12.0,0.0,0.0,1.0,0.0,0.0,1.0,0.0,0.0,False,False,False,both (US-origin outbound + US-destination inbound pooled)
useurope_placebo,ES,2025,471,0,471,0,0,471,0,8013.0,14.0,0.0,0.0,1.0,0.0,0.0,1.0,0.0,0.0,False,False,False,both (US-origin outbound + US-destination inbound pooled)
useurope_placebo,FR,1990,396,0,396,0,0,396,0,4981.0,9.0,0.0,0.0,1.0,0.0,0.0,1.0,0.0,0.0,False,False,False,both (US-origin outbound + US-destination inbound pooled)
useurope_placebo,FR,1991,406,0,406,0,0,406,0,5108.0,9.0,0.0,0.0,1.0,0.0,0.0,1.0,0.0,0.0,False,False,False,both (US-origin outbound + US-destination inbound pooled)
useurope_placebo,FR,1992,421,0,421,0,0,421,0,5379.0,9.0,0.0,0.0,1.0,0.0,0.0,1.0,0.0,0.0,False,False,False,both (US-origin outbound + US-destination inbound pooled)
useurope_placebo,FR,1993,417,0,417,0,0,417,0,5498.0,11.0,0.0,0.0,1.0,0.0,0.0,1.0,0.0,0.0,False,False,False,both (US-origin outbound + US-destination inbound pooled)
useurope_placebo,FR,1994,325,0,325,0,0,325,0,5712.0,20.0,0.0,0.0,1.0,0.0,0.0,1.0,0.0,0.0,False,False,False,both (US-origin outbound + US-destination inbound pooled)
useurope_placebo,FR,1995,346,0,346,0,0,346,0,6095.0,20.0,0.0,0.0,1.0,0.0,0.0,1.0,0.0,0.0,False,False,False,both (US-origin outbound + US-destination inbound pooled)
useurope_placebo,FR,1996,388,0,388,0,0,388,0,7524.0,25.0,0.0,0.0,1.0,0.0,0.0,1.0,0.0,0.0,False,False,False,both (US-origin outbound + US-destination inbound pooled)
useurope_placebo,FR,1997,345,0,345,0,0,345,0,7556.0,27.0,0.0,0.0,1.0,0.0,0.0,1.0,0.0,0.0,False,False,False,both (US-origin outbound + US-destination inbound pooled)
useurope_placebo,FR,1998,357,0,357,0,0,357,0,8500.0,28.0,0.0,0.0,1.0,0.0,0.0,1.0,0.0,0.0,False,False,False,both (US-origin outbound + US-destination inbound pooled)
useurope_placebo,FR,1999,397,0,397,0,0,397,0,10512.0,29.0,0.0,0.0,1.0,0.0,0.0,1.0,0.0,0.0,False,False,False,both (US-origin outbound + US-destination inbound pooled)
useurope_placebo,FR,2000,458,0,458,0,0,458,0,12819.0,30.0,0.0,0.0,1.0,0.0,0.0,1.0,0.0,0.0,False,False,False,both (US-origin outbound + US-destination inbound pooled)
useurope_placebo,FR,2001,462,0,462,0,0,462,0,12619.0,29.0,0.0,0.0,1.0,0.0,0.0,1.0,0.0,0.0,False,False,False,both (US-origin outbound + US-destination inbound pooled)
useurope_placebo,FR,2002,461,0,461,0,0,461,0,13145.0,28.0,0.0,0.0,1.0,0.0,0.0,1.0,0.0,0.0,False,False,False,both (US-origin outbound + US-destination inbound pooled)
useurope_placebo,FR,2003,468,0,468,0,0,468,0,13128.0,28.0,0.0,0.0,1.0,0.0,0.0,1.0,0.0,0.0,False,False,False,both (US-origin outbound + US-destination inbound pooled)
useurope_placebo,FR,2004,440,0,440,0,0,440,0,13467.0,30.0,0.0,0.0,1.0,0.0,0.0,1.0,0.0,0.0,False,False,False,both (US-origin outbound + US-destination inbound pooled)
useurope_placebo,FR,2005,437,0,437,0,0,437,0,14528.0,30.0,0.0,0.0,1.0,0.0,0.0,1.0,0.0,0.0,False,False,False,both (US-origin outbound + US-destination inbound pooled)
useurope_placebo,FR,2006,484,0,484,0,0,484,0,14856.0,27.0,0.0,0.0,1.0,0.0,0.0,1.0,0.0,0.0,False,False,False,both (US-origin outbound + US-destination inbound pooled)
useurope_placebo,FR,2007,513,0,513,0,0,513,0,14927.0,27.0,0.0,0.0,1.0,0.0,0.0,1.0,0.0,0.0,False,False,False,both (US-origin outbound + US-destination inbound pooled)
useurope_placebo,FR,2008,543,0,543,0,0,543,0,15286.0,26.0,0.0,0.0,1.0,0.0,0.0,1.0,0.0,0.0,False,False,False,both (US-origin outbound + US-destination inbound pooled)
useurope_placebo,FR,2009,568,0,568,0,0,568,0,14233.0,21.0,0.0,0.0,1.0,0.0,0.0,1.0,0.0,0.0,False,False,False,both (US-origin outbound + US-destination inbound pooled)
useurope_placebo,FR,2010,592,0,592,0,0,592,0,13926.0,21.0,0.0,0.0,1.0,0.0,0.0,1.0,0.0,0.0,False,False,False,both (US-origin outbound + US-destination inbound pooled)
useurope_placebo,FR,2011,662,0,662,0,0,662,0,14182.0,22.0,0.0,0.0,1.0,0.0,0.0,1.0,0.0,0.0,False,False,False,both (US-origin outbound + US-destination inbound pooled)
useurope_placebo,FR,2012,618,0,618,0,0,618,0,12669.0,24.0,0.0,0.0,1.0,0.0,0.0,1.0,0.0,0.0,False,False,False,both (US-origin outbound + US-destination inbound pooled)
useurope_placebo,FR,2013,614,0,614,0,0,614,0,12700.0,24.0,0.0,0.0,1.0,0.0,0.0,1.0,0.0,0.0,False,False,False,both (US-origin outbound + US-destination inbound pooled)
useurope_placebo,FR,2014,629,0,629,0,0,629,0,12082.0,21.0,0.0,0.0,1.0,0.0,0.0,1.0,0.0,0.0,False,False,False,both (US-origin outbound + US-destination inbound pooled)
useurope_placebo,FR,2015,622,0,622,0,0,622,0,12744.0,25.0,0.0,0.0,1.0,0.0,0.0,1.0,0.0,0.0,False,False,False,both (US-origin outbound + US-destination inbound pooled)
useurope_placebo,FR,2016,646,0,646,0,0,646,0,12671.0,22.0,0.0,0.0,1.0,0.0,0.0,1.0,0.0,0.0,False,False,False,both (US-origin outbound + US-destination inbound pooled)
useurope_placebo,FR,2017,622,0,622,0,0,622,0,12582.0,21.0,0.0,0.0,1.0,0.0,0.0,1.0,0.0,0.0,False,False,False,both (US-origin outbound + US-destination inbound pooled)
useurope_placebo,FR,2018,625,0,625,0,0,625,0,12688.0,21.0,0.0,0.0,1.0,0.0,0.0,1.0,0.0,0.0,False,False,False,both (US-origin outbound + US-destination inbound pooled)
useurope_placebo,FR,2019,671,0,671,0,0,671,0,13503.0,22.0,0.0,0.0,1.0,0.0,0.0,1.0,0.0,0.0,False,False,False,both (US-origin outbound + US-destination inbound pooled)
useurope_placebo,FR,2020,288,0,288,0,0,288,0,4821.0,13.0,0.0,0.0,1.0,0.0,0.0,1.0,0.0,0.0,True,False,False,both (US-origin outbound + US-destination inbound pooled)
useurope_placebo,FR,2021,370,0,370,0,0,370,0,8603.0,19.0,0.0,0.0,1.0,0.0,0.0,1.0,0.0,0.0,True,False,False,both (US-origin outbound + US-destination inbound pooled)
useurope_placebo,FR,2022,801,0,801,0,0,801,0,16461.0,16.0,0.0,0.0,1.0,0.0,0.0,1.0,0.0,0.0,False,False,False,both (US-origin outbound + US-destination inbound pooled)
useurope_placebo,FR,2023,951,0,951,0,0,951,0,18516.0,13.0,0.0,0.0,1.0,0.0,0.0,1.0,0.0,0.0,False,False,False,both (US-origin outbound + US-destination inbound pooled)
useurope_placebo,FR,2024,1016,0,1016,0,0,1016,0,19900.0,16.0,0.0,0.0,1.0,0.0,0.0,1.0,0.0,0.0,False,False,False,both (US-origin outbound + US-destination inbound pooled)
useurope_placebo,FR,2025,962,0,962,0,0,962,0,20554.0,18.0,0.0,0.0,1.0,0.0,0.0,1.0,0.0,0.0,False,False,False,both (US-origin outbound + US-destination inbound pooled)
useurope_placebo,GB,1990,788,0,788,0,0,788,0,11554.0,6.0,0.0,0.0,1.0,0.0,0.0,1.0,0.0,0.0,False,False,False,both (US-origin outbound + US-destination inbound pooled)
useurope_placebo,GB,1991,709,0,709,0,0,709,0,9797.0,8.0,0.0,0.0,1.0,0.0,0.0,1.0,0.0,0.0,False,False,False,both (US-origin outbound + US-destination inbound pooled)
useurope_placebo,GB,1992,679,0,679,0,0,679,0,12271.0,11.0,0.0,0.0,1.0,0.0,0.0,1.0,0.0,0.0,False,False,False,both (US-origin outbound + US-destination inbound pooled)
useurope_placebo,GB,1993,702,0,702,0,0,702,0,15122.0,19.0,0.0,0.0,1.0,0.0,0.0,1.0,0.0,0.0,False,False,False,both (US-origin outbound + US-destination inbound pooled)
useurope_placebo,GB,1994,686,0,686,0,0,686,0,16589.0,26.0,0.0,0.0,1.0,0.0,0.0,1.0,0.0,0.0,False,False,False,both (US-origin outbound + US-destination inbound pooled)
useurope_placebo,GB,1995,796,0,796,0,0,796,0,17115.0,19.0,0.0,0.0,1.0,0.0,0.0,1.0,0.0,0.0,False,False,False,both (US-origin outbound + US-destination inbound pooled)
useurope_placebo,GB,1996,920,0,920,0,0,920,0,17979.0,12.5,0.0,0.0,1.0,0.0,0.0,1.0,0.0,0.0,False,False,False,both (US-origin outbound + US-destination inbound pooled)
useurope_placebo,GB,1997,976,0,976,0,0,976,0,20615.0,19.0,0.0,0.0,1.0,0.0,0.0,1.0,0.0,0.0,False,False,False,both (US-origin outbound + US-destination inbound pooled)
useurope_placebo,GB,1998,861,0,861,0,0,861,0,23243.0,28.0,0.0,0.0,1.0,0.0,0.0,1.0,0.0,0.0,False,False,False,both (US-origin outbound + US-destination inbound pooled)
useurope_placebo,GB,1999,760,0,760,0,0,760,0,23966.0,30.0,0.0,0.0,1.0,0.0,0.0,1.0,0.0,0.0,False,False,False,both (US-origin outbound + US-destination inbound pooled)
useurope_placebo,GB,2000,764,0,764,0,0,764,0,25094.0,30.0,0.0,0.0,1.0,0.0,0.0,1.0,0.0,0.0,False,False,False,both (US-origin outbound + US-destination inbound pooled)
useurope_placebo,GB,2001,713,0,713,0,0,713,0,23807.0,29.0,0.0,0.0,1.0,0.0,0.0,1.0,0.0,0.0,False,False,False,both (US-origin outbound + US-destination inbound pooled)
useurope_placebo,GB,2002,737,0,737,0,0,737,0,26645.0,30.0,0.0,0.0,1.0,0.0,0.0,1.0,0.0,0.0,False,False,False,both (US-origin outbound + US-destination inbound pooled)
useurope_placebo,GB,2003,859,0,859,0,0,859,0,29998.0,30.0,0.0,0.0,1.0,0.0,0.0,1.0,0.0,0.0,False,False,False,both (US-origin outbound + US-destination inbound pooled)
useurope_placebo,GB,2004,843,0,843,0,0,843,0,30605.0,30.0,0.0,0.0,1.0,0.0,0.0,1.0,0.0,0.0,False,False,False,both (US-origin outbound + US-destination inbound pooled)
useurope_placebo,GB,2005,789,0,789,0,0,789,0,30871.0,30.0,0.0,0.0,1.0,0.0,0.0,1.0,0.0,0.0,False,False,False,both (US-origin outbound + US-destination inbound pooled)
useurope_placebo,GB,2006,838,0,838,0,0,838,0,31346.0,30.0,0.0,0.0,1.0,0.0,0.0,1.0,0.0,0.0,False,False,False,both (US-origin outbound + US-destination inbound pooled)
useurope_placebo,GB,2007,859,0,859,0,0,859,0,33125.0,30.0,0.0,0.0,1.0,0.0,0.0,1.0,0.0,0.0,False,False,False,both (US-origin outbound + US-destination inbound pooled)
useurope_placebo,GB,2008,933,0,933,0,0,933,0,34395.0,30.0,0.0,0.0,1.0,0.0,0.0,1.0,0.0,0.0,False,False,False,both (US-origin outbound + US-destination inbound pooled)
useurope_placebo,GB,2009,950,0,950,0,0,950,0,32661.0,30.0,0.0,0.0,1.0,0.0,0.0,1.0,0.0,0.0,False,False,False,both (US-origin outbound + US-destination inbound pooled)
useurope_placebo,GB,2010,982,0,982,0,0,982,0,31571.0,29.0,0.0,0.0,1.0,0.0,0.0,1.0,0.0,0.0,False,False,False,both (US-origin outbound + US-destination inbound pooled)
useurope_placebo,GB,2011,1166,0,1166,0,0,1166,0,34002.0,28.0,0.0,0.0,1.0,0.0,0.0,1.0,0.0,0.0,False,False,False,both (US-origin outbound + US-destination inbound pooled)
useurope_placebo,GB,2012,1309,0,1309,0,0,1309,0,34641.0,26.0,0.0,0.0,1.0,0.0,0.0,1.0,0.0,0.0,False,False,False,both (US-origin outbound + US-destination inbound pooled)
useurope_placebo,GB,2013,1328,0,1328,0,0,1328,0,35447.0,27.0,0.0,0.0,1.0,0.0,0.0,1.0,0.0,0.0,False,False,False,both (US-origin outbound + US-destination inbound pooled)
useurope_placebo,GB,2014,1478,0,1478,0,0,1478,0,36683.0,27.0,0.0,0.0,1.0,0.0,0.0,1.0,0.0,0.0,False,False,False,both (US-origin outbound + US-destination inbound pooled)
useurope_placebo,GB,2015,1433,0,1433,0,0,1433,0,37582.0,27.0,0.0,0.0,1.0,0.0,0.0,1.0,0.0,0.0,False,False,False,both (US-origin outbound + US-destination inbound pooled)
useurope_placebo,GB,2016,1339,0,1339,0,0,1339,0,38631.0,28.0,0.0,0.0,1.0,0.0,0.0,1.0,0.0,0.0,False,False,False,both (US-origin outbound + US-destination inbound pooled)
useurope_placebo,GB,2017,1334,0,1334,0,0,1334,0,37417.0,27.0,0.0,0.0,1.0,0.0,0.0,1.0,0.0,0.0,False,False,False,both (US-origin outbound + US-destination inbound pooled)
useurope_placebo,GB,2018,1385,0,1385,0,0,1385,0,40047.0,27.0,0.0,0.0,1.0,0.0,0.0,1.0,0.0,0.0,False,False,False,both (US-origin outbound + US-destination inbound pooled)
useurope_placebo,GB,2019,1464,0,1464,0,0,1464,0,41405.0,28.0,0.0,0.0,1.0,0.0,0.0,1.0,0.0,0.0,False,False,False,both (US-origin outbound + US-destination inbound pooled)
useurope_placebo,GB,2020,772,0,772,0,0,772,0,14902.0,15.0,0.0,0.0,1.0,0.0,0.0,1.0,0.0,0.0,True,False,False,both (US-origin outbound + US-destination inbound pooled)
useurope_placebo,GB,2021,732,0,732,0,0,732,0,13632.0,14.0,0.0,0.0,1.0,0.0,0.0,1.0,0.0,0.0,True,False,False,both (US-origin outbound + US-destination inbound pooled)
useurope_placebo,GB,2022,1527,0,1527,0,0,1527,0,34948.0,22.0,0.0,0.0,1.0,0.0,0.0,1.0,0.0,0.0,False,False,False,both (US-origin outbound + US-destination inbound pooled)
useurope_placebo,GB,2023,1862,0,1862,0,0,1862,0,41366.0,22.0,0.0,0.0,1.0,0.0,0.0,1.0,0.0,0.0,False,False,False,both (US-origin outbound + US-destination inbound pooled)
useurope_placebo,GB,2024,1809,0,1809,0,0,1809,0,42593.0,23.0,0.0,0.0,1.0,0.0,0.0,1.0,0.0,0.0,False,False,False,both (US-origin outbound + US-destination inbound pooled)
useurope_placebo,GB,2025,1978,0,1978,0,0,1978,0,43252.0,19.0,0.0,0.0,1.0,0.0,0.0,1.0,0.0,0.0,False,False,False,both (US-origin outbound + US-destination inbound pooled)
useurope_placebo,GR,2003,1,0,1,0,0,1,0,1.0,1.0,0.0,0.0,1.0,0.0,0.0,1.0,0.0,0.0,False,False,False,both (US-origin outbound + US-destination inbound pooled)
useurope_placebo,HK,2011,1,0,1,0,0,1,0,1.0,1.0,0.0,0.0,1.0,0.0,0.0,1.0,0.0,0.0,False,False,False,both (US-origin outbound + US-destination inbound pooled)
useurope_placebo,IE,2010,16,0,16,0,0,16,0,418.0,29.0,0.0,0.0,1.0,0.0,0.0,1.0,0.0,0.0,False,False,False,both (US-origin outbound + US-destination inbound pooled)
useurope_placebo,IE,2011,24,0,24,0,0,24,0,619.0,28.0,0.0,0.0,1.0,0.0,0.0,1.0,0.0,0.0,False,False,False,both (US-origin outbound + US-destination inbound pooled)
useurope_placebo,IE,2012,20,0,20,0,0,20,0,493.0,25.5,0.0,0.0,1.0,0.0,0.0,1.0,0.0,0.0,False,False,False,both (US-origin outbound + US-destination inbound pooled)
useurope_placebo,IL,1990,151,0,151,0,0,151,0,151.0,1.0,0.0,0.0,1.0,0.0,0.0,1.0,0.0,0.0,False,False,False,both (US-origin outbound + US-destination inbound pooled)
useurope_placebo,IL,1991,128,0,128,0,0,128,0,128.0,1.0,0.0,0.0,1.0,0.0,0.0,1.0,0.0,0.0,False,False,False,both (US-origin outbound + US-destination inbound pooled)
useurope_placebo,IL,1992,16,0,16,0,0,16,0,16.0,1.0,0.0,0.0,1.0,0.0,0.0,1.0,0.0,0.0,False,False,False,both (US-origin outbound + US-destination inbound pooled)
useurope_placebo,IL,1993,16,0,16,0,0,16,0,19.0,1.0,0.0,0.0,1.0,0.0,0.0,1.0,0.0,0.0,False,False,False,both (US-origin outbound + US-destination inbound pooled)
useurope_placebo,IL,1994,39,0,39,0,0,39,0,103.0,2.0,0.0,0.0,1.0,0.0,0.0,1.0,0.0,0.0,False,False,False,both (US-origin outbound + US-destination inbound pooled)
useurope_placebo,IL,1995,50,0,50,0,0,50,0,152.0,2.0,0.0,0.0,1.0,0.0,0.0,1.0,0.0,0.0,False,False,False,both (US-origin outbound + US-destination inbound pooled)
useurope_placebo,IL,1996,18,0,18,0,0,18,0,36.0,1.0,0.0,0.0,1.0,0.0,0.0,1.0,0.0,0.0,False,False,False,both (US-origin outbound + US-destination inbound pooled)
useurope_placebo,IL,1997,7,0,7,0,0,7,0,7.0,1.0,0.0,0.0,1.0,0.0,0.0,1.0,0.0,0.0,False,False,False,both (US-origin outbound + US-destination inbound pooled)
useurope_placebo,IL,1998,8,0,8,0,0,8,0,9.0,1.0,0.0,0.0,1.0,0.0,0.0,1.0,0.0,0.0,False,False,False,both (US-origin outbound + US-destination inbound pooled)
useurope_placebo,IL,1999,4,0,4,0,0,4,0,4.0,1.0,0.0,0.0,1.0,0.0,0.0,1.0,0.0,0.0,False,False,False,both (US-origin outbound + US-destination inbound pooled)
useurope_placebo,IL,2000,13,0,13,0,0,13,0,14.0,1.0,0.0,0.0,1.0,0.0,0.0,1.0,0.0,0.0,False,False,False,both (US-origin outbound + US-destination inbound pooled)
useurope_placebo,IL,2001,12,0,12,0,0,12,0,41.0,1.0,0.0,0.0,1.0,0.0,0.0,1.0,0.0,0.0,False,False,False,both (US-origin outbound + US-destination inbound pooled)
useurope_placebo,IL,2002,8,0,8,0,0,8,0,35.0,1.5,0.0,0.0,1.0,0.0,0.0,1.0,0.0,0.0,False,False,False,both (US-origin outbound + US-destination inbound pooled)
useurope_placebo,IL,2003,3,0,3,0,0,3,0,3.0,1.0,0.0,0.0,1.0,0.0,0.0,1.0,0.0,0.0,False,False,False,both (US-origin outbound + US-destination inbound pooled)
useurope_placebo,IL,2004,4,0,4,0,0,4,0,4.0,1.0,0.0,0.0,1.0,0.0,0.0,1.0,0.0,0.0,False,False,False,both (US-origin outbound + US-destination inbound pooled)
useurope_placebo,IL,2006,1,0,1,0,0,1,0,1.0,1.0,0.0,0.0,1.0,0.0,0.0,1.0,0.0,0.0,False,False,False,both (US-origin outbound + US-destination inbound pooled)
useurope_placebo,IN,1990,24,0,24,0,0,24,0,711.0,30.0,0.0,0.0,1.0,0.0,0.0,1.0,0.0,0.0,False,False,False,both (US-origin outbound + US-destination inbound pooled)
useurope_placebo,IN,1991,24,0,24,0,0,24,0,706.0,30.0,0.0,0.0,1.0,0.0,0.0,1.0,0.0,0.0,False,False,False,both (US-origin outbound + US-destination inbound pooled)
useurope_placebo,IN,1992,24,0,24,0,0,24,0,694.0,29.5,0.0,0.0,1.0,0.0,0.0,1.0,0.0,0.0,False,False,False,both (US-origin outbound + US-destination inbound pooled)
useurope_placebo,IN,1993,20,0,20,0,0,20,0,571.0,30.0,0.0,0.0,1.0,0.0,0.0,1.0,0.0,0.0,False,False,False,both (US-origin outbound + US-destination inbound pooled)
useurope_placebo,IN,1994,24,0,24,0,0,24,0,723.0,30.0,0.0,0.0,1.0,0.0,0.0,1.0,0.0,0.0,False,False,False,both (US-origin outbound + US-destination inbound pooled)
useurope_placebo,IN,1995,8,0,8,0,0,8,0,240.0,30.5,0.0,0.0,1.0,0.0,0.0,1.0,0.0,0.0,False,False,False,both (US-origin outbound + US-destination inbound pooled)
useurope_placebo,IN,1996,10,0,10,0,0,10,0,306.0,31.0,0.0,0.0,1.0,0.0,0.0,1.0,0.0,0.0,False,False,False,both (US-origin outbound + US-destination inbound pooled)
useurope_placebo,IN,1997,28,0,28,0,0,28,0,770.0,30.0,0.0,0.0,1.0,0.0,0.0,1.0,0.0,0.0,False,False,False,both (US-origin outbound + US-destination inbound pooled)
useurope_placebo,IN,1998,62,0,62,0,0,62,0,1170.0,13.0,0.0,0.0,1.0,0.0,0.0,1.0,0.0,0.0,False,False,False,both (US-origin outbound + US-destination inbound pooled)
useurope_placebo,IN,1999,56,0,56,0,0,56,0,1142.0,14.0,0.0,0.0,1.0,0.0,0.0,1.0,0.0,0.0,False,False,False,both (US-origin outbound + US-destination inbound pooled)
useurope_placebo,IN,2000,48,0,48,0,0,48,0,1044.0,21.5,0.0,0.0,1.0,0.0,0.0,1.0,0.0,0.0,False,False,False,both (US-origin outbound + US-destination inbound pooled)
useurope_placebo,IN,2001,48,0,48,0,0,48,0,980.0,18.0,0.0,0.0,1.0,0.0,0.0,1.0,0.0,0.0,False,False,False,both (US-origin outbound + US-destination inbound pooled)
useurope_placebo,IN,2002,50,0,50,0,0,50,0,1068.0,14.0,0.0,0.0,1.0,0.0,0.0,1.0,0.0,0.0,False,False,False,both (US-origin outbound + US-destination inbound pooled)
useurope_placebo,IN,2003,74,0,74,0,0,74,0,1547.0,18.0,0.0,0.0,1.0,0.0,0.0,1.0,0.0,0.0,False,False,False,both (US-origin outbound + US-destination inbound pooled)
useurope_placebo,IN,2004,110,0,110,0,0,110,0,2286.0,14.0,0.0,0.0,1.0,0.0,0.0,1.0,0.0,0.0,False,False,False,both (US-origin outbound + US-destination inbound pooled)
useurope_placebo,IN,2005,120,0,120,0,0,120,0,2815.0,28.5,0.0,0.0,1.0,0.0,0.0,1.0,0.0,0.0,False,False,False,both (US-origin outbound + US-destination inbound pooled)
useurope_placebo,IN,2006,120,0,120,0,0,120,0,2764.0,26.5,0.0,0.0,1.0,0.0,0.0,1.0,0.0,0.0,False,False,False,both (US-origin outbound + US-destination inbound pooled)
useurope_placebo,IN,2007,120,0,120,0,0,120,0,2496.0,17.5,0.0,0.0,1.0,0.0,0.0,1.0,0.0,0.0,False,False,False,both (US-origin outbound + US-destination inbound pooled)
useurope_placebo,IN,2008,106,0,106,0,0,106,0,2144.0,17.0,0.0,0.0,1.0,0.0,0.0,1.0,0.0,0.0,False,False,False,both (US-origin outbound + US-destination inbound pooled)
useurope_placebo,IN,2009,48,0,48,0,0,48,0,1458.0,31.0,0.0,0.0,1.0,0.0,0.0,1.0,0.0,0.0,False,False,False,both (US-origin outbound + US-destination inbound pooled)
useurope_placebo,IN,2010,40,0,40,0,0,40,0,1194.0,31.0,0.0,0.0,1.0,0.0,0.0,1.0,0.0,0.0,False,False,False,both (US-origin outbound + US-destination inbound pooled)
useurope_placebo,IN,2012,4,0,4,0,0,4,0,4.0,1.0,4.0,0.0,1.0,0.0,0.0,1.0,0.0,1.0,False,False,False,both (US-origin outbound + US-destination inbound pooled)
useurope_placebo,IN,2016,10,0,10,0,0,10,0,120.0,13.0,0.0,0.0,1.0,0.0,0.0,1.0,0.0,0.0,False,False,False,both (US-origin outbound + US-destination inbound pooled)
useurope_placebo,IN,2017,16,0,16,0,0,16,0,204.0,13.0,0.0,0.0,1.0,0.0,0.0,1.0,0.0,0.0,False,False,False,both (US-origin outbound + US-destination inbound pooled)
useurope_placebo,IN,2018,11,0,11,0,0,11,0,134.0,13.0,0.0,0.0,1.0,0.0,0.0,1.0,0.0,0.0,False,False,False,both (US-origin outbound + US-destination inbound pooled)
useurope_placebo,IT,1990,1,0,1,0,0,1,0,1.0,1.0,0.0,0.0,1.0,0.0,0.0,1.0,0.0,0.0,False,False,False,both (US-origin outbound + US-destination inbound pooled)
useurope_placebo,IT,1991,1,0,1,0,0,1,0,1.0,1.0,0.0,0.0,1.0,0.0,0.0,1.0,0.0,0.0,False,False,False,both (US-origin outbound + US-destination inbound pooled)
useurope_placebo,IT,1993,1,0,1,0,0,1,0,1.0,1.0,0.0,0.0,1.0,0.0,0.0,1.0,0.0,0.0,False,False,False,both (US-origin outbound + US-destination inbound pooled)
useurope_placebo,IT,1996,1,0,1,0,0,1,0,1.0,1.0,0.0,0.0,1.0,0.0,0.0,1.0,0.0,0.0,False,False,False,both (US-origin outbound + US-destination inbound pooled)
useurope_placebo,IT,1997,3,0,3,0,0,3,0,3.0,1.0,0.0,0.0,1.0,0.0,0.0,1.0,0.0,0.0,False,False,False,both (US-origin outbound + US-destination inbound pooled)
useurope_placebo,IT,1999,1,0,1,0,0,1,0,1.0,1.0,0.0,0.0,1.0,0.0,0.0,1.0,0.0,0.0,False,False,False,both (US-origin outbound + US-destination inbound pooled)
useurope_placebo,IT,2000,1,0,1,0,0,1,0,1.0,1.0,0.0,0.0,1.0,0.0,0.0,1.0,0.0,0.0,False,False,False,both (US-origin outbound + US-destination inbound pooled)
useurope_placebo,IT,2002,1,0,1,0,0,1,0,1.0,1.0,0.0,0.0,1.0,0.0,0.0,1.0,0.0,0.0,False,False,False,both (US-origin outbound + US-destination inbound pooled)
useurope_placebo,IT,2004,1,0,1,0,0,1,0,1.0,1.0,0.0,0.0,1.0,0.0,0.0,1.0,0.0,0.0,False,False,False,both (US-origin outbound + US-destination inbound pooled)
useurope_placebo,IT,2023,1,0,1,0,0,1,0,1.0,1.0,0.0,0.0,1.0,0.0,0.0,1.0,0.0,0.0,False,False,False,both (US-origin outbound + US-destination inbound pooled)
useurope_placebo,JO,1990,201,0,201,0,0,201,0,215.0,1.0,0.0,0.0,1.0,0.0,0.0,1.0,0.0,0.0,False,False,False,both (US-origin outbound + US-destination inbound pooled)
useurope_placebo,JO,1991,251,0,251,0,0,251,0,251.0,1.0,0.0,0.0,1.0,0.0,0.0,1.0,0.0,0.0,False,False,False,both (US-origin outbound + US-destination inbound pooled)
useurope_placebo,JO,1992,458,0,458,0,0,458,0,458.0,1.0,0.0,0.0,1.0,0.0,0.0,1.0,0.0,0.0,False,False,False,both (US-origin outbound + US-destination inbound pooled)
useurope_placebo,JO,1993,579,0,579,0,0,579,0,579.0,1.0,0.0,0.0,1.0,0.0,0.0,1.0,0.0,0.0,False,False,False,both (US-origin outbound + US-destination inbound pooled)
useurope_placebo,JO,1994,712,0,712,0,0,712,0,712.0,1.0,0.0,0.0,1.0,0.0,0.0,1.0,0.0,0.0,False,False,False,both (US-origin outbound + US-destination inbound pooled)
useurope_placebo,JO,1995,587,0,587,0,0,587,0,747.0,1.0,0.0,0.0,1.0,0.0,0.0,1.0,0.0,0.0,False,False,False,both (US-origin outbound + US-destination inbound pooled)
useurope_placebo,JO,1996,62,0,62,0,0,62,0,782.0,10.5,0.0,0.0,1.0,0.0,0.0,1.0,0.0,0.0,False,False,False,both (US-origin outbound + US-destination inbound pooled)
useurope_placebo,JO,1997,62,0,62,0,0,62,0,774.0,9.0,0.0,0.0,1.0,0.0,0.0,1.0,0.0,0.0,False,False,False,both (US-origin outbound + US-destination inbound pooled)
useurope_placebo,JO,1998,53,0,53,0,0,53,0,779.0,13.0,0.0,0.0,1.0,0.0,0.0,1.0,0.0,0.0,False,False,False,both (US-origin outbound + US-destination inbound pooled)
useurope_placebo,JO,1999,27,0,27,0,0,27,0,557.0,23.0,0.0,0.0,1.0,0.0,0.0,1.0,0.0,0.0,False,False,False,both (US-origin outbound + US-destination inbound pooled)
useurope_placebo,JO,2000,24,0,24,0,0,24,0,553.0,22.0,0.0,0.0,1.0,0.0,0.0,1.0,0.0,0.0,False,False,False,both (US-origin outbound + US-destination inbound pooled)
useurope_placebo,JO,2001,8,0,8,0,0,8,0,156.0,20.0,0.0,0.0,1.0,0.0,0.0,1.0,0.0,0.0,False,False,False,both (US-origin outbound + US-destination inbound pooled)
useurope_placebo,JP,1990,70,0,70,0,0,70,0,625.0,7.0,0.0,0.0,1.0,0.0,0.0,1.0,0.0,0.0,False,False,False,both (US-origin outbound + US-destination inbound pooled)
useurope_placebo,JP,1991,60,0,60,0,0,60,0,310.0,4.5,0.0,0.0,1.0,0.0,0.0,1.0,0.0,0.0,False,False,False,both (US-origin outbound + US-destination inbound pooled)
useurope_placebo,KW,1990,192,0,192,0,0,192,0,205.0,1.0,0.0,0.0,1.0,0.0,0.0,1.0,0.0,0.0,False,False,False,both (US-origin outbound + US-destination inbound pooled)
useurope_placebo,KW,1991,188,0,188,0,0,188,0,315.0,1.0,0.0,0.0,1.0,0.0,0.0,1.0,0.0,0.0,False,False,False,both (US-origin outbound + US-destination inbound pooled)
useurope_placebo,KW,1992,40,0,40,0,0,40,0,310.0,6.5,0.0,0.0,1.0,0.0,0.0,1.0,0.0,0.0,False,False,False,both (US-origin outbound + US-destination inbound pooled)
useurope_placebo,KW,1993,36,0,36,0,0,36,0,310.0,7.0,0.0,0.0,1.0,0.0,0.0,1.0,0.0,0.0,False,False,False,both (US-origin outbound + US-destination inbound pooled)
useurope_placebo,KW,1994,44,0,44,0,0,44,0,366.0,8.5,0.0,0.0,1.0,0.0,0.0,1.0,0.0,0.0,False,False,False,both (US-origin outbound + US-destination inbound pooled)
useurope_placebo,KW,1995,104,0,104,0,0,104,0,410.0,4.0,0.0,0.0,1.0,0.0,0.0,1.0,0.0,0.0,False,False,False,both (US-origin outbound + US-destination inbound pooled)
useurope_placebo,KW,1996,93,0,93,0,0,93,0,408.0,2.0,0.0,0.0,1.0,0.0,0.0,1.0,0.0,0.0,False,False,False,both (US-origin outbound + US-destination inbound pooled)
useurope_placebo,KW,1997,94,0,94,0,0,94,0,599.0,5.5,0.0,0.0,1.0,0.0,0.0,1.0,0.0,0.0,False,False,False,both (US-origin outbound + US-destination inbound pooled)
useurope_placebo,KW,1998,103,0,103,0,0,103,0,617.0,5.0,0.0,0.0,1.0,0.0,0.0,1.0,0.0,0.0,False,False,False,both (US-origin outbound + US-destination inbound pooled)
useurope_placebo,KW,1999,87,0,87,0,0,87,0,626.0,8.0,0.0,0.0,1.0,0.0,0.0,1.0,0.0,0.0,False,False,False,both (US-origin outbound + US-destination inbound pooled)
useurope_placebo,KW,2000,81,0,81,0,0,81,0,628.0,8.0,0.0,0.0,1.0,0.0,0.0,1.0,0.0,0.0,False,False,False,both (US-origin outbound + US-destination inbound pooled)
useurope_placebo,KW,2001,63,0,63,0,0,63,0,551.0,9.0,0.0,0.0,1.0,0.0,0.0,1.0,0.0,0.0,False,False,False,both (US-origin outbound + US-destination inbound pooled)
useurope_placebo,KW,2002,52,0,52,0,0,52,0,524.0,9.0,0.0,0.0,1.0,0.0,0.0,1.0,0.0,0.0,False,False,False,both (US-origin outbound + US-destination inbound pooled)
useurope_placebo,KW,2003,50,0,50,0,0,50,0,454.0,9.0,0.0,0.0,1.0,0.0,0.0,1.0,0.0,0.0,False,False,False,both (US-origin outbound + US-destination inbound pooled)
useurope_placebo,KW,2004,44,0,44,0,0,44,0,480.0,11.0,0.0,0.0,1.0,0.0,0.0,1.0,0.0,0.0,False,False,False,both (US-origin outbound + US-destination inbound pooled)
useurope_placebo,KW,2005,24,0,24,0,0,24,0,304.0,13.0,0.0,0.0,1.0,0.0,0.0,1.0,0.0,0.0,False,False,False,both (US-origin outbound + US-destination inbound pooled)
useurope_placebo,KW,2006,28,0,28,0,0,28,0,307.0,12.0,0.0,0.0,1.0,0.0,0.0,1.0,0.0,0.0,False,False,False,both (US-origin outbound + US-destination inbound pooled)
useurope_placebo,KW,2007,44,0,44,0,0,44,0,310.0,7.0,0.0,0.0,1.0,0.0,0.0,1.0,0.0,0.0,False,False,False,both (US-origin outbound + US-destination inbound pooled)
useurope_placebo,KW,2008,42,0,42,0,0,42,0,315.0,8.0,0.0,0.0,1.0,0.0,0.0,1.0,0.0,0.0,False,False,False,both (US-origin outbound + US-destination inbound pooled)
useurope_placebo,KW,2009,34,0,34,0,0,34,0,312.0,12.0,0.0,0.0,1.0,0.0,0.0,1.0,0.0,0.0,False,False,False,both (US-origin outbound + US-destination inbound pooled)
useurope_placebo,KW,2010,26,0,26,0,0,26,0,304.0,13.0,0.0,0.0,1.0,0.0,0.0,1.0,0.0,0.0,False,False,False,both (US-origin outbound + US-destination inbound pooled)
useurope_placebo,KW,2011,24,0,24,0,0,24,0,310.0,13.0,0.0,0.0,1.0,0.0,0.0,1.0,0.0,0.0,False,False,False,both (US-origin outbound + US-destination inbound pooled)
useurope_placebo,KW,2012,24,0,24,0,0,24,0,308.0,13.0,0.0,0.0,1.0,0.0,0.0,1.0,0.0,0.0,False,False,False,both (US-origin outbound + US-destination inbound pooled)
useurope_placebo,KW,2013,24,0,24,0,0,24,0,313.0,13.0,0.0,0.0,1.0,0.0,0.0,1.0,0.0,0.0,False,False,False,both (US-origin outbound + US-destination inbound pooled)
useurope_placebo,KW,2014,24,0,24,0,0,24,0,312.0,13.0,0.0,0.0,1.0,0.0,0.0,1.0,0.0,0.0,False,False,False,both (US-origin outbound + US-destination inbound pooled)
useurope_placebo,KW,2015,24,0,24,0,0,24,0,327.0,13.0,0.0,0.0,1.0,0.0,0.0,1.0,0.0,0.0,False,False,False,both (US-origin outbound + US-destination inbound pooled)
useurope_placebo,KW,2016,20,0,20,0,0,20,0,265.0,13.0,0.0,0.0,1.0,0.0,0.0,1.0,0.0,0.0,False,False,False,both (US-origin outbound + US-destination inbound pooled)
useurope_placebo,MX,1990,23,0,23,0,0,23,0,290.0,13.0,0.0,0.0,1.0,0.0,0.0,1.0,0.0,0.0,False,False,False,both (US-origin outbound + US-destination inbound pooled)
useurope_placebo,MX,1991,22,0,22,0,0,22,0,132.0,8.0,0.0,0.0,1.0,0.0,0.0,1.0,0.0,0.0,False,False,False,both (US-origin outbound + US-destination inbound pooled)
useurope_placebo,MX,1994,1,0,1,0,0,1,0,3.0,3.0,0.0,0.0,1.0,0.0,0.0,1.0,0.0,0.0,False,False,False,both (US-origin outbound + US-destination inbound pooled)
useurope_placebo,MX,2003,1,0,1,0,0,1,0,1.0,1.0,0.0,0.0,1.0,0.0,0.0,1.0,0.0,0.0,False,False,False,both (US-origin outbound + US-destination inbound pooled)
useurope_placebo,NL,1990,408,0,408,0,0,408,0,5084.0,11.5,0.0,0.0,1.0,0.0,0.0,1.0,0.0,0.0,False,False,False,both (US-origin outbound + US-destination inbound pooled)
useurope_placebo,NL,1991,389,0,389,0,0,389,0,5148.0,10.0,0.0,0.0,1.0,0.0,0.0,1.0,0.0,0.0,False,False,False,both (US-origin outbound + US-destination inbound pooled)
useurope_placebo,NL,1992,368,0,368,0,0,368,0,5699.0,14.0,0.0,0.0,1.0,0.0,0.0,1.0,0.0,0.0,False,False,False,both (US-origin outbound + US-destination inbound pooled)
useurope_placebo,NL,1993,369,0,369,0,0,369,0,6072.0,16.0,0.0,0.0,1.0,0.0,0.0,1.0,0.0,0.0,False,False,False,both (US-origin outbound + US-destination inbound pooled)
useurope_placebo,NL,1994,353,0,353,0,0,353,0,5777.0,15.0,0.0,0.0,1.0,0.0,0.0,1.0,0.0,0.0,False,False,False,both (US-origin outbound + US-destination inbound pooled)
useurope_placebo,NL,1995,360,0,360,0,0,360,0,6149.0,18.0,0.0,0.0,1.0,0.0,0.0,1.0,0.0,0.0,False,False,False,both (US-origin outbound + US-destination inbound pooled)
useurope_placebo,NL,1996,405,0,405,0,0,405,0,6293.0,16.0,0.0,0.0,1.0,0.0,0.0,1.0,0.0,0.0,False,False,False,both (US-origin outbound + US-destination inbound pooled)
useurope_placebo,NL,1997,404,0,404,0,0,404,0,7387.0,21.0,0.0,0.0,1.0,0.0,0.0,1.0,0.0,0.0,False,False,False,both (US-origin outbound + US-destination inbound pooled)
useurope_placebo,NL,1998,631,0,631,0,0,631,0,8861.0,11.0,0.0,0.0,1.0,0.0,0.0,1.0,0.0,0.0,False,False,False,both (US-origin outbound + US-destination inbound pooled)
useurope_placebo,NL,1999,595,0,595,0,0,595,0,8721.0,10.0,0.0,0.0,1.0,0.0,0.0,1.0,0.0,0.0,False,False,False,both (US-origin outbound + US-destination inbound pooled)
useurope_placebo,NL,2000,600,0,600,0,0,600,0,8516.0,10.0,0.0,0.0,1.0,0.0,0.0,1.0,0.0,0.0,False,False,False,both (US-origin outbound + US-destination inbound pooled)
useurope_placebo,NL,2001,493,0,493,0,0,493,0,7240.0,12.0,0.0,0.0,1.0,0.0,0.0,1.0,0.0,0.0,False,False,False,both (US-origin outbound + US-destination inbound pooled)
useurope_placebo,NL,2002,384,0,384,0,0,384,0,6051.0,15.0,0.0,0.0,1.0,0.0,0.0,1.0,0.0,0.0,False,False,False,both (US-origin outbound + US-destination inbound pooled)
useurope_placebo,NL,2003,383,0,383,0,0,383,0,6462.0,19.0,0.0,0.0,1.0,0.0,0.0,1.0,0.0,0.0,False,False,False,both (US-origin outbound + US-destination inbound pooled)
useurope_placebo,NL,2004,394,0,394,0,0,394,0,7496.0,22.0,0.0,0.0,1.0,0.0,0.0,1.0,0.0,0.0,False,False,False,both (US-origin outbound + US-destination inbound pooled)
useurope_placebo,NL,2005,362,0,362,0,0,362,0,7683.0,26.5,0.0,0.0,1.0,0.0,0.0,1.0,0.0,0.0,False,False,False,both (US-origin outbound + US-destination inbound pooled)
useurope_placebo,NL,2006,382,0,382,0,0,382,0,7369.0,19.0,0.0,0.0,1.0,0.0,0.0,1.0,0.0,0.0,False,False,False,both (US-origin outbound + US-destination inbound pooled)
useurope_placebo,NL,2007,379,0,379,0,0,379,0,7347.0,22.0,0.0,0.0,1.0,0.0,0.0,1.0,0.0,0.0,False,False,False,both (US-origin outbound + US-destination inbound pooled)
useurope_placebo,NL,2008,368,0,368,0,0,368,0,7551.0,27.0,0.0,0.0,1.0,0.0,0.0,1.0,0.0,0.0,False,False,False,both (US-origin outbound + US-destination inbound pooled)
useurope_placebo,NL,2009,328,0,328,0,0,328,0,6495.0,22.0,0.0,0.0,1.0,0.0,0.0,1.0,0.0,0.0,False,False,False,both (US-origin outbound + US-destination inbound pooled)
useurope_placebo,NL,2010,392,0,392,0,0,392,0,6282.0,17.0,0.0,0.0,1.0,0.0,0.0,1.0,0.0,0.0,False,False,False,both (US-origin outbound + US-destination inbound pooled)
useurope_placebo,NL,2011,404,0,404,0,0,404,0,6624.0,17.0,0.0,0.0,1.0,0.0,0.0,1.0,0.0,0.0,False,False,False,both (US-origin outbound + US-destination inbound pooled)
useurope_placebo,NL,2012,442,0,442,0,0,442,0,6808.0,13.0,0.0,0.0,1.0,0.0,0.0,1.0,0.0,0.0,False,False,False,both (US-origin outbound + US-destination inbound pooled)
useurope_placebo,NL,2013,492,0,492,0,0,492,0,6765.0,10.0,0.0,0.0,1.0,0.0,0.0,1.0,0.0,0.0,False,False,False,both (US-origin outbound + US-destination inbound pooled)
useurope_placebo,NL,2014,467,0,467,0,0,467,0,6887.0,15.0,0.0,0.0,1.0,0.0,0.0,1.0,0.0,0.0,False,False,False,both (US-origin outbound + US-destination inbound pooled)
useurope_placebo,NL,2015,436,0,436,0,0,436,0,6737.0,16.0,0.0,0.0,1.0,0.0,0.0,1.0,0.0,0.0,False,False,False,both (US-origin outbound + US-destination inbound pooled)
useurope_placebo,NL,2016,470,0,470,0,0,470,0,6984.0,9.0,0.0,0.0,1.0,0.0,0.0,1.0,0.0,0.0,False,False,False,both (US-origin outbound + US-destination inbound pooled)
useurope_placebo,NL,2017,542,0,542,0,0,542,0,7466.0,10.0,0.0,0.0,1.0,0.0,0.0,1.0,0.0,0.0,False,False,False,both (US-origin outbound + US-destination inbound pooled)
useurope_placebo,NL,2018,646,0,646,0,0,646,0,7994.0,11.0,0.0,0.0,1.0,0.0,0.0,1.0,0.0,0.0,False,False,False,both (US-origin outbound + US-destination inbound pooled)
useurope_placebo,NL,2019,739,0,739,0,0,739,0,8386.0,11.0,0.0,0.0,1.0,0.0,0.0,1.0,0.0,0.0,False,False,False,both (US-origin outbound + US-destination inbound pooled)
useurope_placebo,NL,2020,446,0,446,0,0,446,0,4968.0,8.0,0.0,0.0,1.0,0.0,0.0,1.0,0.0,0.0,True,False,False,both (US-origin outbound + US-destination inbound pooled)
useurope_placebo,NL,2021,575,0,575,0,0,575,0,5782.0,8.0,0.0,0.0,1.0,0.0,0.0,1.0,0.0,0.0,True,False,False,both (US-origin outbound + US-destination inbound pooled)
useurope_placebo,NL,2022,732,0,732,0,0,732,0,8064.0,9.0,0.0,0.0,1.0,0.0,0.0,1.0,0.0,0.0,False,False,False,both (US-origin outbound + US-destination inbound pooled)
useurope_placebo,NL,2023,748,0,748,0,0,748,0,7981.0,7.0,0.0,0.0,1.0,0.0,0.0,1.0,0.0,0.0,False,False,False,both (US-origin outbound + US-destination inbound pooled)
useurope_placebo,NL,2024,807,0,807,0,0,807,0,8056.0,6.0,0.0,0.0,1.0,0.0,0.0,1.0,0.0,0.0,False,False,False,both (US-origin outbound + US-destination inbound pooled)
useurope_placebo,NL,2025,935,0,935,0,0,935,0,8564.0,4.0,0.0,0.0,1.0,0.0,0.0,1.0,0.0,0.0,False,False,False,both (US-origin outbound + US-destination inbound pooled)
useurope_placebo,NO,2016,40,0,40,0,0,40,0,312.0,8.0,0.0,0.0,1.0,0.0,0.0,1.0,0.0,0.0,False,False,False,both (US-origin outbound + US-destination inbound pooled)
useurope_placebo,NO,2017,113,0,113,0,0,113,0,1022.0,8.0,0.0,0.0,1.0,0.0,0.0,1.0,0.0,0.0,False,False,False,both (US-origin outbound + US-destination inbound pooled)
useurope_placebo,NO,2018,312,0,312,0,0,312,0,2924.0,7.0,0.0,0.0,1.0,0.0,0.0,1.0,0.0,0.0,False,False,False,both (US-origin outbound + US-destination inbound pooled)
useurope_placebo,NO,2019,284,0,284,0,0,284,0,4541.0,14.0,0.0,0.0,1.0,0.0,0.0,1.0,0.0,0.0,False,False,False,both (US-origin outbound + US-destination inbound pooled)
useurope_placebo,NO,2020,52,0,52,0,0,52,0,624.0,9.0,0.0,0.0,1.0,0.0,0.0,1.0,0.0,0.0,True,False,False,both (US-origin outbound + US-destination inbound pooled)
useurope_placebo,NZ,1990,25,0,25,0,0,25,0,100.0,4.0,0.0,0.0,1.0,0.0,0.0,1.0,0.0,0.0,False,False,False,both (US-origin outbound + US-destination inbound pooled)
useurope_placebo,NZ,1991,24,0,24,0,0,24,0,131.0,5.0,0.0,0.0,1.0,0.0,0.0,1.0,0.0,0.0,False,False,False,both (US-origin outbound + US-destination inbound pooled)
useurope_placebo,NZ,1992,26,0,26,0,0,26,0,208.0,8.0,0.0,0.0,1.0,0.0,0.0,1.0,0.0,0.0,False,False,False,both (US-origin outbound + US-destination inbound pooled)
useurope_placebo,NZ,1993,24,0,24,0,0,24,0,216.0,8.0,0.0,0.0,1.0,0.0,0.0,1.0,0.0,0.0,False,False,False,both (US-origin outbound + US-destination inbound pooled)
useurope_placebo,NZ,1994,26,0,26,0,0,26,0,308.0,12.0,0.0,0.0,1.0,0.0,0.0,1.0,0.0,0.0,False,False,False,both (US-origin outbound + US-destination inbound pooled)
useurope_placebo,NZ,1995,48,0,48,0,0,48,0,695.0,15.0,0.0,0.0,1.0,0.0,0.0,1.0,0.0,0.0,False,False,False,both (US-origin outbound + US-destination inbound pooled)
useurope_placebo,NZ,1996,50,0,50,0,0,50,0,832.0,15.0,0.0,0.0,1.0,0.0,0.0,1.0,0.0,0.0,False,False,False,both (US-origin outbound + US-destination inbound pooled)
useurope_placebo,NZ,1997,50,0,50,0,0,50,0,823.0,16.0,0.0,0.0,1.0,0.0,0.0,1.0,0.0,0.0,False,False,False,both (US-origin outbound + US-destination inbound pooled)
useurope_placebo,NZ,1998,50,0,50,0,0,50,0,843.0,15.0,0.0,0.0,1.0,0.0,0.0,1.0,0.0,0.0,False,False,False,both (US-origin outbound + US-destination inbound pooled)
useurope_placebo,NZ,1999,48,0,48,0,0,48,0,912.0,16.0,0.0,0.0,1.0,0.0,0.0,1.0,0.0,0.0,False,False,False,both (US-origin outbound + US-destination inbound pooled)
useurope_placebo,NZ,2000,48,0,48,0,0,48,0,939.0,19.5,0.0,0.0,1.0,0.0,0.0,1.0,0.0,0.0,False,False,False,both (US-origin outbound + US-destination inbound pooled)
useurope_placebo,NZ,2001,30,0,30,0,0,30,0,769.0,28.0,0.0,0.0,1.0,0.0,0.0,1.0,0.0,0.0,False,False,False,both (US-origin outbound + US-destination inbound pooled)
useurope_placebo,NZ,2002,24,0,24,0,0,24,0,725.0,28.0,0.0,0.0,1.0,0.0,0.0,1.0,0.0,0.0,False,False,False,both (US-origin outbound + US-destination inbound pooled)
useurope_placebo,NZ,2003,24,0,24,0,0,24,0,724.0,28.0,0.0,0.0,1.0,0.0,0.0,1.0,0.0,0.0,False,False,False,both (US-origin outbound + US-destination inbound pooled)
useurope_placebo,NZ,2004,24,0,24,0,0,24,0,726.0,28.0,0.0,0.0,1.0,0.0,0.0,1.0,0.0,0.0,False,False,False,both (US-origin outbound + US-destination inbound pooled)
useurope_placebo,NZ,2005,24,0,24,0,0,24,0,742.0,28.0,0.0,0.0,1.0,0.0,0.0,1.0,0.0,0.0,False,False,False,both (US-origin outbound + US-destination inbound pooled)
useurope_placebo,NZ,2006,24,0,24,0,0,24,0,727.0,28.0,0.0,0.0,1.0,0.0,0.0,1.0,0.0,0.0,False,False,False,both (US-origin outbound + US-destination inbound pooled)
useurope_placebo,NZ,2007,26,0,26,0,0,26,0,719.0,28.0,0.0,0.0,1.0,0.0,0.0,1.0,0.0,0.0,False,False,False,both (US-origin outbound + US-destination inbound pooled)
useurope_placebo,NZ,2008,24,0,24,0,0,24,0,721.0,28.0,0.0,0.0,1.0,0.0,0.0,1.0,0.0,0.0,False,False,False,both (US-origin outbound + US-destination inbound pooled)
useurope_placebo,NZ,2009,24,0,24,0,0,24,0,748.0,30.5,0.0,0.0,1.0,0.0,0.0,1.0,0.0,0.0,False,False,False,both (US-origin outbound + US-destination inbound pooled)
useurope_placebo,NZ,2010,23,0,23,0,0,23,0,654.0,28.0,0.0,0.0,1.0,0.0,0.0,1.0,0.0,0.0,False,False,False,both (US-origin outbound + US-destination inbound pooled)
useurope_placebo,NZ,2011,34,0,34,0,0,34,0,732.0,28.0,0.0,0.0,1.0,0.0,0.0,1.0,0.0,0.0,False,False,False,both (US-origin outbound + US-destination inbound pooled)
useurope_placebo,NZ,2012,25,0,25,0,0,25,0,726.0,30.0,0.0,0.0,1.0,0.0,0.0,1.0,0.0,0.0,False,False,False,both (US-origin outbound + US-destination inbound pooled)
useurope_placebo,NZ,2013,24,0,24,0,0,24,0,730.0,31.0,0.0,0.0,1.0,0.0,0.0,1.0,0.0,0.0,False,False,False,both (US-origin outbound + US-destination inbound pooled)
useurope_placebo,NZ,2014,24,0,24,0,0,24,0,730.0,31.0,0.0,0.0,1.0,0.0,0.0,1.0,0.0,0.0,False,False,False,both (US-origin outbound + US-destination inbound pooled)
useurope_placebo,NZ,2015,24,0,24,0,0,24,0,727.0,31.0,0.0,0.0,1.0,0.0,0.0,1.0,0.0,0.0,False,False,False,both (US-origin outbound + US-destination inbound pooled)
useurope_placebo,NZ,2016,24,0,24,0,0,24,0,730.0,30.5,0.0,0.0,1.0,0.0,0.0,1.0,0.0,0.0,False,False,False,both (US-origin outbound + US-destination inbound pooled)
useurope_placebo,NZ,2017,24,0,24,0,0,24,0,714.0,30.0,0.0,0.0,1.0,0.0,0.0,1.0,0.0,0.0,False,False,False,both (US-origin outbound + US-destination inbound pooled)
useurope_placebo,NZ,2018,24,0,24,0,0,24,0,724.0,30.0,0.0,0.0,1.0,0.0,0.0,1.0,0.0,0.0,False,False,False,both (US-origin outbound + US-destination inbound pooled)
useurope_placebo,NZ,2019,24,0,24,0,0,24,0,728.0,30.5,0.0,0.0,1.0,0.0,0.0,1.0,0.0,0.0,False,False,False,both (US-origin outbound + US-destination inbound pooled)
useurope_placebo,NZ,2020,6,0,6,0,0,6,0,149.0,23.0,0.0,0.0,1.0,0.0,0.0,1.0,0.0,0.0,True,False,False,both (US-origin outbound + US-destination inbound pooled)
useurope_placebo,PK,1990,69,0,69,0,0,69,0,423.0,7.0,0.0,0.0,1.0,0.0,0.0,1.0,0.0,0.0,False,False,False,both (US-origin outbound + US-destination inbound pooled)
useurope_placebo,PK,1991,75,0,75,0,0,75,0,435.0,5.0,0.0,0.0,1.0,0.0,0.0,1.0,0.0,0.0,False,False,False,both (US-origin outbound + US-destination inbound pooled)
useurope_placebo,PK,1992,73,0,73,0,0,73,0,524.0,6.0,0.0,0.0,1.0,0.0,0.0,1.0,0.0,0.0,False,False,False,both (US-origin outbound + US-destination inbound pooled)
useurope_placebo,PK,1993,74,0,74,0,0,74,0,462.0,5.0,0.0,0.0,1.0,0.0,0.0,1.0,0.0,0.0,False,False,False,both (US-origin outbound + US-destination inbound pooled)
useurope_placebo,PK,1994,81,0,81,0,0,81,0,614.0,7.0,0.0,0.0,1.0,0.0,0.0,1.0,0.0,0.0,False,False,False,both (US-origin outbound + US-destination inbound pooled)
useurope_placebo,PK,1995,85,0,85,0,0,85,0,543.0,7.0,0.0,0.0,1.0,0.0,0.0,1.0,0.0,0.0,False,False,False,both (US-origin outbound + US-destination inbound pooled)
useurope_placebo,PK,1996,125,0,125,0,0,125,0,732.0,5.0,0.0,0.0,1.0,0.0,0.0,1.0,0.0,0.0,False,False,False,both (US-origin outbound + US-destination inbound pooled)
useurope_placebo,PK,1997,136,0,136,0,0,136,0,751.0,5.0,0.0,0.0,1.0,0.0,0.0,1.0,0.0,0.0,False,False,False,both (US-origin outbound + US-destination inbound pooled)
useurope_placebo,PK,1998,104,0,104,0,0,104,0,574.0,5.0,0.0,0.0,1.0,0.0,0.0,1.0,0.0,0.0,False,False,False,both (US-origin outbound + US-destination inbound pooled)
useurope_placebo,PK,1999,23,0,23,0,0,23,0,84.0,4.0,0.0,0.0,1.0,0.0,0.0,1.0,0.0,0.0,False,False,False,both (US-origin outbound + US-destination inbound pooled)
useurope_placebo,RO,1991,34,0,34,0,0,34,0,140.0,4.0,0.0,0.0,1.0,0.0,0.0,1.0,0.0,0.0,False,False,False,both (US-origin outbound + US-destination inbound pooled)
useurope_placebo,RO,1992,36,0,36,0,0,36,0,188.0,5.0,0.0,0.0,1.0,0.0,0.0,1.0,0.0,0.0,False,False,False,both (US-origin outbound + US-destination inbound pooled)
useurope_placebo,RO,1993,24,0,24,0,0,24,0,99.0,4.0,0.0,0.0,1.0,0.0,0.0,1.0,0.0,0.0,False,False,False,both (US-origin outbound + US-destination inbound pooled)
useurope_placebo,RO,1994,24,0,24,0,0,24,0,180.0,8.0,0.0,0.0,1.0,0.0,0.0,1.0,0.0,0.0,False,False,False,both (US-origin outbound + US-destination inbound pooled)
useurope_placebo,RO,1995,6,0,6,0,0,6,0,48.0,8.0,0.0,0.0,1.0,0.0,0.0,1.0,0.0,0.0,False,False,False,both (US-origin outbound + US-destination inbound pooled)
useurope_placebo,RO,1998,18,0,18,0,0,18,0,66.0,4.0,0.0,0.0,1.0,0.0,0.0,1.0,0.0,0.0,False,False,False,both (US-origin outbound + US-destination inbound pooled)
useurope_placebo,RO,1999,22,0,22,0,0,22,0,82.0,4.0,0.0,0.0,1.0,0.0,0.0,1.0,0.0,0.0,False,False,False,both (US-origin outbound + US-destination inbound pooled)
useurope_placebo,RO,2000,20,0,20,0,0,20,0,86.0,4.0,0.0,0.0,1.0,0.0,0.0,1.0,0.0,0.0,False,False,False,both (US-origin outbound + US-destination inbound pooled)
useurope_placebo,RU,1990,30,0,30,0,0,30,0,378.0,13.0,378.0,0.0,1.0,0.0,0.0,1.0,0.0,1.0,False,True,False,both (US-origin outbound + US-destination inbound pooled)
useurope_placebo,RU,1991,48,0,48,0,0,48,0,471.0,9.0,471.0,0.0,1.0,0.0,0.0,1.0,0.0,1.0,False,True,False,both (US-origin outbound + US-destination inbound pooled)
useurope_placebo,RU,1992,36,0,36,0,0,36,0,512.0,13.5,512.0,0.0,1.0,0.0,0.0,1.0,0.0,1.0,False,True,False,both (US-origin outbound + US-destination inbound pooled)
useurope_placebo,SA,1990,7,0,7,0,0,7,0,19.0,2.0,0.0,0.0,1.0,0.0,0.0,1.0,0.0,0.0,False,False,False,both (US-origin outbound + US-destination inbound pooled)
useurope_placebo,SA,1991,8,0,8,0,0,8,0,20.0,1.0,0.0,0.0,1.0,0.0,0.0,1.0,0.0,0.0,False,False,False,both (US-origin outbound + US-destination inbound pooled)
useurope_placebo,SA,1992,11,0,11,0,0,11,0,25.0,1.0,0.0,0.0,1.0,0.0,0.0,1.0,0.0,0.0,False,False,False,both (US-origin outbound + US-destination inbound pooled)
useurope_placebo,SA,1993,12,0,12,0,0,12,0,42.0,2.5,0.0,0.0,1.0,0.0,0.0,1.0,0.0,0.0,False,False,False,both (US-origin outbound + US-destination inbound pooled)
useurope_placebo,SA,1994,2,0,2,0,0,2,0,2.0,1.0,0.0,0.0,1.0,0.0,0.0,1.0,0.0,0.0,False,False,False,both (US-origin outbound + US-destination inbound pooled)
useurope_placebo,SA,1995,3,0,3,0,0,3,0,4.0,1.0,0.0,0.0,1.0,0.0,0.0,1.0,0.0,0.0,False,False,False,both (US-origin outbound + US-destination inbound pooled)
useurope_placebo,SA,1996,2,0,2,0,0,2,0,2.0,1.0,0.0,0.0,1.0,0.0,0.0,1.0,0.0,0.0,False,False,False,both (US-origin outbound + US-destination inbound pooled)
useurope_placebo,SA,1997,7,0,7,0,0,7,0,9.0,1.0,0.0,0.0,1.0,0.0,0.0,1.0,0.0,0.0,False,False,False,both (US-origin outbound + US-destination inbound pooled)
useurope_placebo,SA,1999,2,0,2,0,0,2,0,2.0,1.0,0.0,0.0,1.0,0.0,0.0,1.0,0.0,0.0,False,False,False,both (US-origin outbound + US-destination inbound pooled)
useurope_placebo,SA,2001,1,0,1,0,0,1,0,1.0,1.0,0.0,0.0,1.0,0.0,0.0,1.0,0.0,0.0,False,False,False,both (US-origin outbound + US-destination inbound pooled)
useurope_placebo,SA,2003,1,0,1,0,0,1,0,1.0,1.0,0.0,0.0,1.0,0.0,0.0,1.0,0.0,0.0,False,False,False,both (US-origin outbound + US-destination inbound pooled)
useurope_placebo,SA,2013,1,0,1,0,0,1,0,1.0,1.0,0.0,0.0,1.0,0.0,0.0,1.0,0.0,0.0,False,False,False,both (US-origin outbound + US-destination inbound pooled)
useurope_placebo,SA,2014,1,0,1,0,0,1,0,1.0,1.0,0.0,0.0,1.0,0.0,0.0,1.0,0.0,0.0,False,False,False,both (US-origin outbound + US-destination inbound pooled)
useurope_placebo,SA,2016,1,0,1,0,0,1,0,1.0,1.0,0.0,0.0,1.0,0.0,0.0,1.0,0.0,0.0,False,False,False,both (US-origin outbound + US-destination inbound pooled)
useurope_placebo,SA,2025,1,0,1,0,0,1,0,1.0,1.0,0.0,0.0,1.0,0.0,0.0,1.0,0.0,0.0,False,False,False,both (US-origin outbound + US-destination inbound pooled)
useurope_placebo,SG,1992,12,0,12,0,0,12,0,158.0,13.0,0.0,0.0,1.0,0.0,0.0,1.0,0.0,0.0,False,False,False,both (US-origin outbound + US-destination inbound pooled)
useurope_placebo,SG,1993,28,0,28,0,0,28,0,445.0,17.0,0.0,0.0,1.0,0.0,0.0,1.0,0.0,0.0,False,False,False,both (US-origin outbound + US-destination inbound pooled)
useurope_placebo,SG,1994,48,0,48,0,0,48,0,725.0,15.0,0.0,0.0,1.0,0.0,0.0,1.0,0.0,0.0,False,False,False,both (US-origin outbound + US-destination inbound pooled)
useurope_placebo,SG,1995,48,0,48,0,0,48,0,730.0,15.0,0.0,0.0,1.0,0.0,0.0,1.0,0.0,0.0,False,False,False,both (US-origin outbound + US-destination inbound pooled)
useurope_placebo,SG,1996,48,0,48,0,0,48,0,732.0,15.0,0.0,0.0,1.0,0.0,0.0,1.0,0.0,0.0,False,False,False,both (US-origin outbound + US-destination inbound pooled)
useurope_placebo,SG,1997,48,0,48,0,0,48,0,732.0,15.0,0.0,0.0,1.0,0.0,0.0,1.0,0.0,0.0,False,False,False,both (US-origin outbound + US-destination inbound pooled)
useurope_placebo,SG,1998,50,0,50,0,0,50,0,970.0,14.0,0.0,0.0,1.0,0.0,0.0,1.0,0.0,0.0,False,False,False,both (US-origin outbound + US-destination inbound pooled)
useurope_placebo,SG,1999,48,0,48,0,0,48,0,1118.0,23.5,0.0,0.0,1.0,0.0,0.0,1.0,0.0,0.0,False,False,False,both (US-origin outbound + US-destination inbound pooled)
useurope_placebo,SG,2000,48,0,48,0,0,48,0,1150.0,24.0,0.0,0.0,1.0,0.0,0.0,1.0,0.0,0.0,False,False,False,both (US-origin outbound + US-destination inbound pooled)
useurope_placebo,SG,2001,58,0,58,0,0,58,0,1215.0,18.0,0.0,0.0,1.0,0.0,0.0,1.0,0.0,0.0,False,False,False,both (US-origin outbound + US-destination inbound pooled)
useurope_placebo,SG,2002,66,0,66,0,0,66,0,1250.0,17.0,0.0,0.0,1.0,0.0,0.0,1.0,0.0,0.0,False,False,False,both (US-origin outbound + US-destination inbound pooled)
useurope_placebo,SG,2003,56,0,56,0,0,56,0,1149.0,18.0,0.0,0.0,1.0,0.0,0.0,1.0,0.0,0.0,False,False,False,both (US-origin outbound + US-destination inbound pooled)
useurope_placebo,SG,2004,36,0,36,0,0,36,0,936.0,30.0,0.0,0.0,1.0,0.0,0.0,1.0,0.0,0.0,False,False,False,both (US-origin outbound + US-destination inbound pooled)
useurope_placebo,SG,2005,24,0,24,0,0,24,0,730.0,31.0,0.0,0.0,1.0,0.0,0.0,1.0,0.0,0.0,False,False,False,both (US-origin outbound + US-destination inbound pooled)
useurope_placebo,SG,2006,24,0,24,0,0,24,0,728.0,30.5,0.0,0.0,1.0,0.0,0.0,1.0,0.0,0.0,False,False,False,both (US-origin outbound + US-destination inbound pooled)
useurope_placebo,SG,2007,24,0,24,0,0,24,0,730.0,31.0,0.0,0.0,1.0,0.0,0.0,1.0,0.0,0.0,False,False,False,both (US-origin outbound + US-destination inbound pooled)
useurope_placebo,SG,2008,24,0,24,0,0,24,0,732.0,31.0,0.0,0.0,1.0,0.0,0.0,1.0,0.0,0.0,False,False,False,both (US-origin outbound + US-destination inbound pooled)
useurope_placebo,SG,2009,24,0,24,0,0,24,0,730.0,31.0,0.0,0.0,1.0,0.0,0.0,1.0,0.0,0.0,False,False,False,both (US-origin outbound + US-destination inbound pooled)
useurope_placebo,SG,2010,24,0,24,0,0,24,0,718.0,31.0,0.0,0.0,1.0,0.0,0.0,1.0,0.0,0.0,False,False,False,both (US-origin outbound + US-destination inbound pooled)
useurope_placebo,SG,2011,24,0,24,0,0,24,0,728.0,31.0,0.0,0.0,1.0,0.0,0.0,1.0,0.0,0.0,False,False,False,both (US-origin outbound + US-destination inbound pooled)
useurope_placebo,SG,2012,28,0,28,0,0,28,0,728.0,30.0,0.0,0.0,1.0,0.0,0.0,1.0,0.0,0.0,False,False,False,both (US-origin outbound + US-destination inbound pooled)
useurope_placebo,SG,2013,26,0,26,0,0,26,0,728.0,30.0,0.0,0.0,1.0,0.0,0.0,1.0,0.0,0.0,False,False,False,both (US-origin outbound + US-destination inbound pooled)
useurope_placebo,SG,2014,24,0,24,0,0,24,0,730.0,31.0,0.0,0.0,1.0,0.0,0.0,1.0,0.0,0.0,False,False,False,both (US-origin outbound + US-destination inbound pooled)
useurope_placebo,SG,2015,24,0,24,0,0,24,0,727.0,30.5,0.0,0.0,1.0,0.0,0.0,1.0,0.0,0.0,False,False,False,both (US-origin outbound + US-destination inbound pooled)
useurope_placebo,SG,2016,24,0,24,0,0,24,0,731.0,31.0,0.0,0.0,1.0,0.0,0.0,1.0,0.0,0.0,False,False,False,both (US-origin outbound + US-destination inbound pooled)
useurope_placebo,SG,2017,24,0,24,0,0,24,0,727.0,30.5,0.0,0.0,1.0,0.0,0.0,1.0,0.0,0.0,False,False,False,both (US-origin outbound + US-destination inbound pooled)
useurope_placebo,SG,2018,24,0,24,0,0,24,0,725.0,30.5,0.0,0.0,1.0,0.0,0.0,1.0,0.0,0.0,False,False,False,both (US-origin outbound + US-destination inbound pooled)
useurope_placebo,SG,2019,24,0,24,0,0,24,0,730.0,31.0,0.0,0.0,1.0,0.0,0.0,1.0,0.0,0.0,False,False,False,both (US-origin outbound + US-destination inbound pooled)
useurope_placebo,SG,2020,6,0,6,0,0,6,0,153.0,29.0,0.0,0.0,1.0,0.0,0.0,1.0,0.0,0.0,True,False,False,both (US-origin outbound + US-destination inbound pooled)
useurope_placebo,SG,2021,4,0,4,0,0,4,0,121.0,30.5,0.0,0.0,1.0,0.0,0.0,1.0,0.0,0.0,True,False,False,both (US-origin outbound + US-destination inbound pooled)
useurope_placebo,SG,2022,24,0,24,0,0,24,0,728.0,30.5,0.0,0.0,1.0,0.0,0.0,1.0,0.0,0.0,False,False,False,both (US-origin outbound + US-destination inbound pooled)
useurope_placebo,SG,2023,22,0,22,0,0,22,0,639.0,30.0,0.0,0.0,1.0,0.0,0.0,1.0,0.0,0.0,False,False,False,both (US-origin outbound + US-destination inbound pooled)
useurope_placebo,SG,2024,24,0,24,0,0,24,0,726.0,30.5,0.0,0.0,1.0,0.0,0.0,1.0,0.0,0.0,False,False,False,both (US-origin outbound + US-destination inbound pooled)
useurope_placebo,SG,2025,22,0,22,0,0,22,0,654.0,31.0,0.0,0.0,1.0,0.0,0.0,1.0,0.0,0.0,False,False,False,both (US-origin outbound + US-destination inbound pooled)
useurope_placebo,TR,2021,1,0,1,0,0,1,0,1.0,1.0,0.0,0.0,1.0,0.0,0.0,1.0,0.0,0.0,True,False,False,both (US-origin outbound + US-destination inbound pooled)
useurope_placebo,TR,2024,2,0,2,0,0,2,0,3.0,1.5,0.0,0.0,1.0,0.0,0.0,1.0,0.0,0.0,False,False,False,both (US-origin outbound + US-destination inbound pooled)
useurope_placebo,TR,2025,1,0,1,0,0,1,0,1.0,1.0,0.0,0.0,1.0,0.0,0.0,1.0,0.0,0.0,False,False,False,both (US-origin outbound + US-destination inbound pooled)
useurope_placebo,US,1990,1710,1710,0,0,1710,0,0,30231.0,16.0,0.0,1.0,0.0,0.0,1.0,0.0,0.0,0.0,False,False,True,both (US-origin outbound + US-destination inbound pooled)
useurope_placebo,US,1991,1836,1836,0,0,1836,0,0,30291.0,15.0,0.0,1.0,0.0,0.0,1.0,0.0,0.0,0.0,False,False,True,both (US-origin outbound + US-destination inbound pooled)
useurope_placebo,US,1992,1910,1910,0,0,1910,0,0,39407.0,25.0,0.0,1.0,0.0,0.0,1.0,0.0,0.0,0.0,False,False,True,both (US-origin outbound + US-destination inbound pooled)
useurope_placebo,US,1993,1829,1829,0,0,1829,0,0,41876.0,28.0,0.0,1.0,0.0,0.0,1.0,0.0,0.0,0.0,False,False,True,both (US-origin outbound + US-destination inbound pooled)
useurope_placebo,US,1994,1902,1902,0,0,1902,0,0,41113.0,27.0,0.0,1.0,0.0,0.0,1.0,0.0,0.0,0.0,False,False,True,both (US-origin outbound + US-destination inbound pooled)
useurope_placebo,US,1995,1828,1828,0,0,1828,0,0,43248.0,28.0,0.0,1.0,0.0,0.0,1.0,0.0,0.0,0.0,False,False,True,both (US-origin outbound + US-destination inbound pooled)
useurope_placebo,US,1996,1708,1708,0,0,1708,0,0,43653.0,30.0,0.0,1.0,0.0,0.0,1.0,0.0,0.0,0.0,False,False,True,both (US-origin outbound + US-destination inbound pooled)
useurope_placebo,US,1997,1644,1644,0,0,1644,0,0,46139.0,30.0,0.0,1.0,0.0,0.0,1.0,0.0,0.0,0.0,False,False,True,both (US-origin outbound + US-destination inbound pooled)
useurope_placebo,US,1998,1724,1724,0,0,1724,0,0,51105.0,30.0,0.0,1.0,0.0,0.0,1.0,0.0,0.0,0.0,False,False,True,both (US-origin outbound + US-destination inbound pooled)
useurope_placebo,US,1999,1911,1911,0,0,1911,0,0,56139.0,30.0,0.0,1.0,0.0,0.0,1.0,0.0,0.0,0.0,False,False,True,both (US-origin outbound + US-destination inbound pooled)
useurope_placebo,US,2000,2089,2089,0,0,2089,0,0,61906.0,30.0,0.0,1.0,0.0,0.0,1.0,0.0,0.0,0.0,False,False,True,both (US-origin outbound + US-destination inbound pooled)
useurope_placebo,US,2001,2156,2156,0,0,2156,0,0,62659.0,30.0,0.0,1.0,0.0,0.0,1.0,0.0,0.0,0.0,False,False,True,both (US-origin outbound + US-destination inbound pooled)
useurope_placebo,US,2002,1880,1880,0,0,1880,0,0,60325.0,30.0,0.0,1.0,0.0,0.0,1.0,0.0,0.0,0.0,False,False,True,both (US-origin outbound + US-destination inbound pooled)
useurope_placebo,US,2003,1710,1710,0,0,1710,0,0,56615.0,30.0,0.0,1.0,0.0,0.0,1.0,0.0,0.0,0.0,False,False,True,both (US-origin outbound + US-destination inbound pooled)
useurope_placebo,US,2004,1675,1675,0,0,1675,0,0,59711.0,30.0,0.0,1.0,0.0,0.0,1.0,0.0,0.0,0.0,False,False,True,both (US-origin outbound + US-destination inbound pooled)
useurope_placebo,US,2005,1653,1653,0,0,1653,0,0,60340.0,30.0,0.0,1.0,0.0,0.0,1.0,0.0,0.0,0.0,False,False,True,both (US-origin outbound + US-destination inbound pooled)
useurope_placebo,US,2006,1662,1662,0,0,1662,0,0,58837.0,30.0,0.0,1.0,0.0,0.0,1.0,0.0,0.0,0.0,False,False,True,both (US-origin outbound + US-destination inbound pooled)
useurope_placebo,US,2007,1751,1751,0,0,1751,0,0,60410.0,30.0,0.0,1.0,0.0,0.0,1.0,0.0,0.0,0.0,False,False,True,both (US-origin outbound + US-destination inbound pooled)
useurope_placebo,US,2008,2277,2277,0,0,2277,0,0,71109.0,30.0,0.0,1.0,0.0,0.0,1.0,0.0,0.0,0.0,False,False,True,both (US-origin outbound + US-destination inbound pooled)
useurope_placebo,US,2009,2217,2217,0,0,2217,0,0,68511.0,30.0,0.0,1.0,0.0,0.0,1.0,0.0,0.0,0.0,False,False,True,both (US-origin outbound + US-destination inbound pooled)
useurope_placebo,US,2010,2306,2306,0,0,2306,0,0,68592.0,30.0,0.0,1.0,0.0,0.0,1.0,0.0,0.0,0.0,False,False,True,both (US-origin outbound + US-destination inbound pooled)
useurope_placebo,US,2011,2492,2492,0,0,2492,0,0,74460.0,29.0,0.0,1.0,0.0,0.0,1.0,0.0,0.0,0.0,False,False,True,both (US-origin outbound + US-destination inbound pooled)
useurope_placebo,US,2012,2343,2343,0,0,2343,0,0,74375.0,30.0,0.0,1.0,0.0,0.0,1.0,0.0,0.0,0.0,False,False,True,both (US-origin outbound + US-destination inbound pooled)
useurope_placebo,US,2013,2491,2491,0,0,2491,0,0,74636.0,30.0,0.0,1.0,0.0,0.0,1.0,0.0,0.0,0.0,False,False,True,both (US-origin outbound + US-destination inbound pooled)
useurope_placebo,US,2014,2670,2658,12,0,2658,12,0,74346.0,29.0,216.0,0.9955056179775281,0.0044943820224719105,0.0,0.9955056179775281,0.0044943820224719105,0.0,0.0029053345169881366,False,False,True,both (US-origin outbound + US-destination inbound pooled)
useurope_placebo,US,2015,2951,2927,24,0,2927,24,0,77467.0,29.0,649.0,0.991867163673331,0.008132836326668925,0.0,0.991867163673331,0.008132836326668925,0.0,0.008377760853008377,False,False,True,both (US-origin outbound + US-destination inbound pooled)
useurope_placebo,US,2016,2863,2839,24,0,2839,24,0,77862.0,29.0,689.0,0.991617184771219,0.008382815228781,0.0,0.991617184771219,0.008382815228781,0.0,0.008848989237368678,False,False,True,both (US-origin outbound + US-destination inbound pooled)
useurope_placebo,US,2017,2727,2703,24,0,2703,24,0,79694.0,29.0,985.0,0.9911991199119912,0.0088008800880088,0.0,0.9911991199119912,0.0088008800880088,0.0,0.012359776143749843,False,False,True,both (US-origin outbound + US-destination inbound pooled)
useurope_placebo,US,2018,2875,2867,8,0,2867,8,0,77975.0,29.0,289.0,0.9972173913043478,0.002782608695652174,0.0,0.9972173913043478,0.002782608695652174,0.0,0.0037063161269637705,False,False,True,both (US-origin outbound + US-destination inbound pooled)
useurope_placebo,US,2019,2900,2900,0,0,2900,0,0,80436.0,29.0,0.0,1.0,0.0,0.0,1.0,0.0,0.0,0.0,False,False,True,both (US-origin outbound + US-destination inbound pooled)
useurope_placebo,US,2020,1472,1472,0,0,1472,0,0,28473.0,20.0,0.0,1.0,0.0,0.0,1.0,0.0,0.0,0.0,True,False,True,both (US-origin outbound + US-destination inbound pooled)
useurope_placebo,US,2021,1722,1722,0,0,1722,0,0,33557.0,25.0,0.0,1.0,0.0,0.0,1.0,0.0,0.0,0.0,True,False,True,both (US-origin outbound + US-destination inbound pooled)
useurope_placebo,US,2022,2920,2920,0,0,2920,0,0,70531.0,27.0,0.0,1.0,0.0,0.0,1.0,0.0,0.0,0.0,False,False,True,both (US-origin outbound + US-destination inbound pooled)
useurope_placebo,US,2023,3197,3197,0,0,3197,0,0,88289.0,29.0,0.0,1.0,0.0,0.0,1.0,0.0,0.0,0.0,False,False,True,both (US-origin outbound + US-destination inbound pooled)
useurope_placebo,US,2024,3214,3214,0,0,3214,0,0,88150.0,29.0,0.0,1.0,0.0,0.0,1.0,0.0,0.0,0.0,False,False,True,both (US-origin outbound + US-destination inbound pooled)
useurope_placebo,US,2025,3367,3367,0,0,3367,0,0,87363.0,29.0,0.0,1.0,0.0,0.0,1.0,0.0,0.0,0.0,False,False,True,both (US-origin outbound + US-destination inbound pooled)
useurope_placebo,UZ,1995,11,0,11,0,0,11,0,48.0,4.0,0.0,0.0,1.0,0.0,0.0,1.0,0.0,0.0,False,False,False,both (US-origin outbound + US-destination inbound pooled)
useurope_placebo,UZ,1996,24,0,24,0,0,24,0,148.0,5.0,0.0,0.0,1.0,0.0,0.0,1.0,0.0,0.0,False,False,False,both (US-origin outbound + US-destination inbound pooled)
useurope_placebo,UZ,1997,24,0,24,0,0,24,0,130.0,5.0,0.0,0.0,1.0,0.0,0.0,1.0,0.0,0.0,False,False,False,both (US-origin outbound + US-destination inbound pooled)
useurope_placebo,UZ,1998,24,0,24,0,0,24,0,134.0,5.0,0.0,0.0,1.0,0.0,0.0,1.0,0.0,0.0,False,False,False,both (US-origin outbound + US-destination inbound pooled)
useurope_placebo,UZ,1999,6,0,6,0,0,6,0,24.0,4.0,0.0,0.0,1.0,0.0,0.0,1.0,0.0,0.0,False,False,False,both (US-origin outbound + US-destination inbound pooled)
usindia,IN,1997,10,0,10,0,0,10,0,171.0,13.5,0.0,0.0,1.0,0.0,0.0,1.0,0.0,0.0,False,False,False,both (US-origin outbound + US-destination inbound pooled)
usindia,IN,2007,10,0,10,0,0,10,0,302.0,31.0,0.0,0.0,1.0,0.0,0.0,1.0,0.0,0.0,False,False,False,both (US-origin outbound + US-destination inbound pooled)
usindia,IN,2008,46,0,46,0,0,46,0,1384.0,31.0,0.0,0.0,1.0,0.0,0.0,1.0,0.0,0.0,False,False,False,both (US-origin outbound + US-destination inbound pooled)
usindia,IN,2009,48,0,48,0,0,48,0,1452.0,31.0,0.0,0.0,1.0,0.0,0.0,1.0,0.0,0.0,False,False,False,both (US-origin outbound + US-destination inbound pooled)
usindia,IN,2010,52,0,52,0,0,52,0,1562.0,30.5,0.0,0.0,1.0,0.0,0.0,1.0,0.0,0.0,False,False,False,both (US-origin outbound + US-destination inbound pooled)
usindia,IN,2011,72,0,72,0,0,72,0,2184.0,31.0,0.0,0.0,1.0,0.0,0.0,1.0,0.0,0.0,False,False,False,both (US-origin outbound + US-destination inbound pooled)
usindia,IN,2012,68,0,68,0,0,68,0,1975.0,30.0,0.0,0.0,1.0,0.0,0.0,1.0,0.0,0.0,False,False,False,both (US-origin outbound + US-destination inbound pooled)
usindia,IN,2013,72,0,72,0,0,72,0,2190.0,31.0,0.0,0.0,1.0,0.0,0.0,1.0,0.0,0.0,False,False,False,both (US-origin outbound + US-destination inbound pooled)
usindia,IN,2014,72,0,72,0,0,72,0,2163.0,30.0,0.0,0.0,1.0,0.0,0.0,1.0,0.0,0.0,False,False,False,both (US-origin outbound + US-destination inbound pooled)
usindia,IN,2015,74,0,74,0,0,74,0,2207.0,30.0,0.0,0.0,1.0,0.0,0.0,1.0,0.0,0.0,False,False,False,both (US-origin outbound + US-destination inbound pooled)
usindia,IN,2016,96,0,96,0,0,96,0,2535.0,30.0,0.0,0.0,1.0,0.0,0.0,1.0,0.0,0.0,False,False,False,both (US-origin outbound + US-destination inbound pooled)
usindia,IN,2017,122,0,122,0,0,122,0,2962.0,30.0,0.0,0.0,1.0,0.0,0.0,1.0,0.0,0.0,False,False,False,both (US-origin outbound + US-destination inbound pooled)
usindia,IN,2018,142,0,142,0,0,142,0,3386.0,30.0,0.0,0.0,1.0,0.0,0.0,1.0,0.0,0.0,False,False,False,both (US-origin outbound + US-destination inbound pooled)
usindia,IN,2019,145,0,145,0,0,145,0,3488.0,30.0,0.0,0.0,1.0,0.0,0.0,1.0,0.0,0.0,False,False,False,both (US-origin outbound + US-destination inbound pooled)
usindia,IN,2020,140,0,140,0,0,140,0,2003.0,13.0,0.0,0.0,1.0,0.0,0.0,1.0,0.0,0.0,True,False,False,both (US-origin outbound + US-destination inbound pooled)
usindia,IN,2021,202,0,202,0,0,202,0,2317.0,12.0,0.0,0.0,1.0,0.0,0.0,1.0,0.0,0.0,True,False,False,both (US-origin outbound + US-destination inbound pooled)
usindia,IN,2022,182,0,182,0,0,182,0,3377.0,14.0,0.0,0.0,1.0,0.0,0.0,1.0,0.0,0.0,False,False,False,both (US-origin outbound + US-destination inbound pooled)
usindia,IN,2023,269,0,269,0,0,269,0,4614.0,13.0,0.0,0.0,1.0,0.0,0.0,1.0,0.0,0.0,False,False,False,both (US-origin outbound + US-destination inbound pooled)
usindia,IN,2024,308,0,308,0,0,308,0,5198.0,14.5,0.0,0.0,1.0,0.0,0.0,1.0,0.0,0.0,False,False,False,both (US-origin outbound + US-destination inbound pooled)
usindia,IN,2025,249,0,249,0,0,249,0,4466.0,17.0,0.0,0.0,1.0,0.0,0.0,1.0,0.0,0.0,False,False,False,both (US-origin outbound + US-destination inbound pooled)
usindia,US,2005,8,8,0,0,8,0,0,213.0,30.5,0.0,1.0,0.0,0.0,1.0,0.0,0.0,0.0,False,False,True,both (US-origin outbound + US-destination inbound pooled)
usindia,US,2006,55,55,0,0,55,0,0,1571.0,30.0,0.0,1.0,0.0,0.0,1.0,0.0,0.0,0.0,False,False,True,both (US-origin outbound + US-destination inbound pooled)
usindia,US,2007,88,88,0,0,88,0,0,2321.0,30.0,0.0,1.0,0.0,0.0,1.0,0.0,0.0,0.0,False,False,True,both (US-origin outbound + US-destination inbound pooled)
usindia,US,2008,103,103,0,0,103,0,0,2875.0,30.0,0.0,1.0,0.0,0.0,1.0,0.0,0.0,0.0,False,False,True,both (US-origin outbound + US-destination inbound pooled)
usindia,US,2009,96,96,0,0,96,0,0,2494.0,28.5,0.0,1.0,0.0,0.0,1.0,0.0,0.0,0.0,False,False,True,both (US-origin outbound + US-destination inbound pooled)
usindia,US,2010,77,77,0,0,77,0,0,2090.0,30.0,0.0,1.0,0.0,0.0,1.0,0.0,0.0,0.0,False,False,True,both (US-origin outbound + US-destination inbound pooled)
usindia,US,2011,76,76,0,0,76,0,0,2108.0,30.0,0.0,1.0,0.0,0.0,1.0,0.0,0.0,0.0,False,False,True,both (US-origin outbound + US-destination inbound pooled)
usindia,US,2012,54,54,0,0,54,0,0,1535.0,30.0,0.0,1.0,0.0,0.0,1.0,0.0,0.0,0.0,False,False,True,both (US-origin outbound + US-destination inbound pooled)
usindia,US,2013,48,48,0,0,48,0,0,1439.0,30.0,0.0,1.0,0.0,0.0,1.0,0.0,0.0,0.0,False,False,True,both (US-origin outbound + US-destination inbound pooled)
usindia,US,2014,50,50,0,0,50,0,0,1445.0,30.0,0.0,1.0,0.0,0.0,1.0,0.0,0.0,0.0,False,False,True,both (US-origin outbound + US-destination inbound pooled)
usindia,US,2015,49,49,0,0,49,0,0,1429.0,30.0,0.0,1.0,0.0,0.0,1.0,0.0,0.0,0.0,False,False,True,both (US-origin outbound + US-destination inbound pooled)
usindia,US,2016,48,48,0,0,48,0,0,1441.0,30.0,0.0,1.0,0.0,0.0,1.0,0.0,0.0,0.0,False,False,True,both (US-origin outbound + US-destination inbound pooled)
usindia,US,2017,50,50,0,0,50,0,0,1445.0,30.0,0.0,1.0,0.0,0.0,1.0,0.0,0.0,0.0,False,False,True,both (US-origin outbound + US-destination inbound pooled)
usindia,US,2018,51,51,0,0,51,0,0,1444.0,30.0,0.0,1.0,0.0,0.0,1.0,0.0,0.0,0.0,False,False,True,both (US-origin outbound + US-destination inbound pooled)
usindia,US,2019,43,43,0,0,43,0,0,980.0,27.0,0.0,1.0,0.0,0.0,1.0,0.0,0.0,0.0,False,False,True,both (US-origin outbound + US-destination inbound pooled)
usindia,US,2020,75,75,0,0,75,0,0,1437.0,21.0,0.0,1.0,0.0,0.0,1.0,0.0,0.0,0.0,True,False,True,both (US-origin outbound + US-destination inbound pooled)
usindia,US,2021,108,108,0,0,108,0,0,2746.0,29.0,0.0,1.0,0.0,0.0,1.0,0.0,0.0,0.0,True,False,True,both (US-origin outbound + US-destination inbound pooled)
usindia,US,2022,98,98,0,0,98,0,0,2385.0,29.0,0.0,1.0,0.0,0.0,1.0,0.0,0.0,0.0,False,False,True,both (US-origin outbound + US-destination inbound pooled)
usindia,US,2023,61,61,0,0,61,0,0,1619.0,30.0,0.0,1.0,0.0,0.0,1.0,0.0,0.0,0.0,False,False,True,both (US-origin outbound + US-destination inbound pooled)
usindia,US,2024,62,62,0,0,62,0,0,1624.0,30.0,0.0,1.0,0.0,0.0,1.0,0.0,0.0,0.0,False,False,True,both (US-origin outbound + US-destination inbound pooled)
usindia,US,2025,56,56,0,0,56,0,0,1403.0,29.5,0.0,1.0,0.0,0.0,1.0,0.0,0.0,0.0,False,False,True,both (US-origin outbound + US-destination inbound pooled)
usmideast,AE,2004,14,0,14,0,0,14,0,424.0,30.0,0.0,0.0,1.0,0.0,0.0,1.0,0.0,0.0,False,False,False,both (US-origin outbound + US-destination inbound pooled)
usmideast,AE,2005,24,0,24,0,0,24,0,822.0,31.0,0.0,0.0,1.0,0.0,0.0,1.0,0.0,0.0,False,False,False,both (US-origin outbound + US-destination inbound pooled)
usmideast,AE,2006,30,0,30,0,0,30,0,1715.0,61.0,0.0,0.0,1.0,0.0,0.0,1.0,0.0,0.0,False,False,False,both (US-origin outbound + US-destination inbound pooled)
usmideast,AE,2007,59,0,59,0,0,59,0,2296.0,31.0,0.0,0.0,1.0,0.0,0.0,1.0,0.0,0.0,False,False,False,both (US-origin outbound + US-destination inbound pooled)
usmideast,AE,2008,91,0,91,0,0,91,0,2909.0,30.0,0.0,0.0,1.0,0.0,0.0,1.0,0.0,0.0,False,False,False,both (US-origin outbound + US-destination inbound pooled)
usmideast,AE,2009,176,0,176,0,0,176,0,4257.0,28.0,0.0,0.0,1.0,0.0,0.0,1.0,0.0,0.0,False,False,False,both (US-origin outbound + US-destination inbound pooled)
usmideast,AE,2010,198,0,198,0,0,198,0,5350.0,30.0,0.0,0.0,1.0,0.0,0.0,1.0,0.0,0.0,False,False,False,both (US-origin outbound + US-destination inbound pooled)
usmideast,AE,2011,216,0,216,0,0,216,0,6556.0,30.0,0.0,0.0,1.0,0.0,0.0,1.0,0.0,0.0,False,False,False,both (US-origin outbound + US-destination inbound pooled)
usmideast,AE,2012,266,0,266,0,0,266,0,7096.0,30.0,0.0,0.0,1.0,0.0,0.0,1.0,0.0,0.0,False,False,False,both (US-origin outbound + US-destination inbound pooled)
usmideast,AE,2013,268,0,268,0,0,268,0,7846.0,30.0,0.0,0.0,1.0,0.0,0.0,1.0,0.0,0.0,False,False,False,both (US-origin outbound + US-destination inbound pooled)
usmideast,AE,2014,312,0,312,0,0,312,0,10069.0,31.0,0.0,0.0,1.0,0.0,0.0,1.0,0.0,0.0,False,False,False,both (US-origin outbound + US-destination inbound pooled)
usmideast,AE,2015,424,0,424,0,0,424,0,13356.0,30.0,0.0,0.0,1.0,0.0,0.0,1.0,0.0,0.0,False,False,False,both (US-origin outbound + US-destination inbound pooled)
usmideast,AE,2016,470,0,470,0,0,470,0,15157.0,30.0,0.0,0.0,1.0,0.0,0.0,1.0,0.0,0.0,False,False,False,both (US-origin outbound + US-destination inbound pooled)
usmideast,AE,2017,488,0,488,0,0,488,0,14613.0,30.0,0.0,0.0,1.0,0.0,0.0,1.0,0.0,0.0,False,False,False,both (US-origin outbound + US-destination inbound pooled)
usmideast,AE,2018,426,0,426,0,0,426,0,12414.0,30.0,0.0,0.0,1.0,0.0,0.0,1.0,0.0,0.0,False,False,False,both (US-origin outbound + US-destination inbound pooled)
usmideast,AE,2019,397,0,397,0,0,397,0,11309.0,30.0,0.0,0.0,1.0,0.0,0.0,1.0,0.0,0.0,False,False,False,both (US-origin outbound + US-destination inbound pooled)
usmideast,AE,2020,224,0,224,0,0,224,0,4347.0,20.5,0.0,0.0,1.0,0.0,0.0,1.0,0.0,0.0,True,False,False,both (US-origin outbound + US-destination inbound pooled)
usmideast,AE,2021,359,0,359,0,0,359,0,7243.0,18.0,0.0,0.0,1.0,0.0,0.0,1.0,0.0,0.0,True,False,False,both (US-origin outbound + US-destination inbound pooled)
usmideast,AE,2022,365,0,365,0,0,365,0,10516.0,30.0,0.0,0.0,1.0,0.0,0.0,1.0,0.0,0.0,False,False,False,both (US-origin outbound + US-destination inbound pooled)
usmideast,AE,2023,354,0,354,0,0,354,0,11347.0,31.0,0.0,0.0,1.0,0.0,0.0,1.0,0.0,0.0,False,False,False,both (US-origin outbound + US-destination inbound pooled)
usmideast,AE,2024,378,0,378,0,0,378,0,11814.0,31.0,0.0,0.0,1.0,0.0,0.0,1.0,0.0,0.0,False,False,False,both (US-origin outbound + US-destination inbound pooled)
usmideast,AE,2025,398,0,398,0,0,398,0,12484.0,31.0,0.0,0.0,1.0,0.0,0.0,1.0,0.0,0.0,False,False,False,both (US-origin outbound + US-destination inbound pooled)
usmideast,BH,1994,67,0,67,0,0,67,0,88.0,1.0,0.0,0.0,1.0,0.0,0.0,1.0,0.0,0.0,False,False,False,both (US-origin outbound + US-destination inbound pooled)
usmideast,BH,1996,6,0,6,0,0,6,0,20.0,4.0,0.0,0.0,1.0,0.0,0.0,1.0,0.0,0.0,False,False,False,both (US-origin outbound + US-destination inbound pooled)
usmideast,BH,1997,5,0,5,0,0,5,0,15.0,3.0,0.0,0.0,1.0,0.0,0.0,1.0,0.0,0.0,False,False,False,both (US-origin outbound + US-destination inbound pooled)
usmideast,IL,1990,683,0,683,0,0,683,0,683.0,1.0,0.0,0.0,1.0,0.0,0.0,1.0,0.0,0.0,False,False,False,both (US-origin outbound + US-destination inbound pooled)
usmideast,IL,1991,871,0,871,0,0,871,0,871.0,1.0,0.0,0.0,1.0,0.0,0.0,1.0,0.0,0.0,False,False,False,both (US-origin outbound + US-destination inbound pooled)
usmideast,IL,1992,1005,0,1005,0,0,1005,0,1005.0,1.0,0.0,0.0,1.0,0.0,0.0,1.0,0.0,0.0,False,False,False,both (US-origin outbound + US-destination inbound pooled)
usmideast,IL,1993,117,0,117,0,0,117,0,1074.0,1.0,0.0,0.0,1.0,0.0,0.0,1.0,0.0,0.0,False,False,False,both (US-origin outbound + US-destination inbound pooled)
usmideast,IL,1994,64,0,64,0,0,64,0,1013.0,16.0,0.0,0.0,1.0,0.0,0.0,1.0,0.0,0.0,False,False,False,both (US-origin outbound + US-destination inbound pooled)
usmideast,IL,1995,84,0,84,0,0,84,0,1016.0,10.0,0.0,0.0,1.0,0.0,0.0,1.0,0.0,0.0,False,False,False,both (US-origin outbound + US-destination inbound pooled)
usmideast,IL,1996,117,0,117,0,0,117,0,1116.0,8.0,0.0,0.0,1.0,0.0,0.0,1.0,0.0,0.0,False,False,False,both (US-origin outbound + US-destination inbound pooled)
usmideast,IL,1997,122,0,122,0,0,122,0,1233.0,10.0,0.0,0.0,1.0,0.0,0.0,1.0,0.0,0.0,False,False,False,both (US-origin outbound + US-destination inbound pooled)
usmideast,IL,1998,151,0,151,0,0,151,0,1531.0,8.0,0.0,0.0,1.0,0.0,0.0,1.0,0.0,0.0,False,False,False,both (US-origin outbound + US-destination inbound pooled)
usmideast,IL,1999,180,0,180,0,0,180,0,1824.0,8.0,0.0,0.0,1.0,0.0,0.0,1.0,0.0,0.0,False,False,False,both (US-origin outbound + US-destination inbound pooled)
usmideast,IL,2000,184,0,184,0,0,184,0,2077.0,8.0,0.0,0.0,1.0,0.0,0.0,1.0,0.0,0.0,False,False,False,both (US-origin outbound + US-destination inbound pooled)
usmideast,IL,2001,178,0,178,0,0,178,0,1795.0,7.0,0.0,0.0,1.0,0.0,0.0,1.0,0.0,0.0,False,False,False,both (US-origin outbound + US-destination inbound pooled)
usmideast,IL,2002,133,0,133,0,0,133,0,1778.0,9.0,0.0,0.0,1.0,0.0,0.0,1.0,0.0,0.0,False,False,False,both (US-origin outbound + US-destination inbound pooled)
usmideast,IL,2003,103,0,103,0,0,103,0,1830.0,13.0,0.0,0.0,1.0,0.0,0.0,1.0,0.0,0.0,False,False,False,both (US-origin outbound + US-destination inbound pooled)
usmideast,IL,2004,107,0,107,0,0,107,0,2048.0,17.0,0.0,0.0,1.0,0.0,0.0,1.0,0.0,0.0,False,False,False,both (US-origin outbound + US-destination inbound pooled)
usmideast,IL,2005,112,0,112,0,0,112,0,2188.0,15.0,0.0,0.0,1.0,0.0,0.0,1.0,0.0,0.0,False,False,False,both (US-origin outbound + US-destination inbound pooled)
usmideast,IL,2006,161,0,161,0,0,161,0,2585.0,13.0,0.0,0.0,1.0,0.0,0.0,1.0,0.0,0.0,False,False,False,both (US-origin outbound + US-destination inbound pooled)
usmideast,IL,2007,173,0,173,0,0,173,0,2918.0,13.0,0.0,0.0,1.0,0.0,0.0,1.0,0.0,0.0,False,False,False,both (US-origin outbound + US-destination inbound pooled)
usmideast,IL,2008,136,0,136,0,0,136,0,2394.0,14.0,0.0,0.0,1.0,0.0,0.0,1.0,0.0,0.0,False,False,False,both (US-origin outbound + US-destination inbound pooled)
usmideast,IL,2009,128,0,128,0,0,128,0,2206.0,13.5,0.0,0.0,1.0,0.0,0.0,1.0,0.0,0.0,False,False,False,both (US-origin outbound + US-destination inbound pooled)
usmideast,IL,2010,122,0,122,0,0,122,0,2222.0,14.0,0.0,0.0,1.0,0.0,0.0,1.0,0.0,0.0,False,False,False,both (US-origin outbound + US-destination inbound pooled)
usmideast,IL,2011,128,0,128,0,0,128,0,2229.0,14.0,0.0,0.0,1.0,0.0,0.0,1.0,0.0,0.0,False,False,False,both (US-origin outbound + US-destination inbound pooled)
usmideast,IL,2012,125,0,125,0,0,125,0,2277.0,17.0,0.0,0.0,1.0,0.0,0.0,1.0,0.0,0.0,False,False,False,both (US-origin outbound + US-destination inbound pooled)
usmideast,IL,2013,118,0,118,0,0,118,0,2305.0,18.0,0.0,0.0,1.0,0.0,0.0,1.0,0.0,0.0,False,False,False,both (US-origin outbound + US-destination inbound pooled)
usmideast,IL,2014,116,0,116,0,0,116,0,2304.0,18.5,0.0,0.0,1.0,0.0,0.0,1.0,0.0,0.0,False,False,False,both (US-origin outbound + US-destination inbound pooled)
usmideast,IL,2015,129,0,129,0,0,129,0,2468.0,14.0,0.0,0.0,1.0,0.0,0.0,1.0,0.0,0.0,False,False,False,both (US-origin outbound + US-destination inbound pooled)
usmideast,IL,2016,163,0,163,0,0,163,0,2624.0,13.0,0.0,0.0,1.0,0.0,0.0,1.0,0.0,0.0,False,False,False,both (US-origin outbound + US-destination inbound pooled)
usmideast,IL,2017,151,0,151,0,0,151,0,2707.0,13.0,0.0,0.0,1.0,0.0,0.0,1.0,0.0,0.0,False,False,False,both (US-origin outbound + US-destination inbound pooled)
usmideast,IL,2018,190,0,190,0,0,190,0,3163.0,13.0,0.0,0.0,1.0,0.0,0.0,1.0,0.0,0.0,False,False,False,both (US-origin outbound + US-destination inbound pooled)
usmideast,IL,2019,235,0,235,0,0,235,0,3404.0,12.0,0.0,0.0,1.0,0.0,0.0,1.0,0.0,0.0,False,False,False,both (US-origin outbound + US-destination inbound pooled)
usmideast,IL,2020,115,0,115,0,0,115,0,908.0,3.0,0.0,0.0,1.0,0.0,0.0,1.0,0.0,0.0,True,False,False,both (US-origin outbound + US-destination inbound pooled)
usmideast,IL,2021,142,0,142,0,0,142,0,1914.0,10.5,0.0,0.0,1.0,0.0,0.0,1.0,0.0,0.0,True,False,False,both (US-origin outbound + US-destination inbound pooled)
usmideast,IL,2022,177,0,177,0,0,177,0,3301.0,13.0,0.0,0.0,1.0,0.0,0.0,1.0,0.0,0.0,False,False,False,both (US-origin outbound + US-destination inbound pooled)
usmideast,IL,2023,209,0,209,0,0,209,0,3991.0,13.0,0.0,0.0,1.0,0.0,0.0,1.0,0.0,0.0,False,False,False,both (US-origin outbound + US-destination inbound pooled)
usmideast,IL,2024,225,0,225,0,0,225,0,4717.0,16.0,0.0,0.0,1.0,0.0,0.0,1.0,0.0,0.0,False,False,False,both (US-origin outbound + US-destination inbound pooled)
usmideast,IL,2025,225,0,225,0,0,225,0,4345.0,13.0,0.0,0.0,1.0,0.0,0.0,1.0,0.0,0.0,False,False,False,both (US-origin outbound + US-destination inbound pooled)
usmideast,IT,2025,1,0,1,0,0,1,0,1.0,1.0,0.0,0.0,1.0,0.0,0.0,1.0,0.0,0.0,False,False,False,both (US-origin outbound + US-destination inbound pooled)
usmideast,MY,1998,18,0,18,0,0,18,0,212.0,13.0,0.0,0.0,1.0,0.0,0.0,1.0,0.0,0.0,False,False,False,both (US-origin outbound + US-destination inbound pooled)
usmideast,MY,1999,24,0,24,0,0,24,0,309.0,13.0,0.0,0.0,1.0,0.0,0.0,1.0,0.0,0.0,False,False,False,both (US-origin outbound + US-destination inbound pooled)
usmideast,MY,2000,24,0,24,0,0,24,0,307.0,13.0,0.0,0.0,1.0,0.0,0.0,1.0,0.0,0.0,False,False,False,both (US-origin outbound + US-destination inbound pooled)
usmideast,MY,2001,18,0,18,0,0,18,0,218.0,13.0,0.0,0.0,1.0,0.0,0.0,1.0,0.0,0.0,False,False,False,both (US-origin outbound + US-destination inbound pooled)
usmideast,MY,2002,16,0,16,0,0,16,0,186.0,13.0,0.0,0.0,1.0,0.0,0.0,1.0,0.0,0.0,False,False,False,both (US-origin outbound + US-destination inbound pooled)
usmideast,MY,2003,24,0,24,0,0,24,0,312.0,13.0,0.0,0.0,1.0,0.0,0.0,1.0,0.0,0.0,False,False,False,both (US-origin outbound + US-destination inbound pooled)
usmideast,MY,2004,20,0,20,0,0,20,0,262.0,13.0,0.0,0.0,1.0,0.0,0.0,1.0,0.0,0.0,False,False,False,both (US-origin outbound + US-destination inbound pooled)
usmideast,QA,2007,12,0,12,0,0,12,0,332.0,30.5,0.0,0.0,1.0,0.0,0.0,1.0,0.0,0.0,False,False,False,both (US-origin outbound + US-destination inbound pooled)
usmideast,QA,2008,30,0,30,0,0,30,0,868.0,31.0,0.0,0.0,1.0,0.0,0.0,1.0,0.0,0.0,False,False,False,both (US-origin outbound + US-destination inbound pooled)
usmideast,QA,2009,68,0,68,0,0,68,0,2014.0,31.0,0.0,0.0,1.0,0.0,0.0,1.0,0.0,0.0,False,False,False,both (US-origin outbound + US-destination inbound pooled)
usmideast,QA,2010,72,0,72,0,0,72,0,2190.0,31.0,0.0,0.0,1.0,0.0,0.0,1.0,0.0,0.0,False,False,False,both (US-origin outbound + US-destination inbound pooled)
usmideast,QA,2011,72,0,72,0,0,72,0,2184.0,30.5,0.0,0.0,1.0,0.0,0.0,1.0,0.0,0.0,False,False,False,both (US-origin outbound + US-destination inbound pooled)
usmideast,QA,2012,72,0,72,0,0,72,0,2196.0,31.0,0.0,0.0,1.0,0.0,0.0,1.0,0.0,0.0,False,False,False,both (US-origin outbound + US-destination inbound pooled)
usmideast,QA,2013,90,0,90,0,0,90,0,2660.0,31.0,0.0,0.0,1.0,0.0,0.0,1.0,0.0,0.0,False,False,False,both (US-origin outbound + US-destination inbound pooled)
usmideast,QA,2014,140,0,140,0,0,140,0,4194.0,31.0,0.0,0.0,1.0,0.0,0.0,1.0,0.0,0.0,False,False,False,both (US-origin outbound + US-destination inbound pooled)
usmideast,QA,2015,168,0,168,0,0,168,0,5138.0,31.0,0.0,0.0,1.0,0.0,0.0,1.0,0.0,0.0,False,False,False,both (US-origin outbound + US-destination inbound pooled)
usmideast,QA,2016,224,0,224,0,0,224,0,7238.0,31.0,0.0,0.0,1.0,0.0,0.0,1.0,0.0,0.0,False,False,False,both (US-origin outbound + US-destination inbound pooled)
usmideast,QA,2017,240,0,240,0,0,240,0,7974.0,31.0,0.0,0.0,1.0,0.0,0.0,1.0,0.0,0.0,False,False,False,both (US-origin outbound + US-destination inbound pooled)
usmideast,QA,2018,240,0,240,0,0,240,0,8008.0,31.0,0.0,0.0,1.0,0.0,0.0,1.0,0.0,0.0,False,False,False,both (US-origin outbound + US-destination inbound pooled)
usmideast,QA,2019,240,0,240,0,0,240,0,7888.0,31.0,0.0,0.0,1.0,0.0,0.0,1.0,0.0,0.0,False,False,False,both (US-origin outbound + US-destination inbound pooled)
usmideast,QA,2020,160,0,160,0,0,160,0,4452.0,29.5,0.0,0.0,1.0,0.0,0.0,1.0,0.0,0.0,True,False,False,both (US-origin outbound + US-destination inbound pooled)
usmideast,QA,2021,274,0,274,0,0,274,0,7974.0,30.0,0.0,0.0,1.0,0.0,0.0,1.0,0.0,0.0,True,False,False,both (US-origin outbound + US-destination inbound pooled)
usmideast,QA,2022,288,0,288,0,0,288,0,9422.0,31.0,0.0,0.0,1.0,0.0,0.0,1.0,0.0,0.0,False,False,False,both (US-origin outbound + US-destination inbound pooled)
usmideast,QA,2023,284,0,284,0,0,284,0,9480.0,31.0,0.0,0.0,1.0,0.0,0.0,1.0,0.0,0.0,False,False,False,both (US-origin outbound + US-destination inbound pooled)
usmideast,QA,2024,264,0,264,0,0,264,0,10948.0,31.0,0.0,0.0,1.0,0.0,0.0,1.0,0.0,0.0,False,False,False,both (US-origin outbound + US-destination inbound pooled)
usmideast,QA,2025,339,0,339,0,0,339,0,10696.0,31.0,0.0,0.0,1.0,0.0,0.0,1.0,0.0,0.0,False,False,False,both (US-origin outbound + US-destination inbound pooled)
usmideast,SA,1996,1,0,1,0,0,1,0,1.0,1.0,0.0,0.0,1.0,0.0,0.0,1.0,0.0,0.0,False,False,False,both (US-origin outbound + US-destination inbound pooled)
usmideast,SA,2012,1,0,1,0,0,1,0,1.0,1.0,0.0,0.0,1.0,0.0,0.0,1.0,0.0,0.0,False,False,False,both (US-origin outbound + US-destination inbound pooled)
usmideast,TR,1990,4,0,4,0,0,4,0,50.0,12.5,0.0,0.0,1.0,0.0,0.0,1.0,0.0,0.0,False,False,False,both (US-origin outbound + US-destination inbound pooled)
usmideast,TR,1991,14,0,14,0,0,14,0,212.0,17.0,0.0,0.0,1.0,0.0,0.0,1.0,0.0,0.0,False,False,False,both (US-origin outbound + US-destination inbound pooled)
usmideast,TR,1992,16,0,16,0,0,16,0,320.0,21.0,0.0,0.0,1.0,0.0,0.0,1.0,0.0,0.0,False,False,False,both (US-origin outbound + US-destination inbound pooled)
usmideast,TR,1993,5,0,5,0,0,5,0,153.0,31.0,0.0,0.0,1.0,0.0,0.0,1.0,0.0,0.0,False,False,False,both (US-origin outbound + US-destination inbound pooled)
usmideast,TR,1994,22,0,22,0,0,22,0,532.0,30.0,0.0,0.0,1.0,0.0,0.0,1.0,0.0,0.0,False,False,False,both (US-origin outbound + US-destination inbound pooled)
usmideast,TR,1995,31,0,31,0,0,31,0,673.0,29.0,0.0,0.0,1.0,0.0,0.0,1.0,0.0,0.0,False,False,False,both (US-origin outbound + US-destination inbound pooled)
usmideast,TR,1996,27,0,27,0,0,27,0,720.0,30.0,0.0,0.0,1.0,0.0,0.0,1.0,0.0,0.0,False,False,False,both (US-origin outbound + US-destination inbound pooled)
usmideast,TR,1997,40,0,40,0,0,40,0,942.0,30.0,0.0,0.0,1.0,0.0,0.0,1.0,0.0,0.0,False,False,False,both (US-origin outbound + US-destination inbound pooled)
usmideast,TR,1998,48,0,48,0,0,48,0,1042.0,21.0,0.0,0.0,1.0,0.0,0.0,1.0,0.0,0.0,False,False,False,both (US-origin outbound + US-destination inbound pooled)
usmideast,TR,1999,65,0,65,0,0,65,0,1208.0,13.0,0.0,0.0,1.0,0.0,0.0,1.0,0.0,0.0,False,False,False,both (US-origin outbound + US-destination inbound pooled)
usmideast,TR,2000,75,0,75,0,0,75,0,1451.0,17.0,0.0,0.0,1.0,0.0,0.0,1.0,0.0,0.0,False,False,False,both (US-origin outbound + US-destination inbound pooled)
usmideast,TR,2001,66,0,66,0,0,66,0,1416.0,22.0,0.0,0.0,1.0,0.0,0.0,1.0,0.0,0.0,False,False,False,both (US-origin outbound + US-destination inbound pooled)
usmideast,TR,2002,48,0,48,0,0,48,0,1022.0,18.0,0.0,0.0,1.0,0.0,0.0,1.0,0.0,0.0,False,False,False,both (US-origin outbound + US-destination inbound pooled)
usmideast,TR,2003,48,0,48,0,0,48,0,1083.0,23.5,0.0,0.0,1.0,0.0,0.0,1.0,0.0,0.0,False,False,False,both (US-origin outbound + US-destination inbound pooled)
usmideast,TR,2004,48,0,48,0,0,48,0,1086.0,23.0,0.0,0.0,1.0,0.0,0.0,1.0,0.0,0.0,False,False,False,both (US-origin outbound + US-destination inbound pooled)
usmideast,TR,2005,48,0,48,0,0,48,0,1092.0,23.5,0.0,0.0,1.0,0.0,0.0,1.0,0.0,0.0,False,False,False,both (US-origin outbound + US-destination inbound pooled)
usmideast,TR,2006,51,0,51,0,0,51,0,1059.0,14.0,0.0,0.0,1.0,0.0,0.0,1.0,0.0,0.0,False,False,False,both (US-origin outbound + US-destination inbound pooled)
usmideast,TR,2007,75,0,75,0,0,75,0,1125.0,13.0,0.0,0.0,1.0,0.0,0.0,1.0,0.0,0.0,False,False,False,both (US-origin outbound + US-destination inbound pooled)
usmideast,TR,2008,82,0,82,0,0,82,0,1100.0,13.0,0.0,0.0,1.0,0.0,0.0,1.0,0.0,0.0,False,False,False,both (US-origin outbound + US-destination inbound pooled)
usmideast,TR,2009,94,0,94,0,0,94,0,1334.0,12.0,0.0,0.0,1.0,0.0,0.0,1.0,0.0,0.0,False,False,False,both (US-origin outbound + US-destination inbound pooled)
usmideast,TR,2010,102,0,102,0,0,102,0,1608.0,15.0,0.0,0.0,1.0,0.0,0.0,1.0,0.0,0.0,False,False,False,both (US-origin outbound + US-destination inbound pooled)
usmideast,TR,2011,154,0,154,0,0,154,0,2842.0,17.0,0.0,0.0,1.0,0.0,0.0,1.0,0.0,0.0,False,False,False,both (US-origin outbound + US-destination inbound pooled)
usmideast,TR,2012,138,0,138,0,0,138,0,3726.0,30.0,0.0,0.0,1.0,0.0,0.0,1.0,0.0,0.0,False,False,False,both (US-origin outbound + US-destination inbound pooled)
usmideast,TR,2013,162,0,162,0,0,162,0,4568.0,30.0,0.0,0.0,1.0,0.0,0.0,1.0,0.0,0.0,False,False,False,both (US-origin outbound + US-destination inbound pooled)
usmideast,TR,2014,172,0,172,0,0,172,0,5229.0,31.0,0.0,0.0,1.0,0.0,0.0,1.0,0.0,0.0,False,False,False,both (US-origin outbound + US-destination inbound pooled)
usmideast,TR,2015,208,0,208,0,0,208,0,6301.0,30.0,0.0,0.0,1.0,0.0,0.0,1.0,0.0,0.0,False,False,False,both (US-origin outbound + US-destination inbound pooled)
usmideast,TR,2016,250,0,250,0,0,250,0,7517.0,30.0,0.0,0.0,1.0,0.0,0.0,1.0,0.0,0.0,False,False,False,both (US-origin outbound + US-destination inbound pooled)
usmideast,TR,2017,246,0,246,0,0,246,0,7065.0,30.0,0.0,0.0,1.0,0.0,0.0,1.0,0.0,0.0,False,False,False,both (US-origin outbound + US-destination inbound pooled)
usmideast,TR,2018,240,0,240,0,0,240,0,7277.0,30.0,0.0,0.0,1.0,0.0,0.0,1.0,0.0,0.0,False,False,False,both (US-origin outbound + US-destination inbound pooled)
usmideast,TR,2019,262,0,262,0,0,262,0,7319.0,30.0,0.0,0.0,1.0,0.0,0.0,1.0,0.0,0.0,False,False,False,both (US-origin outbound + US-destination inbound pooled)
usmideast,TR,2020,223,0,223,0,0,223,0,3572.0,17.0,0.0,0.0,1.0,0.0,0.0,1.0,0.0,0.0,True,False,False,both (US-origin outbound + US-destination inbound pooled)
usmideast,TR,2021,368,0,368,0,0,368,0,7782.0,18.0,0.0,0.0,1.0,0.0,0.0,1.0,0.0,0.0,True,False,False,both (US-origin outbound + US-destination inbound pooled)
usmideast,TR,2022,445,0,445,0,0,445,0,11604.0,28.0,0.0,0.0,1.0,0.0,0.0,1.0,0.0,0.0,False,False,False,both (US-origin outbound + US-destination inbound pooled)
usmideast,TR,2023,515,0,515,0,0,515,0,12577.0,26.0,0.0,0.0,1.0,0.0,0.0,1.0,0.0,0.0,False,False,False,both (US-origin outbound + US-destination inbound pooled)
usmideast,TR,2024,619,0,619,0,0,619,0,14165.0,23.0,0.0,0.0,1.0,0.0,0.0,1.0,0.0,0.0,False,False,False,both (US-origin outbound + US-destination inbound pooled)
usmideast,TR,2025,637,0,637,0,0,637,0,15296.0,26.0,0.0,0.0,1.0,0.0,0.0,1.0,0.0,0.0,False,False,False,both (US-origin outbound + US-destination inbound pooled)
usmideast,US,1990,44,44,0,0,44,0,0,314.0,7.5,0.0,1.0,0.0,0.0,1.0,0.0,0.0,0.0,False,False,True,both (US-origin outbound + US-destination inbound pooled)
usmideast,US,1991,32,32,0,0,32,0,0,189.0,4.0,0.0,1.0,0.0,0.0,1.0,0.0,0.0,0.0,False,False,True,both (US-origin outbound + US-destination inbound pooled)
usmideast,US,1992,46,46,0,0,46,0,0,380.0,7.5,0.0,1.0,0.0,0.0,1.0,0.0,0.0,0.0,False,False,True,both (US-origin outbound + US-destination inbound pooled)
usmideast,US,1993,52,52,0,0,52,0,0,555.0,11.5,0.0,1.0,0.0,0.0,1.0,0.0,0.0,0.0,False,False,True,both (US-origin outbound + US-destination inbound pooled)
usmideast,US,1994,59,59,0,0,59,0,0,803.0,12.0,0.0,1.0,0.0,0.0,1.0,0.0,0.0,0.0,False,False,True,both (US-origin outbound + US-destination inbound pooled)
usmideast,US,1995,76,76,0,0,76,0,0,977.0,13.0,0.0,1.0,0.0,0.0,1.0,0.0,0.0,0.0,False,False,True,both (US-origin outbound + US-destination inbound pooled)
usmideast,US,1996,101,101,0,0,101,0,0,1307.0,12.0,0.0,1.0,0.0,0.0,1.0,0.0,0.0,0.0,False,False,True,both (US-origin outbound + US-destination inbound pooled)
usmideast,US,1997,83,83,0,0,83,0,0,1335.0,18.0,0.0,1.0,0.0,0.0,1.0,0.0,0.0,0.0,False,False,True,both (US-origin outbound + US-destination inbound pooled)
usmideast,US,1998,83,83,0,0,83,0,0,1938.0,27.0,0.0,1.0,0.0,0.0,1.0,0.0,0.0,0.0,False,False,True,both (US-origin outbound + US-destination inbound pooled)
usmideast,US,1999,108,108,0,0,108,0,0,2274.0,25.5,0.0,1.0,0.0,0.0,1.0,0.0,0.0,0.0,False,False,True,both (US-origin outbound + US-destination inbound pooled)
usmideast,US,2000,87,87,0,0,87,0,0,2527.0,30.0,0.0,1.0,0.0,0.0,1.0,0.0,0.0,0.0,False,False,True,both (US-origin outbound + US-destination inbound pooled)
usmideast,US,2001,64,64,0,0,64,0,0,1670.0,30.0,0.0,1.0,0.0,0.0,1.0,0.0,0.0,0.0,False,False,True,both (US-origin outbound + US-destination inbound pooled)
usmideast,US,2002,48,48,0,0,48,0,0,1228.0,30.0,0.0,1.0,0.0,0.0,1.0,0.0,0.0,0.0,False,False,True,both (US-origin outbound + US-destination inbound pooled)
usmideast,US,2003,48,48,0,0,48,0,0,1132.0,29.0,0.0,1.0,0.0,0.0,1.0,0.0,0.0,0.0,False,False,True,both (US-origin outbound + US-destination inbound pooled)
usmideast,US,2004,49,49,0,0,49,0,0,1809.0,31.0,0.0,1.0,0.0,0.0,1.0,0.0,0.0,0.0,False,False,True,both (US-origin outbound + US-destination inbound pooled)
usmideast,US,2005,50,50,0,0,50,0,0,1862.0,31.0,0.0,1.0,0.0,0.0,1.0,0.0,0.0,0.0,False,False,True,both (US-origin outbound + US-destination inbound pooled)
usmideast,US,2006,76,76,0,0,76,0,0,2502.0,30.0,0.0,1.0,0.0,0.0,1.0,0.0,0.0,0.0,False,False,True,both (US-origin outbound + US-destination inbound pooled)
usmideast,US,2007,93,93,0,0,93,0,0,3029.0,30.0,0.0,1.0,0.0,0.0,1.0,0.0,0.0,0.0,False,False,True,both (US-origin outbound + US-destination inbound pooled)
usmideast,US,2008,131,131,0,0,131,0,0,4043.0,30.0,0.0,1.0,0.0,0.0,1.0,0.0,0.0,0.0,False,False,True,both (US-origin outbound + US-destination inbound pooled)
usmideast,US,2009,172,172,0,0,172,0,0,5184.0,30.0,0.0,1.0,0.0,0.0,1.0,0.0,0.0,0.0,False,False,True,both (US-origin outbound + US-destination inbound pooled)
usmideast,US,2010,184,184,0,0,184,0,0,5452.0,30.0,0.0,1.0,0.0,0.0,1.0,0.0,0.0,0.0,False,False,True,both (US-origin outbound + US-destination inbound pooled)
usmideast,US,2011,179,179,0,0,179,0,0,5190.0,30.0,0.0,1.0,0.0,0.0,1.0,0.0,0.0,0.0,False,False,True,both (US-origin outbound + US-destination inbound pooled)
usmideast,US,2012,163,163,0,0,163,0,0,5195.0,30.0,0.0,1.0,0.0,0.0,1.0,0.0,0.0,0.0,False,False,True,both (US-origin outbound + US-destination inbound pooled)
usmideast,US,2013,159,159,0,0,159,0,0,5092.0,30.0,0.0,1.0,0.0,0.0,1.0,0.0,0.0,0.0,False,False,True,both (US-origin outbound + US-destination inbound pooled)
usmideast,US,2014,133,133,0,0,133,0,0,4452.0,30.0,0.0,1.0,0.0,0.0,1.0,0.0,0.0,0.0,False,False,True,both (US-origin outbound + US-destination inbound pooled)
usmideast,US,2015,136,136,0,0,136,0,0,4381.0,30.0,0.0,1.0,0.0,0.0,1.0,0.0,0.0,0.0,False,False,True,both (US-origin outbound + US-destination inbound pooled)
usmideast,US,2016,95,95,0,0,95,0,0,2690.0,29.0,0.0,1.0,0.0,0.0,1.0,0.0,0.0,0.0,False,False,True,both (US-origin outbound + US-destination inbound pooled)
usmideast,US,2017,112,112,0,0,112,0,0,2885.0,29.0,0.0,1.0,0.0,0.0,1.0,0.0,0.0,0.0,False,False,True,both (US-origin outbound + US-destination inbound pooled)
usmideast,US,2018,118,118,0,0,118,0,0,2863.0,29.5,0.0,1.0,0.0,0.0,1.0,0.0,0.0,0.0,False,False,True,both (US-origin outbound + US-destination inbound pooled)
usmideast,US,2019,129,129,0,0,129,0,0,3325.0,29.0,0.0,1.0,0.0,0.0,1.0,0.0,0.0,0.0,False,False,True,both (US-origin outbound + US-destination inbound pooled)
usmideast,US,2020,110,110,0,0,110,0,0,2140.0,12.5,0.0,1.0,0.0,0.0,1.0,0.0,0.0,0.0,True,False,True,both (US-origin outbound + US-destination inbound pooled)
usmideast,US,2021,159,159,0,0,159,0,0,3273.0,13.0,0.0,1.0,0.0,0.0,1.0,0.0,0.0,0.0,True,False,True,both (US-origin outbound + US-destination inbound pooled)
usmideast,US,2022,256,256,0,0,256,0,0,4979.0,13.0,0.0,1.0,0.0,0.0,1.0,0.0,0.0,0.0,False,False,True,both (US-origin outbound + US-destination inbound pooled)
usmideast,US,2023,257,257,0,0,257,0,0,5292.0,24.0,0.0,1.0,0.0,0.0,1.0,0.0,0.0,0.0,False,False,True,both (US-origin outbound + US-destination inbound pooled)
usmideast,US,2024,72,72,0,0,72,0,0,1815.0,30.0,0.0,1.0,0.0,0.0,1.0,0.0,0.0,0.0,False,False,True,both (US-origin outbound + US-destination inbound pooled)
usmideast,US,2025,109,109,0,0,109,0,0,2762.0,29.0,0.0,1.0,0.0,0.0,1.0,0.0,0.0,0.0,False,False,True,both (US-origin outbound + US-destination inbound pooled)
