nation,year,n_rows,n_air_time_valid,n_air_time_zero,n_air_time_null,n_ramp_valid,n_ramp_zero,n_ramp_null,dep_total,median_departures,dep_home0,share_air_time_valid,share_air_time_zero,share_air_time_null,share_ramp_valid,share_ramp_zero,share_ramp_null,share_dep_home0,covid_flag,match_sensitive,gate_g6_pass
AE,2004,14,0,14,0,0,14,0,424.0,30.0,0.0,0.0,1.0,0.0,0.0,1.0,0.0,0.0,False,False,False
AE,2005,24,0,24,0,0,24,0,822.0,31.0,0.0,0.0,1.0,0.0,0.0,1.0,0.0,0.0,False,False,False
AE,2006,30,0,30,0,0,30,0,1715.0,61.0,0.0,0.0,1.0,0.0,0.0,1.0,0.0,0.0,False,False,False
AE,2007,79,0,79,0,0,79,0,2895.0,30.0,0.0,0.0,1.0,0.0,0.0,1.0,0.0,0.0,False,False,False
AE,2008,97,0,97,0,0,97,0,3085.0,30.0,0.0,0.0,1.0,0.0,0.0,1.0,0.0,0.0,False,False,False
AE,2009,176,0,176,0,0,176,0,4257.0,28.0,0.0,0.0,1.0,0.0,0.0,1.0,0.0,0.0,False,False,False
AE,2010,198,0,198,0,0,198,0,5350.0,30.0,0.0,0.0,1.0,0.0,0.0,1.0,0.0,0.0,False,False,False
AE,2011,216,0,216,0,0,216,0,6556.0,30.0,0.0,0.0,1.0,0.0,0.0,1.0,0.0,0.0,False,False,False
AE,2012,266,0,266,0,0,266,0,7096.0,30.0,0.0,0.0,1.0,0.0,0.0,1.0,0.0,0.0,False,False,False
AE,2013,274,0,274,0,0,274,0,8034.0,30.0,0.0,0.0,1.0,0.0,0.0,1.0,0.0,0.0,False,False,False
AE,2014,336,0,336,0,0,336,0,10798.0,31.0,0.0,0.0,1.0,0.0,0.0,1.0,0.0,0.0,False,False,False
AE,2015,449,0,449,0,0,449,0,14083.0,30.0,0.0,0.0,1.0,0.0,0.0,1.0,0.0,0.0,False,False,False
AE,2016,494,0,494,0,0,494,0,15883.0,30.0,0.0,0.0,1.0,0.0,0.0,1.0,0.0,0.0,False,False,False
AE,2017,533,0,533,0,0,533,0,15932.0,30.0,0.0,0.0,1.0,0.0,0.0,1.0,0.0,0.0,False,False,False
AE,2018,473,0,473,0,0,473,0,13835.0,30.0,0.0,0.0,1.0,0.0,0.0,1.0,0.0,0.0,False,False,False
AE,2019,445,0,445,0,0,445,0,12798.0,30.0,0.0,0.0,1.0,0.0,0.0,1.0,0.0,0.0,False,False,False
AE,2020,236,0,236,0,0,236,0,4631.0,21.0,0.0,0.0,1.0,0.0,0.0,1.0,0.0,0.0,True,False,False
AE,2021,387,0,387,0,0,387,0,8351.0,20.0,0.0,0.0,1.0,0.0,0.0,1.0,0.0,0.0,True,False,False
AE,2022,418,0,418,0,0,418,0,11961.0,30.0,0.0,0.0,1.0,0.0,0.0,1.0,0.0,0.0,False,False,False
AE,2023,404,0,404,0,0,404,0,12807.0,31.0,0.0,0.0,1.0,0.0,0.0,1.0,0.0,0.0,False,False,False
AE,2024,426,0,426,0,0,426,0,13278.0,31.0,0.0,0.0,1.0,0.0,0.0,1.0,0.0,0.0,False,False,False
AE,2025,466,0,466,0,0,466,0,14552.0,31.0,0.0,0.0,1.0,0.0,0.0,1.0,0.0,0.0,False,False,False
AL,2018,8,0,8,0,0,8,0,96.0,13.0,96.0,0.0,1.0,0.0,0.0,1.0,0.0,1.0,False,False,False
AL,2019,24,0,24,0,0,24,0,393.0,16.0,393.0,0.0,1.0,0.0,0.0,1.0,0.0,1.0,False,False,False
AL,2020,6,0,6,0,0,6,0,75.0,12.5,75.0,0.0,1.0,0.0,0.0,1.0,0.0,1.0,True,False,False
AN,2008,4,0,4,0,0,4,0,44.0,11.0,0.0,0.0,1.0,0.0,0.0,1.0,0.0,0.0,False,False,False
AN,2009,24,0,24,0,0,24,0,630.0,24.0,0.0,0.0,1.0,0.0,0.0,1.0,0.0,0.0,False,False,False
AN,2010,46,0,46,0,0,46,0,1310.0,30.0,0.0,0.0,1.0,0.0,0.0,1.0,0.0,0.0,False,False,False
AN,2011,78,0,78,0,0,78,0,1660.0,29.5,0.0,0.0,1.0,0.0,0.0,1.0,0.0,0.0,False,False,False
AN,2012,90,0,90,0,0,90,0,1682.0,29.0,0.0,0.0,1.0,0.0,0.0,1.0,0.0,0.0,False,False,False
AN,2013,62,0,62,0,0,62,0,1176.0,28.0,0.0,0.0,1.0,0.0,0.0,1.0,0.0,0.0,False,False,False
AN,2014,48,0,48,0,0,48,0,804.0,13.0,0.0,0.0,1.0,0.0,0.0,1.0,0.0,0.0,False,False,False
AN,2015,48,0,48,0,0,48,0,889.0,29.0,0.0,0.0,1.0,0.0,0.0,1.0,0.0,0.0,False,False,False
AN,2016,43,0,43,0,0,43,0,1017.0,29.0,0.0,0.0,1.0,0.0,0.0,1.0,0.0,0.0,False,False,False
AN,2017,34,0,34,0,0,34,0,1427.0,34.0,0.0,0.0,1.0,0.0,0.0,1.0,0.0,0.0,False,False,False
AR,1990,207,0,207,0,0,207,0,1288.0,4.0,0.0,0.0,1.0,0.0,0.0,1.0,0.0,0.0,False,False,False
AR,1991,210,0,210,0,0,210,0,1342.0,5.0,0.0,0.0,1.0,0.0,0.0,1.0,0.0,0.0,False,False,False
AR,1992,201,0,201,0,0,201,0,1495.0,7.0,0.0,0.0,1.0,0.0,0.0,1.0,0.0,0.0,False,False,False
AR,1993,188,0,188,0,0,188,0,1245.0,5.0,0.0,0.0,1.0,0.0,0.0,1.0,0.0,0.0,False,False,False
AR,1994,159,0,159,0,0,159,0,1574.0,5.0,0.0,0.0,1.0,0.0,0.0,1.0,0.0,0.0,False,False,False
AR,1995,146,0,146,0,0,146,0,2018.0,13.0,0.0,0.0,1.0,0.0,0.0,1.0,0.0,0.0,False,False,False
AR,1996,114,0,114,0,0,114,0,2511.0,14.0,0.0,0.0,1.0,0.0,0.0,1.0,0.0,0.0,False,False,False
AR,1997,117,0,117,0,0,117,0,2365.0,13.0,0.0,0.0,1.0,0.0,0.0,1.0,0.0,0.0,False,False,False
AR,1998,107,0,107,0,0,107,0,2023.0,19.0,0.0,0.0,1.0,0.0,0.0,1.0,0.0,0.0,False,False,False
AR,1999,67,0,67,0,0,67,0,1826.0,29.0,0.0,0.0,1.0,0.0,0.0,1.0,0.0,0.0,False,False,False
AR,2000,125,0,125,0,0,125,0,2059.0,13.0,0.0,0.0,1.0,0.0,0.0,1.0,0.0,0.0,False,False,False
AR,2001,50,0,50,0,0,50,0,819.0,13.0,0.0,0.0,1.0,0.0,0.0,1.0,0.0,0.0,False,False,False
AR,2002,52,0,52,0,0,52,0,622.0,13.0,0.0,0.0,1.0,0.0,0.0,1.0,0.0,0.0,False,False,False
AR,2003,63,0,63,0,0,63,0,781.0,15.0,0.0,0.0,1.0,0.0,0.0,1.0,0.0,0.0,False,False,False
AR,2004,66,0,66,0,0,66,0,653.0,11.0,0.0,0.0,1.0,0.0,0.0,1.0,0.0,0.0,False,False,False
AR,2005,50,0,50,0,0,50,0,627.0,13.0,0.0,0.0,1.0,0.0,0.0,1.0,0.0,0.0,False,False,False
AR,2006,56,0,56,0,0,56,0,533.0,10.5,0.0,0.0,1.0,0.0,0.0,1.0,0.0,0.0,False,False,False
AR,2007,78,0,78,0,0,78,0,542.0,7.0,0.0,0.0,1.0,0.0,0.0,1.0,0.0,0.0,False,False,False
AR,2008,73,0,73,0,0,73,0,532.0,6.0,0.0,0.0,1.0,0.0,0.0,1.0,0.0,0.0,False,False,False
AR,2009,48,0,48,0,0,48,0,516.0,11.0,0.0,0.0,1.0,0.0,0.0,1.0,0.0,0.0,False,False,False
AR,2010,42,0,42,0,0,42,0,666.0,22.5,0.0,0.0,1.0,0.0,0.0,1.0,0.0,0.0,False,False,False
AR,2011,37,0,37,0,0,37,0,687.0,28.0,0.0,0.0,1.0,0.0,0.0,1.0,0.0,0.0,False,False,False
AR,2012,46,0,46,0,0,46,0,764.0,24.0,0.0,0.0,1.0,0.0,0.0,1.0,0.0,0.0,False,False,False
AR,2013,50,0,50,0,0,50,0,1455.0,23.5,0.0,0.0,1.0,0.0,0.0,1.0,0.0,0.0,False,False,False
AR,2014,88,0,88,0,0,88,0,1985.0,28.0,0.0,0.0,1.0,0.0,0.0,1.0,0.0,0.0,False,False,False
AR,2015,92,0,92,0,0,92,0,2183.0,27.0,0.0,0.0,1.0,0.0,0.0,1.0,0.0,0.0,False,False,False
AR,2016,86,0,86,0,0,86,0,2357.0,30.0,0.0,0.0,1.0,0.0,0.0,1.0,0.0,0.0,False,False,False
AR,2017,64,0,64,0,0,64,0,2240.0,31.0,0.0,0.0,1.0,0.0,0.0,1.0,0.0,0.0,False,False,False
AR,2018,50,0,50,0,0,50,0,2168.0,33.0,0.0,0.0,1.0,0.0,0.0,1.0,0.0,0.0,False,False,False
AR,2019,50,0,50,0,0,50,0,2026.0,31.0,0.0,0.0,1.0,0.0,0.0,1.0,0.0,0.0,False,False,False
AR,2020,42,0,42,0,0,42,0,613.0,8.0,0.0,0.0,1.0,0.0,0.0,1.0,0.0,0.0,True,False,False
AR,2021,36,0,36,0,0,36,0,729.0,19.5,0.0,0.0,1.0,0.0,0.0,1.0,0.0,0.0,True,False,False
AR,2022,118,0,118,0,0,118,0,2380.0,13.5,1159.0,0.0,1.0,0.0,0.0,1.0,0.0,0.4869747899159664,False,False,False
AR,2023,272,0,272,0,0,272,0,5033.0,14.0,3679.0,0.0,1.0,0.0,0.0,1.0,0.0,0.73097556129545,False,False,False
AR,2024,292,0,292,0,0,292,0,5784.0,16.5,4424.0,0.0,1.0,0.0,0.0,1.0,0.0,0.7648686030428768,False,False,False
AR,2025,225,0,225,0,0,225,0,4915.0,19.0,3640.0,0.0,1.0,0.0,0.0,1.0,0.0,0.7405900305188199,False,False,False
AT,1990,24,0,24,0,0,24,0,530.0,23.5,0.0,0.0,1.0,0.0,0.0,1.0,0.0,0.0,False,False,False
AT,1991,24,0,24,0,0,24,0,568.0,21.5,0.0,0.0,1.0,0.0,0.0,1.0,0.0,0.0,False,False,False
AT,1992,74,0,74,0,0,74,0,1121.0,16.0,0.0,0.0,1.0,0.0,0.0,1.0,0.0,0.0,False,False,False
AT,1993,92,0,92,0,0,92,0,1731.0,17.0,0.0,0.0,1.0,0.0,0.0,1.0,0.0,0.0,False,False,False
AT,1994,93,0,93,0,0,93,0,1690.0,16.0,0.0,0.0,1.0,0.0,0.0,1.0,0.0,0.0,False,False,False
AT,1995,74,0,74,0,0,74,0,1519.0,21.0,0.0,0.0,1.0,0.0,0.0,1.0,0.0,0.0,False,False,False
AT,1996,72,0,72,0,0,72,0,1854.0,25.5,0.0,0.0,1.0,0.0,0.0,1.0,0.0,0.0,False,False,False
AT,1997,72,0,72,0,0,72,0,2042.0,28.5,0.0,0.0,1.0,0.0,0.0,1.0,0.0,0.0,False,False,False
AT,1998,88,0,88,0,0,88,0,2112.0,26.0,0.0,0.0,1.0,0.0,0.0,1.0,0.0,0.0,False,False,False
AT,1999,164,0,164,0,0,164,0,2282.0,10.0,0.0,0.0,1.0,0.0,0.0,1.0,0.0,0.0,False,False,False
AT,2000,122,0,122,0,0,122,0,2368.0,20.0,0.0,0.0,1.0,0.0,0.0,1.0,0.0,0.0,False,False,False
AT,2001,96,0,96,0,0,96,0,2167.0,26.0,0.0,0.0,1.0,0.0,0.0,1.0,0.0,0.0,False,False,False
AT,2002,48,0,48,0,0,48,0,1408.0,30.0,0.0,0.0,1.0,0.0,0.0,1.0,0.0,0.0,False,False,False
AT,2003,48,0,48,0,0,48,0,1335.0,30.0,0.0,0.0,1.0,0.0,0.0,1.0,0.0,0.0,False,False,False
AT,2004,48,0,48,0,0,48,0,1410.0,30.0,0.0,0.0,1.0,0.0,0.0,1.0,0.0,0.0,False,False,False
AT,2005,48,0,48,0,0,48,0,1504.0,30.0,0.0,0.0,1.0,0.0,0.0,1.0,0.0,0.0,False,False,False
AT,2006,54,0,54,0,0,54,0,1606.0,30.0,0.0,0.0,1.0,0.0,0.0,1.0,0.0,0.0,False,False,False
AT,2007,72,0,72,0,0,72,0,1720.0,27.0,0.0,0.0,1.0,0.0,0.0,1.0,0.0,0.0,False,False,False
AT,2008,68,0,68,0,0,68,0,1810.0,29.5,0.0,0.0,1.0,0.0,0.0,1.0,0.0,0.0,False,False,False
AT,2009,50,0,50,0,0,50,0,1338.0,30.0,0.0,0.0,1.0,0.0,0.0,1.0,0.0,0.0,False,False,False
AT,2010,66,0,66,0,0,66,0,1368.0,26.0,0.0,0.0,1.0,0.0,0.0,1.0,0.0,0.0,False,False,False
AT,2011,66,0,66,0,0,66,0,1395.0,26.0,0.0,0.0,1.0,0.0,0.0,1.0,0.0,0.0,False,False,False
AT,2012,62,0,62,0,0,62,0,1388.0,26.0,0.0,0.0,1.0,0.0,0.0,1.0,0.0,0.0,False,False,False
AT,2013,66,0,66,0,0,66,0,1699.0,26.0,0.0,0.0,1.0,0.0,0.0,1.0,0.0,0.0,False,False,False
AT,2014,88,0,88,0,0,88,0,2222.0,27.5,0.0,0.0,1.0,0.0,0.0,1.0,0.0,0.0,False,False,False
AT,2015,112,0,112,0,0,112,0,2538.0,22.5,0.0,0.0,1.0,0.0,0.0,1.0,0.0,0.0,False,False,False
AT,2016,136,0,136,0,0,136,0,2908.0,22.0,0.0,0.0,1.0,0.0,0.0,1.0,0.0,0.0,False,False,False
AT,2017,158,0,158,0,0,158,0,2949.0,19.0,0.0,0.0,1.0,0.0,0.0,1.0,0.0,0.0,False,False,False
AT,2018,134,0,134,0,0,134,0,2747.0,22.0,0.0,0.0,1.0,0.0,0.0,1.0,0.0,0.0,False,False,False
AT,2019,156,0,156,0,0,156,0,3336.0,23.5,0.0,0.0,1.0,0.0,0.0,1.0,0.0,0.0,False,False,False
AT,2020,60,0,60,0,0,60,0,890.0,13.0,0.0,0.0,1.0,0.0,0.0,1.0,0.0,0.0,True,False,False
AT,2021,80,0,80,0,0,80,0,1370.0,16.5,0.0,0.0,1.0,0.0,0.0,1.0,0.0,0.0,True,False,False
AT,2022,114,0,114,0,0,114,0,2437.0,22.0,0.0,0.0,1.0,0.0,0.0,1.0,0.0,0.0,False,False,False
AT,2023,108,0,108,0,0,108,0,2549.0,28.5,0.0,0.0,1.0,0.0,0.0,1.0,0.0,0.0,False,False,False
AT,2024,103,0,103,0,0,103,0,2339.0,25.0,0.0,0.0,1.0,0.0,0.0,1.0,0.0,0.0,False,False,False
AT,2025,150,0,150,0,0,150,0,3117.0,24.0,0.0,0.0,1.0,0.0,0.0,1.0,0.0,0.0,False,False,False
AU,1990,297,0,297,0,0,297,0,2342.0,8.0,0.0,0.0,1.0,0.0,0.0,1.0,0.0,0.0,False,False,False
AU,1991,363,0,363,0,0,363,0,3832.0,9.0,0.0,0.0,1.0,0.0,0.0,1.0,0.0,0.0,False,False,False
AU,1992,308,0,308,0,0,308,0,4422.0,13.0,0.0,0.0,1.0,0.0,0.0,1.0,0.0,0.0,False,False,False
AU,1993,289,0,289,0,0,289,0,4702.0,14.0,0.0,0.0,1.0,0.0,0.0,1.0,0.0,0.0,False,False,False
AU,1994,293,0,293,0,0,293,0,4605.0,13.0,0.0,0.0,1.0,0.0,0.0,1.0,0.0,0.0,False,False,False
AU,1995,254,0,254,0,0,254,0,3812.0,10.0,0.0,0.0,1.0,0.0,0.0,1.0,0.0,0.0,False,False,False
AU,1996,151,0,151,0,0,151,0,2987.0,13.0,0.0,0.0,1.0,0.0,0.0,1.0,0.0,0.0,False,False,False
AU,1997,108,0,108,0,0,108,0,2776.0,23.0,0.0,0.0,1.0,0.0,0.0,1.0,0.0,0.0,False,False,False
AU,1998,94,0,94,0,0,94,0,3007.0,30.0,0.0,0.0,1.0,0.0,0.0,1.0,0.0,0.0,False,False,False
AU,1999,98,0,98,0,0,98,0,3278.0,30.0,0.0,0.0,1.0,0.0,0.0,1.0,0.0,0.0,False,False,False
AU,2000,133,0,133,0,0,133,0,4164.0,29.0,0.0,0.0,1.0,0.0,0.0,1.0,0.0,0.0,False,False,False
AU,2001,106,0,106,0,0,106,0,4096.0,30.0,0.0,0.0,1.0,0.0,0.0,1.0,0.0,0.0,False,False,False
AU,2002,96,0,96,0,0,96,0,3199.0,30.0,0.0,0.0,1.0,0.0,0.0,1.0,0.0,0.0,False,False,False
AU,2003,96,0,96,0,0,96,0,3411.0,31.0,0.0,0.0,1.0,0.0,0.0,1.0,0.0,0.0,False,False,False
AU,2004,110,0,110,0,0,110,0,4063.0,31.0,0.0,0.0,1.0,0.0,0.0,1.0,0.0,0.0,False,False,False
AU,2005,120,0,120,0,0,120,0,4104.0,30.0,0.0,0.0,1.0,0.0,0.0,1.0,0.0,0.0,False,False,False
AU,2006,152,0,152,0,0,152,0,4538.0,22.0,0.0,0.0,1.0,0.0,0.0,1.0,0.0,0.0,False,False,False
AU,2007,198,0,198,0,0,198,0,5105.0,22.0,0.0,0.0,1.0,0.0,0.0,1.0,0.0,0.0,False,False,False
AU,2008,168,0,168,0,0,168,0,5091.0,27.0,0.0,0.0,1.0,0.0,0.0,1.0,0.0,0.0,False,False,False
AU,2009,219,0,219,0,0,219,0,4654.0,19.0,0.0,0.0,1.0,0.0,0.0,1.0,0.0,0.0,False,False,False
AU,2010,218,0,218,0,0,218,0,4542.0,18.0,0.0,0.0,1.0,0.0,0.0,1.0,0.0,0.0,False,False,False
AU,2011,222,0,222,0,0,222,0,4729.0,21.0,0.0,0.0,1.0,0.0,0.0,1.0,0.0,0.0,False,False,False
AU,2012,185,0,185,0,0,185,0,4644.0,27.0,0.0,0.0,1.0,0.0,0.0,1.0,0.0,0.0,False,False,False
AU,2013,200,0,200,0,0,200,0,4718.0,27.5,0.0,0.0,1.0,0.0,0.0,1.0,0.0,0.0,False,False,False
AU,2014,203,0,203,0,0,203,0,4851.0,28.0,0.0,0.0,1.0,0.0,0.0,1.0,0.0,0.0,False,False,False
AU,2015,242,0,242,0,0,242,0,5324.0,25.0,0.0,0.0,1.0,0.0,0.0,1.0,0.0,0.0,False,False,False
AU,2016,262,0,262,0,0,262,0,5413.0,23.0,0.0,0.0,1.0,0.0,0.0,1.0,0.0,0.0,False,False,False
AU,2017,227,0,227,0,0,227,0,5026.0,25.0,0.0,0.0,1.0,0.0,0.0,1.0,0.0,0.0,False,False,False
AU,2018,257,0,257,0,0,257,0,5567.0,25.0,0.0,0.0,1.0,0.0,0.0,1.0,0.0,0.0,False,False,False
AU,2019,251,0,251,0,0,251,0,5710.0,24.0,0.0,0.0,1.0,0.0,0.0,1.0,0.0,0.0,False,False,False
AU,2020,75,0,75,0,0,75,0,1388.0,17.0,0.0,0.0,1.0,0.0,0.0,1.0,0.0,0.0,True,False,False
AU,2021,11,0,11,0,0,11,0,99.0,6.0,0.0,0.0,1.0,0.0,0.0,1.0,0.0,0.0,True,False,False
AU,2022,188,0,188,0,0,188,0,3307.0,17.5,0.0,0.0,1.0,0.0,0.0,1.0,0.0,0.0,False,False,False
AU,2023,274,0,274,0,0,274,0,4632.0,13.0,0.0,0.0,1.0,0.0,0.0,1.0,0.0,0.0,False,False,False
AU,2024,314,0,314,0,0,314,0,5076.0,14.0,0.0,0.0,1.0,0.0,0.0,1.0,0.0,0.0,False,False,False
AU,2025,314,0,314,0,0,314,0,4989.0,16.0,0.0,0.0,1.0,0.0,0.0,1.0,0.0,0.0,False,False,False
AZ,2014,8,0,8,0,0,8,0,64.0,9.0,0.0,0.0,1.0,0.0,0.0,1.0,0.0,0.0,False,False,False
AZ,2015,24,0,24,0,0,24,0,288.0,13.0,0.0,0.0,1.0,0.0,0.0,1.0,0.0,0.0,False,False,False
AZ,2016,24,0,24,0,0,24,0,254.0,10.0,0.0,0.0,1.0,0.0,0.0,1.0,0.0,0.0,False,False,False
AZ,2017,24,0,24,0,0,24,0,276.0,12.0,0.0,0.0,1.0,0.0,0.0,1.0,0.0,0.0,False,False,False
AZ,2018,24,0,24,0,0,24,0,210.0,9.0,0.0,0.0,1.0,0.0,0.0,1.0,0.0,0.0,False,False,False
AZ,2019,22,0,22,0,0,22,0,192.0,9.0,0.0,0.0,1.0,0.0,0.0,1.0,0.0,0.0,False,False,False
AZ,2020,6,0,6,0,0,6,0,32.0,7.0,0.0,0.0,1.0,0.0,0.0,1.0,0.0,0.0,True,False,False
BD,1990,6,0,6,0,0,6,0,130.0,23.0,130.0,0.0,1.0,0.0,0.0,1.0,0.0,1.0,False,False,False
BD,1993,2,0,2,0,0,2,0,4.0,2.0,0.0,0.0,1.0,0.0,0.0,1.0,0.0,0.0,False,False,False
BD,1994,24,0,24,0,0,24,0,102.0,4.0,0.0,0.0,1.0,0.0,0.0,1.0,0.0,0.0,False,False,False
BD,1995,24,0,24,0,0,24,0,208.0,9.0,0.0,0.0,1.0,0.0,0.0,1.0,0.0,0.0,False,False,False
BD,1996,24,0,24,0,0,24,0,210.0,9.0,0.0,0.0,1.0,0.0,0.0,1.0,0.0,0.0,False,False,False
BD,1997,24,0,24,0,0,24,0,200.0,8.5,0.0,0.0,1.0,0.0,0.0,1.0,0.0,0.0,False,False,False
BD,1998,24,0,24,0,0,24,0,208.0,9.0,0.0,0.0,1.0,0.0,0.0,1.0,0.0,0.0,False,False,False
BD,1999,20,0,20,0,0,20,0,162.0,9.0,0.0,0.0,1.0,0.0,0.0,1.0,0.0,0.0,False,False,False
BD,2000,38,0,38,0,0,38,0,272.0,8.0,0.0,0.0,1.0,0.0,0.0,1.0,0.0,0.0,False,False,False
BD,2001,34,0,34,0,0,34,0,277.0,8.0,0.0,0.0,1.0,0.0,0.0,1.0,0.0,0.0,False,False,False
BD,2002,24,0,24,0,0,24,0,212.0,9.0,0.0,0.0,1.0,0.0,0.0,1.0,0.0,0.0,False,False,False
BD,2003,24,0,24,0,0,24,0,206.0,9.0,0.0,0.0,1.0,0.0,0.0,1.0,0.0,0.0,False,False,False
BD,2004,24,0,24,0,0,24,0,208.0,9.0,0.0,0.0,1.0,0.0,0.0,1.0,0.0,0.0,False,False,False
BD,2005,24,0,24,0,0,24,0,200.0,9.0,0.0,0.0,1.0,0.0,0.0,1.0,0.0,0.0,False,False,False
BD,2006,14,0,14,0,0,14,0,62.0,5.0,0.0,0.0,1.0,0.0,0.0,1.0,0.0,0.0,False,False,False
BE,1990,50,0,50,0,0,50,0,1476.0,28.0,1476.0,0.0,1.0,0.0,0.0,1.0,0.0,1.0,False,False,False
BE,1991,86,0,86,0,0,86,0,1841.0,25.0,1841.0,0.0,1.0,0.0,0.0,1.0,0.0,1.0,False,False,False
BE,1992,115,0,115,0,0,115,0,2205.0,22.0,2205.0,0.0,1.0,0.0,0.0,1.0,0.0,1.0,False,False,False
BE,1993,86,0,86,0,0,86,0,1926.0,25.0,1926.0,0.0,1.0,0.0,0.0,1.0,0.0,1.0,False,False,False
BE,1994,122,0,122,0,0,122,0,2274.0,17.0,2274.0,0.0,1.0,0.0,0.0,1.0,0.0,1.0,False,False,False
BE,1995,148,0,148,0,0,148,0,2689.0,17.0,2689.0,0.0,1.0,0.0,0.0,1.0,0.0,1.0,False,False,False
BE,1996,172,0,172,0,0,172,0,2821.0,12.0,2821.0,0.0,1.0,0.0,0.0,1.0,0.0,1.0,False,False,False
BE,1997,175,0,175,0,0,175,0,2566.0,10.0,2566.0,0.0,1.0,0.0,0.0,1.0,0.0,1.0,False,False,False
BE,1998,177,0,177,0,0,177,0,2372.0,10.0,2372.0,0.0,1.0,0.0,0.0,1.0,0.0,1.0,False,False,False
BE,1999,271,0,271,0,0,271,0,3054.0,10.0,3054.0,0.0,1.0,0.0,0.0,1.0,0.0,1.0,False,False,False
BE,2000,122,0,122,0,0,122,0,1746.0,11.5,1746.0,0.0,1.0,0.0,0.0,1.0,0.0,1.0,False,False,False
BG,1992,2,0,2,0,0,2,0,6.0,3.0,6.0,0.0,1.0,0.0,0.0,1.0,0.0,1.0,False,False,False
BG,1993,10,0,10,0,0,10,0,62.0,7.0,62.0,0.0,1.0,0.0,0.0,1.0,0.0,1.0,False,False,False
BH,1994,214,0,214,0,0,214,0,260.0,1.0,0.0,0.0,1.0,0.0,0.0,1.0,0.0,0.0,False,False,False
BH,1995,356,0,356,0,0,356,0,418.0,1.0,0.0,0.0,1.0,0.0,0.0,1.0,0.0,0.0,False,False,False
BH,1996,53,0,53,0,0,53,0,398.0,9.0,0.0,0.0,1.0,0.0,0.0,1.0,0.0,0.0,False,False,False
BH,1997,8,0,8,0,0,8,0,38.0,4.0,0.0,0.0,1.0,0.0,0.0,1.0,0.0,0.0,False,False,False
BH,2025,6,0,6,0,0,6,0,80.0,13.0,0.0,0.0,1.0,0.0,0.0,1.0,0.0,0.0,False,False,False
BO,2008,20,0,20,0,0,20,0,243.0,13.5,0.0,0.0,1.0,0.0,0.0,1.0,0.0,0.0,False,False,False
BO,2009,43,0,43,0,0,43,0,375.0,10.0,0.0,0.0,1.0,0.0,0.0,1.0,0.0,0.0,False,False,False
BO,2010,40,0,40,0,0,40,0,373.0,12.0,0.0,0.0,1.0,0.0,0.0,1.0,0.0,0.0,False,False,False
BO,2011,50,0,50,0,0,50,0,432.0,9.5,0.0,0.0,1.0,0.0,0.0,1.0,0.0,0.0,False,False,False
BO,2012,10,0,10,0,0,10,0,115.0,13.0,0.0,0.0,1.0,0.0,0.0,1.0,0.0,0.0,False,False,False
BR,1990,432,0,432,0,0,432,0,3297.0,5.0,0.0,0.0,1.0,0.0,0.0,1.0,0.0,0.0,False,False,False
BR,1991,534,0,534,0,0,534,0,4198.0,5.0,0.0,0.0,1.0,0.0,0.0,1.0,0.0,0.0,False,False,False
BR,1992,671,0,671,0,0,671,0,5058.0,5.0,0.0,0.0,1.0,0.0,0.0,1.0,0.0,0.0,False,False,False
BR,1993,644,0,644,0,0,644,0,5048.0,5.0,0.0,0.0,1.0,0.0,0.0,1.0,0.0,0.0,False,False,False
BR,1994,714,0,714,0,0,714,0,5378.0,5.0,0.0,0.0,1.0,0.0,0.0,1.0,0.0,0.0,False,False,False
BR,1995,567,0,567,0,0,567,0,5965.0,6.0,0.0,0.0,1.0,0.0,0.0,1.0,0.0,0.0,False,False,False
BR,1996,640,0,640,0,0,640,0,7066.0,8.0,0.0,0.0,1.0,0.0,0.0,1.0,0.0,0.0,False,False,False
BR,1997,679,0,679,0,0,679,0,7657.0,8.0,0.0,0.0,1.0,0.0,0.0,1.0,0.0,0.0,False,False,False
BR,1998,692,0,692,0,0,692,0,7764.0,8.0,0.0,0.0,1.0,0.0,0.0,1.0,0.0,0.0,False,False,False
BR,1999,537,0,537,0,0,537,0,6485.0,8.0,0.0,0.0,1.0,0.0,0.0,1.0,0.0,0.0,False,False,False
BR,2000,327,0,327,0,0,327,0,5747.0,13.0,0.0,0.0,1.0,0.0,0.0,1.0,0.0,0.0,False,False,False
BR,2001,301,0,301,0,0,301,0,5648.0,18.0,0.0,0.0,1.0,0.0,0.0,1.0,0.0,0.0,False,False,False
BR,2002,290,0,290,0,0,290,0,4852.0,13.0,0.0,0.0,1.0,0.0,0.0,1.0,0.0,0.0,False,False,False
BR,2003,220,0,220,0,0,220,0,3752.0,16.5,0.0,0.0,1.0,0.0,0.0,1.0,0.0,0.0,False,False,False
BR,2004,219,0,219,0,0,219,0,3693.0,17.0,0.0,0.0,1.0,0.0,0.0,1.0,0.0,0.0,False,False,False
BR,2005,194,0,194,0,0,194,0,3875.0,17.0,0.0,0.0,1.0,0.0,0.0,1.0,0.0,0.0,False,False,False
BR,2006,193,0,193,0,0,193,0,3592.0,12.0,0.0,0.0,1.0,0.0,0.0,1.0,0.0,0.0,False,False,False
BR,2007,96,0,96,0,0,96,0,3646.0,40.0,0.0,0.0,1.0,0.0,0.0,1.0,0.0,0.0,False,False,False
BR,2008,112,0,112,0,0,112,0,3985.0,31.0,0.0,0.0,1.0,0.0,0.0,1.0,0.0,0.0,False,False,False
BR,2009,160,0,160,0,0,160,0,5432.0,31.0,0.0,0.0,1.0,0.0,0.0,1.0,0.0,0.0,False,False,False
BR,2010,151,0,151,0,0,151,0,5629.0,31.0,0.0,0.0,1.0,0.0,0.0,1.0,0.0,0.0,False,False,False
BR,2011,207,0,207,0,0,207,0,6738.0,30.0,18.0,0.0,1.0,0.0,0.0,1.0,0.0,0.0026714158504007124,False,False,False
BR,2012,208,0,208,0,0,208,0,7411.0,30.0,50.0,0.0,1.0,0.0,0.0,1.0,0.0,0.006746727836999055,False,False,False
BR,2013,224,0,224,0,0,224,0,7057.0,30.0,104.0,0.0,1.0,0.0,0.0,1.0,0.0,0.014737140427943886,False,False,False
BR,2014,273,0,273,0,0,273,0,7515.0,22.0,308.0,0.0,1.0,0.0,0.0,1.0,0.0,0.04098469727212242,False,False,False
BR,2015,318,0,318,0,0,318,0,8881.0,19.5,436.0,0.0,1.0,0.0,0.0,1.0,0.0,0.04909357054385767,False,False,False
BR,2016,284,0,284,0,0,284,0,6326.0,15.0,476.0,0.0,1.0,0.0,0.0,1.0,0.0,0.07524502055011066,False,False,False
BR,2017,280,0,280,0,0,280,0,5523.0,13.0,550.0,0.0,1.0,0.0,0.0,1.0,0.0,0.09958355965960529,False,False,False
BR,2018,467,0,467,0,0,467,0,7449.0,9.0,630.0,0.0,1.0,0.0,0.0,1.0,0.0,0.08457511075312123,False,False,False
BR,2019,378,0,378,0,0,378,0,5664.0,9.0,497.0,0.0,1.0,0.0,0.0,1.0,0.0,0.08774717514124294,False,False,False
BR,2020,112,0,112,0,0,112,0,1360.0,8.0,20.0,0.0,1.0,0.0,0.0,1.0,0.0,0.014705882352941176,True,False,False
BR,2021,58,0,58,0,0,58,0,748.0,13.0,0.0,0.0,1.0,0.0,0.0,1.0,0.0,0.0,True,False,False
BR,2022,182,0,182,0,0,182,0,2170.0,9.0,344.0,0.0,1.0,0.0,0.0,1.0,0.0,0.1585253456221198,False,False,False
BR,2023,304,0,304,0,0,304,0,3291.0,8.0,348.0,0.0,1.0,0.0,0.0,1.0,0.0,0.105742935278031,False,False,False
BR,2024,305,0,305,0,0,305,0,4011.0,12.0,498.0,0.0,1.0,0.0,0.0,1.0,0.0,0.12415856394913986,False,False,False
BR,2025,310,0,310,0,0,310,0,4487.0,13.0,636.0,0.0,1.0,0.0,0.0,1.0,0.0,0.14174281256964563,False,False,False
BS,1990,128,0,128,0,0,128,0,5871.0,23.0,0.0,0.0,1.0,0.0,0.0,1.0,0.0,0.0,False,False,False
BS,1991,71,0,71,0,0,71,0,5647.0,61.0,0.0,0.0,1.0,0.0,0.0,1.0,0.0,0.0,False,False,False
BS,1993,4,0,4,0,0,4,0,312.0,77.5,0.0,0.0,1.0,0.0,0.0,1.0,0.0,0.0,False,False,False
BS,1994,2,0,2,0,0,2,0,36.0,18.0,0.0,0.0,1.0,0.0,0.0,1.0,0.0,0.0,False,False,False
BS,1995,4,0,4,0,0,4,0,420.0,104.5,0.0,0.0,1.0,0.0,0.0,1.0,0.0,0.0,False,False,False
BS,1996,36,0,36,0,0,36,0,2990.0,115.5,0.0,0.0,1.0,0.0,0.0,1.0,0.0,0.0,False,False,False
BS,1997,38,0,38,0,0,38,0,2430.0,57.0,0.0,0.0,1.0,0.0,0.0,1.0,0.0,0.0,False,False,False
BS,1998,78,0,78,0,0,78,0,4991.0,70.0,0.0,0.0,1.0,0.0,0.0,1.0,0.0,0.0,False,False,False
BS,1999,116,0,116,0,0,116,0,5667.0,16.0,0.0,0.0,1.0,0.0,0.0,1.0,0.0,0.0,False,False,False
BS,2000,67,0,67,0,0,67,0,4762.0,60.0,0.0,0.0,1.0,0.0,0.0,1.0,0.0,0.0,False,False,False
BS,2001,61,0,61,0,0,61,0,5215.0,69.0,0.0,0.0,1.0,0.0,0.0,1.0,0.0,0.0,False,False,False
BS,2002,81,0,81,0,0,81,0,4872.0,45.0,0.0,0.0,1.0,0.0,0.0,1.0,0.0,0.0,False,False,False
BS,2003,183,0,183,0,0,183,0,7354.0,25.0,0.0,0.0,1.0,0.0,0.0,1.0,0.0,0.0,False,False,False
BS,2004,260,0,260,0,0,260,0,8988.0,23.0,0.0,0.0,1.0,0.0,0.0,1.0,0.0,0.0,False,False,False
BS,2005,245,0,245,0,0,245,0,9004.0,26.0,0.0,0.0,1.0,0.0,0.0,1.0,0.0,0.0,False,False,False
BS,2006,204,0,204,0,0,204,0,8375.0,33.0,0.0,0.0,1.0,0.0,0.0,1.0,0.0,0.0,False,False,False
BS,2007,193,0,193,0,0,193,0,7656.0,28.0,0.0,0.0,1.0,0.0,0.0,1.0,0.0,0.0,False,False,False
BS,2008,189,0,189,0,0,189,0,7904.0,31.0,0.0,0.0,1.0,0.0,0.0,1.0,0.0,0.0,False,False,False
BS,2009,196,0,196,0,0,196,0,7425.0,33.0,0.0,0.0,1.0,0.0,0.0,1.0,0.0,0.0,False,False,False
BS,2010,210,0,210,0,0,210,0,7760.0,29.0,0.0,0.0,1.0,0.0,0.0,1.0,0.0,0.0,False,False,False
BS,2011,197,0,197,0,0,197,0,7075.0,32.0,0.0,0.0,1.0,0.0,0.0,1.0,0.0,0.0,False,False,False
BS,2012,235,0,235,0,0,235,0,7792.0,25.0,0.0,0.0,1.0,0.0,0.0,1.0,0.0,0.0,False,False,False
BS,2013,196,0,196,0,0,196,0,7660.0,28.5,0.0,0.0,1.0,0.0,0.0,1.0,0.0,0.0,False,False,False
BS,2014,296,0,296,0,0,296,0,8215.0,15.0,0.0,0.0,1.0,0.0,0.0,1.0,0.0,0.0,False,False,False
BS,2015,210,0,210,0,0,210,0,7023.0,25.0,0.0,0.0,1.0,0.0,0.0,1.0,0.0,0.0,False,False,False
BS,2016,308,0,308,0,0,308,0,7036.0,10.0,0.0,0.0,1.0,0.0,0.0,1.0,0.0,0.0,False,False,False
BS,2017,308,0,308,0,0,308,0,7468.0,10.5,0.0,0.0,1.0,0.0,0.0,1.0,0.0,0.0,False,False,False
BS,2018,421,0,421,0,0,421,0,8406.0,14.0,0.0,0.0,1.0,0.0,0.0,1.0,0.0,0.0,False,False,False
BS,2019,355,0,355,0,0,355,0,6480.0,8.0,0.0,0.0,1.0,0.0,0.0,1.0,0.0,0.0,False,False,False
BS,2020,68,0,68,0,0,68,0,955.0,11.0,0.0,0.0,1.0,0.0,0.0,1.0,0.0,0.0,True,False,False
CA,1990,764,0,764,0,0,764,0,30752.0,30.0,0.0,0.0,1.0,0.0,0.0,1.0,0.0,0.0,False,False,False
CA,1991,829,0,829,0,0,829,0,29545.0,25.0,0.0,0.0,1.0,0.0,0.0,1.0,0.0,0.0,False,False,False
CA,1992,997,0,997,0,0,997,0,30659.0,22.0,0.0,0.0,1.0,0.0,0.0,1.0,0.0,0.0,False,False,False
CA,1993,845,0,845,0,0,845,0,35260.0,30.0,0.0,0.0,1.0,0.0,0.0,1.0,0.0,0.0,False,False,False
CA,1994,898,0,898,0,0,898,0,41527.0,31.0,0.0,0.0,1.0,0.0,0.0,1.0,0.0,0.0,False,False,False
CA,1995,1336,0,1336,0,0,1336,0,59425.0,30.0,0.0,0.0,1.0,0.0,0.0,1.0,0.0,0.0,False,False,False
CA,1996,1365,0,1365,0,0,1365,0,52567.0,27.0,0.0,0.0,1.0,0.0,0.0,1.0,0.0,0.0,False,False,False
CA,1997,1710,0,1710,0,0,1710,0,58704.0,25.5,0.0,0.0,1.0,0.0,0.0,1.0,0.0,0.0,False,False,False
CA,1998,2351,0,2351,0,0,2351,0,63424.0,11.0,0.0,0.0,1.0,0.0,0.0,1.0,0.0,0.0,False,False,False
CA,1999,1914,0,1914,0,0,1914,0,60277.0,22.0,0.0,0.0,1.0,0.0,0.0,1.0,0.0,0.0,False,False,False
CA,2000,2380,0,2380,0,0,2380,0,68671.0,13.0,0.0,0.0,1.0,0.0,0.0,1.0,0.0,0.0,False,False,False
CA,2001,3152,0,3152,0,0,3152,0,105073.0,26.0,0.0,0.0,1.0,0.0,0.0,1.0,0.0,0.0,False,False,False
CA,2002,3542,0,3542,0,0,3542,0,122234.0,27.0,0.0,0.0,1.0,0.0,0.0,1.0,0.0,0.0,False,False,False
CA,2003,3763,0,3763,0,0,3763,0,135125.0,24.0,0.0,0.0,1.0,0.0,0.0,1.0,0.0,0.0,False,False,False
CA,2004,5009,0,5009,0,0,5009,0,151586.0,13.0,0.0,0.0,1.0,0.0,0.0,1.0,0.0,0.0,False,False,False
CA,2005,5106,0,5106,0,0,5106,0,143743.0,12.0,0.0,0.0,1.0,0.0,0.0,1.0,0.0,0.0,False,False,False
CA,2006,6106,0,6106,0,0,6106,0,151685.0,14.0,22.0,0.0,1.0,0.0,0.0,1.0,0.0,0.00014503741305995979,False,False,False
CA,2007,5912,0,5912,0,0,5912,0,158121.0,20.0,502.0,0.0,1.0,0.0,0.0,1.0,0.0,0.003174783868050417,False,False,False
CA,2008,5797,0,5797,0,0,5797,0,164971.0,21.0,54.0,0.0,1.0,0.0,0.0,1.0,0.0,0.00032733025804535345,False,False,False
CA,2009,5661,0,5661,0,0,5661,0,159913.0,20.0,0.0,0.0,1.0,0.0,0.0,1.0,0.0,0.0,False,False,False
CA,2010,6193,0,6193,0,0,6193,0,175034.0,17.0,0.0,0.0,1.0,0.0,0.0,1.0,0.0,0.0,False,False,False
CA,2011,6442,0,6442,0,0,6442,0,179365.0,17.0,0.0,0.0,1.0,0.0,0.0,1.0,0.0,0.0,False,False,False
CA,2012,6400,0,6400,0,0,6400,0,190383.0,18.0,0.0,0.0,1.0,0.0,0.0,1.0,0.0,0.0,False,False,False
CA,2013,5767,0,5767,0,0,5767,0,177100.0,16.0,0.0,0.0,1.0,0.0,0.0,1.0,0.0,0.0,False,False,False
CA,2014,4937,0,4937,0,0,4937,0,153183.0,13.0,0.0,0.0,1.0,0.0,0.0,1.0,0.0,0.0,False,False,False
CA,2015,5223,0,5223,0,0,5223,0,157196.0,13.0,0.0,0.0,1.0,0.0,0.0,1.0,0.0,0.0,False,False,False
CA,2016,5573,0,5573,0,0,5573,0,166766.0,13.0,0.0,0.0,1.0,0.0,0.0,1.0,0.0,0.0,False,False,False
CA,2017,5747,0,5747,0,0,5747,0,176210.0,13.0,0.0,0.0,1.0,0.0,0.0,1.0,0.0,0.0,False,False,False
CA,2018,6058,0,6058,0,0,6058,0,177622.0,13.0,0.0,0.0,1.0,0.0,0.0,1.0,0.0,0.0,False,False,False
CA,2019,6077,0,6077,0,0,6077,0,163035.0,11.0,0.0,0.0,1.0,0.0,0.0,1.0,0.0,0.0,False,False,False
CA,2020,2353,0,2353,0,0,2353,0,36472.0,6.0,0.0,0.0,1.0,0.0,0.0,1.0,0.0,0.0,True,False,False
CA,2021,2534,0,2534,0,0,2534,0,44498.0,8.0,0.0,0.0,1.0,0.0,0.0,1.0,0.0,0.0,True,False,False
CA,2022,6325,0,6325,0,0,6325,0,138824.0,11.0,0.0,0.0,1.0,0.0,0.0,1.0,0.0,0.0,False,False,False
CA,2023,7568,0,7568,0,0,7568,0,168265.0,11.0,0.0,0.0,1.0,0.0,0.0,1.0,0.0,0.0,False,False,False
CA,2024,8291,0,8291,0,0,8291,0,164029.0,9.0,2.0,0.0,1.0,0.0,0.0,1.0,0.0,1.219296587798499e-05,False,False,False
CA,2025,8308,0,8308,0,0,8308,0,145921.0,9.0,0.0,0.0,1.0,0.0,0.0,1.0,0.0,0.0,False,False,False
CH,1990,371,0,371,0,0,371,0,4603.0,13.0,0.0,0.0,1.0,0.0,0.0,1.0,0.0,0.0,False,False,False
CH,1991,385,0,385,0,0,385,0,4184.0,9.0,0.0,0.0,1.0,0.0,0.0,1.0,0.0,0.0,False,False,False
CH,1992,369,0,369,0,0,369,0,4153.0,9.0,0.0,0.0,1.0,0.0,0.0,1.0,0.0,0.0,False,False,False
CH,1993,349,0,349,0,0,349,0,4238.0,10.0,0.0,0.0,1.0,0.0,0.0,1.0,0.0,0.0,False,False,False
CH,1994,335,0,335,0,0,335,0,4234.0,10.0,0.0,0.0,1.0,0.0,0.0,1.0,0.0,0.0,False,False,False
CH,1995,318,0,318,0,0,318,0,4155.0,12.0,0.0,0.0,1.0,0.0,0.0,1.0,0.0,0.0,False,False,False
CH,1996,330,0,330,0,0,330,0,4677.0,13.0,0.0,0.0,1.0,0.0,0.0,1.0,0.0,0.0,False,False,False
CH,1997,326,0,326,0,0,326,0,4781.0,13.0,0.0,0.0,1.0,0.0,0.0,1.0,0.0,0.0,False,False,False
CH,1998,369,0,369,0,0,369,0,5675.0,15.0,0.0,0.0,1.0,0.0,0.0,1.0,0.0,0.0,False,False,False
CH,1999,379,0,379,0,0,379,0,6994.0,22.0,0.0,0.0,1.0,0.0,0.0,1.0,0.0,0.0,False,False,False
CH,2000,342,0,342,0,0,342,0,8676.0,29.0,0.0,0.0,1.0,0.0,0.0,1.0,0.0,0.0,False,False,False
CH,2001,287,0,287,0,0,287,0,8186.0,30.0,0.0,0.0,1.0,0.0,0.0,1.0,0.0,0.0,False,False,False
CH,2002,234,0,234,0,0,234,0,5801.0,30.0,0.0,0.0,1.0,0.0,0.0,1.0,0.0,0.0,False,False,False
CH,2003,296,0,296,0,0,296,0,6887.0,27.0,0.0,0.0,1.0,0.0,0.0,1.0,0.0,0.0,False,False,False
CH,2004,325,0,325,0,0,325,0,6231.0,23.0,0.0,0.0,1.0,0.0,0.0,1.0,0.0,0.0,False,False,False
CH,2005,311,0,311,0,0,311,0,6367.0,22.0,0.0,0.0,1.0,0.0,0.0,1.0,0.0,0.0,False,False,False
CH,2006,329,0,329,0,0,329,0,7272.0,24.0,0.0,0.0,1.0,0.0,0.0,1.0,0.0,0.0,False,False,False
CH,2007,302,0,302,0,0,302,0,7919.0,27.0,0.0,0.0,1.0,0.0,0.0,1.0,0.0,0.0,False,False,False
CH,2008,313,0,313,0,0,313,0,7211.0,26.0,0.0,0.0,1.0,0.0,0.0,1.0,0.0,0.0,False,False,False
CH,2009,299,0,299,0,0,299,0,6240.0,24.0,0.0,0.0,1.0,0.0,0.0,1.0,0.0,0.0,False,False,False
CH,2010,307,0,307,0,0,307,0,6490.0,25.0,0.0,0.0,1.0,0.0,0.0,1.0,0.0,0.0,False,False,False
CH,2011,295,0,295,0,0,295,0,6839.0,26.0,0.0,0.0,1.0,0.0,0.0,1.0,0.0,0.0,False,False,False
CH,2012,252,0,252,0,0,252,0,6529.0,28.0,0.0,0.0,1.0,0.0,0.0,1.0,0.0,0.0,False,False,False
CH,2013,238,0,238,0,0,238,0,6393.0,29.0,0.0,0.0,1.0,0.0,0.0,1.0,0.0,0.0,False,False,False
CH,2014,241,0,241,0,0,241,0,6174.0,30.0,0.0,0.0,1.0,0.0,0.0,1.0,0.0,0.0,False,False,False
CH,2015,266,0,266,0,0,266,0,7308.0,30.0,0.0,0.0,1.0,0.0,0.0,1.0,0.0,0.0,False,False,False
CH,2016,280,0,280,0,0,280,0,8145.0,29.5,0.0,0.0,1.0,0.0,0.0,1.0,0.0,0.0,False,False,False
CH,2017,294,0,294,0,0,294,0,7729.0,29.0,0.0,0.0,1.0,0.0,0.0,1.0,0.0,0.0,False,False,False
CH,2018,282,0,282,0,0,282,0,7301.0,28.0,0.0,0.0,1.0,0.0,0.0,1.0,0.0,0.0,False,False,False
CH,2019,274,0,274,0,0,274,0,7280.0,29.0,0.0,0.0,1.0,0.0,0.0,1.0,0.0,0.0,False,False,False
CH,2020,159,0,159,0,0,159,0,2418.0,12.0,0.0,0.0,1.0,0.0,0.0,1.0,0.0,0.0,True,False,False
CH,2021,204,0,204,0,0,204,0,3150.0,16.0,0.0,0.0,1.0,0.0,0.0,1.0,0.0,0.0,True,False,False
CH,2022,267,0,267,0,0,267,0,5747.0,22.0,0.0,0.0,1.0,0.0,0.0,1.0,0.0,0.0,False,False,False
CH,2023,243,0,243,0,0,243,0,7751.0,30.0,0.0,0.0,1.0,0.0,0.0,1.0,0.0,0.0,False,False,False
CH,2024,277,0,277,0,0,277,0,7779.0,30.0,0.0,0.0,1.0,0.0,0.0,1.0,0.0,0.0,False,False,False
CH,2025,272,0,272,0,0,272,0,8007.0,30.0,0.0,0.0,1.0,0.0,0.0,1.0,0.0,0.0,False,False,False
CI,1990,24,0,24,0,0,24,0,210.0,9.0,0.0,0.0,1.0,0.0,0.0,1.0,0.0,0.0,False,False,False
CI,1991,24,0,24,0,0,24,0,208.0,9.0,0.0,0.0,1.0,0.0,0.0,1.0,0.0,0.0,False,False,False
CI,1992,24,0,24,0,0,24,0,220.0,9.0,0.0,0.0,1.0,0.0,0.0,1.0,0.0,0.0,False,False,False
CI,1993,24,0,24,0,0,24,0,261.0,11.5,0.0,0.0,1.0,0.0,0.0,1.0,0.0,0.0,False,False,False
CI,1994,24,0,24,0,0,24,0,294.0,12.5,0.0,0.0,1.0,0.0,0.0,1.0,0.0,0.0,False,False,False
CI,1995,24,0,24,0,0,24,0,332.0,13.0,0.0,0.0,1.0,0.0,0.0,1.0,0.0,0.0,False,False,False
CI,1996,24,0,24,0,0,24,0,366.0,14.0,0.0,0.0,1.0,0.0,0.0,1.0,0.0,0.0,False,False,False
CI,1997,24,0,24,0,0,24,0,409.0,17.0,0.0,0.0,1.0,0.0,0.0,1.0,0.0,0.0,False,False,False
CI,1998,30,0,30,0,0,30,0,399.0,15.0,0.0,0.0,1.0,0.0,0.0,1.0,0.0,0.0,False,False,False
CI,1999,40,0,40,0,0,40,0,406.0,12.0,0.0,0.0,1.0,0.0,0.0,1.0,0.0,0.0,False,False,False
CI,2000,40,0,40,0,0,40,0,373.0,9.5,0.0,0.0,1.0,0.0,0.0,1.0,0.0,0.0,False,False,False
CI,2001,22,0,22,0,0,22,0,214.0,12.0,0.0,0.0,1.0,0.0,0.0,1.0,0.0,0.0,False,False,False
CL,1990,74,0,74,0,0,74,0,1328.0,13.0,0.0,0.0,1.0,0.0,0.0,1.0,0.0,0.0,False,False,False
CL,1991,48,0,48,0,0,48,0,936.0,18.5,0.0,0.0,1.0,0.0,0.0,1.0,0.0,0.0,False,False,False
CL,1992,52,0,52,0,0,52,0,1042.0,13.5,0.0,0.0,1.0,0.0,0.0,1.0,0.0,0.0,False,False,False
CL,1993,96,0,96,0,0,96,0,1146.0,10.5,0.0,0.0,1.0,0.0,0.0,1.0,0.0,0.0,False,False,False
CL,1994,84,0,84,0,0,84,0,1089.0,13.0,0.0,0.0,1.0,0.0,0.0,1.0,0.0,0.0,False,False,False
CL,1995,103,0,103,0,0,103,0,1430.0,9.0,0.0,0.0,1.0,0.0,0.0,1.0,0.0,0.0,False,False,False
CL,1996,162,0,162,0,0,162,0,2559.0,9.0,0.0,0.0,1.0,0.0,0.0,1.0,0.0,0.0,False,False,False
CL,1997,301,0,301,0,0,301,0,4312.0,9.0,1026.0,0.0,1.0,0.0,0.0,1.0,0.0,0.23794063079777367,False,False,False
CL,1998,339,0,339,0,0,339,0,5226.0,9.0,1227.0,0.0,1.0,0.0,0.0,1.0,0.0,0.23478760045924224,False,False,False
CL,1999,266,0,266,0,0,266,0,4580.0,9.0,363.0,0.0,1.0,0.0,0.0,1.0,0.0,0.07925764192139738,False,False,False
CL,2000,248,0,248,0,0,248,0,3826.0,9.0,142.0,0.0,1.0,0.0,0.0,1.0,0.0,0.037114479874542604,False,False,False
CL,2001,241,0,241,0,0,241,0,4407.0,13.0,0.0,0.0,1.0,0.0,0.0,1.0,0.0,0.0,False,False,False
CL,2002,249,0,249,0,0,249,0,4152.0,13.0,0.0,0.0,1.0,0.0,0.0,1.0,0.0,0.0,False,False,False
CL,2003,215,0,215,0,0,215,0,3619.0,13.0,0.0,0.0,1.0,0.0,0.0,1.0,0.0,0.0,False,False,False
CL,2004,201,0,201,0,0,201,0,3368.0,13.0,0.0,0.0,1.0,0.0,0.0,1.0,0.0,0.0,False,False,False
CL,2005,200,0,200,0,0,200,0,3381.0,13.0,0.0,0.0,1.0,0.0,0.0,1.0,0.0,0.0,False,False,False
CL,2006,176,0,176,0,0,176,0,3094.0,13.0,0.0,0.0,1.0,0.0,0.0,1.0,0.0,0.0,False,False,False
CL,2007,190,0,190,0,0,190,0,3203.0,13.0,0.0,0.0,1.0,0.0,0.0,1.0,0.0,0.0,False,False,False
CL,2008,245,0,245,0,0,245,0,3613.0,13.0,0.0,0.0,1.0,0.0,0.0,1.0,0.0,0.0,False,False,False
CL,2009,216,0,216,0,0,216,0,3977.0,17.0,0.0,0.0,1.0,0.0,0.0,1.0,0.0,0.0,False,False,False
CL,2010,217,0,217,0,0,217,0,4148.0,17.0,0.0,0.0,1.0,0.0,0.0,1.0,0.0,0.0,False,False,False
CL,2011,217,0,217,0,0,217,0,4129.0,13.0,0.0,0.0,1.0,0.0,0.0,1.0,0.0,0.0,False,False,False
CL,2012,216,0,216,0,0,216,0,4233.0,13.0,0.0,0.0,1.0,0.0,0.0,1.0,0.0,0.0,False,False,False
CL,2013,180,0,180,0,0,180,0,3714.0,12.0,0.0,0.0,1.0,0.0,0.0,1.0,0.0,0.0,False,False,False
CL,2014,215,0,215,0,0,215,0,3582.0,12.0,0.0,0.0,1.0,0.0,0.0,1.0,0.0,0.0,False,False,False
CL,2015,242,0,242,0,0,242,0,3598.0,8.0,0.0,0.0,1.0,0.0,0.0,1.0,0.0,0.0,False,False,False
CL,2016,255,0,255,0,0,255,0,3983.0,9.0,0.0,0.0,1.0,0.0,0.0,1.0,0.0,0.0,False,False,False
CL,2017,302,0,302,0,0,302,0,4345.0,9.0,0.0,0.0,1.0,0.0,0.0,1.0,0.0,0.0,False,False,False
CL,2018,291,0,291,0,0,291,0,3912.0,8.0,0.0,0.0,1.0,0.0,0.0,1.0,0.0,0.0,False,False,False
CL,2019,264,0,264,0,0,264,0,3939.0,8.0,0.0,0.0,1.0,0.0,0.0,1.0,0.0,0.0,False,False,False
CL,2020,138,0,138,0,0,138,0,1374.0,5.0,0.0,0.0,1.0,0.0,0.0,1.0,0.0,0.0,True,False,False
CL,2021,152,0,152,0,0,152,0,1639.0,6.0,0.0,0.0,1.0,0.0,0.0,1.0,0.0,0.0,True,False,False
CL,2022,277,0,277,0,0,277,0,2599.0,5.0,0.0,0.0,1.0,0.0,0.0,1.0,0.0,0.0,False,False,False
CL,2023,305,0,305,0,0,305,0,3281.0,6.0,0.0,0.0,1.0,0.0,0.0,1.0,0.0,0.0,False,False,False
CL,2024,295,0,295,0,0,295,0,3395.0,9.0,0.0,0.0,1.0,0.0,0.0,1.0,0.0,0.0,False,False,False
CL,2025,299,0,299,0,0,299,0,3284.0,7.0,0.0,0.0,1.0,0.0,0.0,1.0,0.0,0.0,False,False,False
CN,1990,98,0,98,0,0,98,0,493.0,4.0,0.0,0.0,1.0,0.0,0.0,1.0,0.0,0.0,False,False,False
CN,1991,86,0,86,0,0,86,0,468.0,5.0,0.0,0.0,1.0,0.0,0.0,1.0,0.0,0.0,False,False,False
CN,1992,80,0,80,0,0,80,0,492.0,8.0,0.0,0.0,1.0,0.0,0.0,1.0,0.0,0.0,False,False,False
CN,1993,82,0,82,0,0,82,0,674.0,9.0,0.0,0.0,1.0,0.0,0.0,1.0,0.0,0.0,False,False,False
CN,1994,72,0,72,0,0,72,0,746.0,9.0,0.0,0.0,1.0,0.0,0.0,1.0,0.0,0.0,False,False,False
CN,1995,68,0,68,0,0,68,0,788.0,13.0,0.0,0.0,1.0,0.0,0.0,1.0,0.0,0.0,False,False,False
CN,1996,91,0,91,0,0,91,0,918.0,9.0,0.0,0.0,1.0,0.0,0.0,1.0,0.0,0.0,False,False,False
CN,1997,97,0,97,0,0,97,0,1369.0,12.0,0.0,0.0,1.0,0.0,0.0,1.0,0.0,0.0,False,False,False
CN,1998,130,0,130,0,0,130,0,1975.0,13.0,0.0,0.0,1.0,0.0,0.0,1.0,0.0,0.0,False,False,False
CN,1999,126,0,126,0,0,126,0,1970.0,13.0,0.0,0.0,1.0,0.0,0.0,1.0,0.0,0.0,False,False,False
CN,2000,108,0,108,0,0,108,0,1985.0,18.0,0.0,0.0,1.0,0.0,0.0,1.0,0.0,0.0,False,False,False
CN,2001,147,0,147,0,0,147,0,1979.0,13.0,0.0,0.0,1.0,0.0,0.0,1.0,0.0,0.0,False,False,False
CN,2002,158,0,158,0,0,158,0,2058.0,12.5,0.0,0.0,1.0,0.0,0.0,1.0,0.0,0.0,False,False,False
CN,2003,157,0,157,0,0,157,0,1884.0,12.0,0.0,0.0,1.0,0.0,0.0,1.0,0.0,0.0,False,False,False
CN,2004,152,0,152,0,0,152,0,2672.0,18.0,0.0,0.0,1.0,0.0,0.0,1.0,0.0,0.0,False,False,False
CN,2005,160,0,160,0,0,160,0,2845.0,18.0,0.0,0.0,1.0,0.0,0.0,1.0,0.0,0.0,False,False,False
CN,2006,157,0,157,0,0,157,0,3331.0,22.0,0.0,0.0,1.0,0.0,0.0,1.0,0.0,0.0,False,False,False
CN,2007,172,0,172,0,0,172,0,3658.0,25.5,0.0,0.0,1.0,0.0,0.0,1.0,0.0,0.0,False,False,False
CN,2008,176,0,176,0,0,176,0,3619.0,24.0,0.0,0.0,1.0,0.0,0.0,1.0,0.0,0.0,False,False,False
CN,2009,178,0,178,0,0,178,0,3665.0,21.0,0.0,0.0,1.0,0.0,0.0,1.0,0.0,0.0,False,False,False
CN,2010,178,0,178,0,0,178,0,4260.0,30.0,0.0,0.0,1.0,0.0,0.0,1.0,0.0,0.0,False,False,False
CN,2011,229,0,229,0,0,229,0,5274.0,30.0,0.0,0.0,1.0,0.0,0.0,1.0,0.0,0.0,False,False,False
CN,2012,263,0,263,0,0,263,0,6221.0,29.0,0.0,0.0,1.0,0.0,0.0,1.0,0.0,0.0,False,False,False
CN,2013,303,0,303,0,0,303,0,7601.0,27.0,0.0,0.0,1.0,0.0,0.0,1.0,0.0,0.0,False,False,False
CN,2014,408,0,408,0,0,408,0,10357.0,22.0,0.0,0.0,1.0,0.0,0.0,1.0,0.0,0.0,False,False,False
CN,2015,545,0,545,0,0,545,0,13110.0,18.0,0.0,0.0,1.0,0.0,0.0,1.0,0.0,0.0,False,False,False
CN,2016,752,0,752,0,0,752,0,17911.0,17.0,0.0,0.0,1.0,0.0,0.0,1.0,0.0,0.0,False,False,False
CN,2017,1074,0,1074,0,0,1074,0,20339.0,13.0,0.0,0.0,1.0,0.0,0.0,1.0,0.0,0.0,False,False,False
CN,2018,1158,0,1158,0,0,1158,0,21685.0,13.0,0.0,0.0,1.0,0.0,0.0,1.0,0.0,0.0,False,False,False
CN,2019,1151,0,1151,0,0,1151,0,21674.0,13.0,0.0,0.0,1.0,0.0,0.0,1.0,0.0,0.0,False,False,False
CN,2020,321,0,321,0,0,321,0,3686.0,8.0,0.0,0.0,1.0,0.0,0.0,1.0,0.0,0.0,True,False,False
CN,2021,125,0,125,0,0,125,0,1084.0,7.0,0.0,0.0,1.0,0.0,0.0,1.0,0.0,0.0,True,False,False
CN,2022,103,0,103,0,0,103,0,717.0,7.0,0.0,0.0,1.0,0.0,0.0,1.0,0.0,0.0,False,False,False
CN,2023,197,0,197,0,0,197,0,1511.0,5.0,0.0,0.0,1.0,0.0,0.0,1.0,0.0,0.0,False,False,False
CN,2024,342,0,342,0,0,342,0,4371.0,9.0,0.0,0.0,1.0,0.0,0.0,1.0,0.0,0.0,False,False,False
CN,2025,362,0,362,0,0,362,0,4627.0,9.0,0.0,0.0,1.0,0.0,0.0,1.0,0.0,0.0,False,False,False
CR,1990,492,0,492,0,0,492,0,6807.0,12.0,0.0,0.0,1.0,0.0,0.0,1.0,0.0,0.0,False,False,False
CR,1991,525,0,525,0,0,525,0,7072.0,9.0,0.0,0.0,1.0,0.0,0.0,1.0,0.0,0.0,False,False,False
CR,1992,628,0,628,0,0,628,0,7863.0,10.5,0.0,0.0,1.0,0.0,0.0,1.0,0.0,0.0,False,False,False
CR,1993,688,0,688,0,0,688,0,9213.0,12.0,0.0,0.0,1.0,0.0,0.0,1.0,0.0,0.0,False,False,False
CR,1994,852,0,852,0,0,852,0,10996.0,12.0,0.0,0.0,1.0,0.0,0.0,1.0,0.0,0.0,False,False,False
CR,1995,876,0,876,0,0,876,0,10593.0,9.0,0.0,0.0,1.0,0.0,0.0,1.0,0.0,0.0,False,False,False
CR,1996,914,0,914,0,0,914,0,10715.0,7.0,0.0,0.0,1.0,0.0,0.0,1.0,0.0,0.0,False,False,False
CR,1997,993,0,993,0,0,993,0,11205.0,6.0,0.0,0.0,1.0,0.0,0.0,1.0,0.0,0.0,False,False,False
CR,1998,1117,0,1117,0,0,1117,0,13544.0,7.0,0.0,0.0,1.0,0.0,0.0,1.0,0.0,0.0,False,False,False
CR,1999,665,0,665,0,0,665,0,13382.0,20.0,0.0,0.0,1.0,0.0,0.0,1.0,0.0,0.0,False,False,False
CR,2000,679,0,679,0,0,679,0,13840.0,22.0,0.0,0.0,1.0,0.0,0.0,1.0,0.0,0.0,False,False,False
CR,2001,648,0,648,0,0,648,0,13490.0,24.0,0.0,0.0,1.0,0.0,0.0,1.0,0.0,0.0,False,False,False
CR,2002,695,0,695,0,0,695,0,14168.0,19.0,0.0,0.0,1.0,0.0,0.0,1.0,0.0,0.0,False,False,False
CR,2003,811,0,811,0,0,811,0,14855.0,13.0,0.0,0.0,1.0,0.0,0.0,1.0,0.0,0.0,False,False,False
CR,2004,921,0,921,0,0,921,0,16532.0,11.0,0.0,0.0,1.0,0.0,0.0,1.0,0.0,0.0,False,False,False
CR,2005,884,0,884,0,0,884,0,15998.0,12.0,0.0,0.0,1.0,0.0,0.0,1.0,0.0,0.0,False,False,False
CR,2006,932,0,932,0,0,932,0,14307.0,11.0,0.0,0.0,1.0,0.0,0.0,1.0,0.0,0.0,False,False,False
CR,2007,985,0,985,0,0,985,0,15031.0,10.0,0.0,0.0,1.0,0.0,0.0,1.0,0.0,0.0,False,False,False
CR,2008,925,0,925,0,0,925,0,13578.0,11.0,0.0,0.0,1.0,0.0,0.0,1.0,0.0,0.0,False,False,False
CR,2009,982,0,982,0,0,982,0,12257.0,10.0,0.0,0.0,1.0,0.0,0.0,1.0,0.0,0.0,False,False,False
CR,2010,1116,0,1116,0,0,1116,0,12894.0,9.0,0.0,0.0,1.0,0.0,0.0,1.0,0.0,0.0,False,False,False
CR,2011,1122,0,1122,0,0,1122,0,14429.0,9.0,0.0,0.0,1.0,0.0,0.0,1.0,0.0,0.0,False,False,False
CR,2012,1113,0,1113,0,0,1113,0,14842.0,12.0,328.0,0.0,1.0,0.0,0.0,1.0,0.0,0.022099447513812154,False,False,False
CR,2013,982,0,982,0,0,982,0,14472.0,12.0,606.0,0.0,1.0,0.0,0.0,1.0,0.0,0.04187396351575456,False,False,False
CR,2014,825,0,825,0,0,825,0,14471.0,15.0,804.0,0.0,1.0,0.0,0.0,1.0,0.0,0.05555939465137171,False,False,False
CR,2015,850,0,850,0,0,850,0,12608.0,9.0,916.0,0.0,1.0,0.0,0.0,1.0,0.0,0.0726522842639594,False,False,False
CR,2016,905,0,905,0,0,905,0,12558.0,8.0,1138.0,0.0,1.0,0.0,0.0,1.0,0.0,0.0906195254021341,False,False,False
CR,2017,929,0,929,0,0,929,0,12433.0,9.0,837.0,0.0,1.0,0.0,0.0,1.0,0.0,0.06732083970079626,False,False,False
CR,2018,886,0,886,0,0,886,0,13452.0,11.0,745.0,0.0,1.0,0.0,0.0,1.0,0.0,0.05538209931608683,False,False,False
CR,2019,723,0,723,0,0,723,0,13303.0,15.0,253.0,0.0,1.0,0.0,0.0,1.0,0.0,0.019018266556415846,False,False,False
CR,2020,278,0,278,0,0,278,0,4248.0,9.0,0.0,0.0,1.0,0.0,0.0,1.0,0.0,0.0,True,False,False
CR,2021,494,0,494,0,0,494,0,9553.0,13.0,0.0,0.0,1.0,0.0,0.0,1.0,0.0,0.0,True,False,False
CR,2022,751,0,751,0,0,751,0,12511.0,11.0,0.0,0.0,1.0,0.0,0.0,1.0,0.0,0.0,False,False,False
CR,2023,463,0,463,0,0,463,0,13449.0,15.0,0.0,0.0,1.0,0.0,0.0,1.0,0.0,0.0,False,False,False
CR,2024,500,0,500,0,0,500,0,15682.0,18.0,0.0,0.0,1.0,0.0,0.0,1.0,0.0,0.0,False,False,False
CR,2025,591,0,591,0,0,591,0,17854.0,18.0,0.0,0.0,1.0,0.0,0.0,1.0,0.0,0.0,False,False,False
CV,1992,2,0,2,0,0,2,0,34.0,17.0,34.0,0.0,1.0,0.0,0.0,1.0,0.0,1.0,False,False,False
CV,1993,242,0,242,0,0,242,0,4331.0,9.0,4331.0,0.0,1.0,0.0,0.0,1.0,0.0,1.0,False,False,False
CV,1994,230,0,230,0,0,230,0,3328.0,9.0,3328.0,0.0,1.0,0.0,0.0,1.0,0.0,1.0,False,False,False
CV,1995,231,0,231,0,0,231,0,3299.0,9.0,3299.0,0.0,1.0,0.0,0.0,1.0,0.0,1.0,False,False,False
CV,1996,231,0,231,0,0,231,0,3353.0,9.0,3353.0,0.0,1.0,0.0,0.0,1.0,0.0,1.0,False,False,False
CV,1997,234,0,234,0,0,234,0,3087.0,8.0,3087.0,0.0,1.0,0.0,0.0,1.0,0.0,1.0,False,False,False
CV,1998,227,0,227,0,0,227,0,2906.0,9.0,2906.0,0.0,1.0,0.0,0.0,1.0,0.0,1.0,False,False,False
CV,1999,226,0,226,0,0,226,0,2764.0,8.0,2764.0,0.0,1.0,0.0,0.0,1.0,0.0,1.0,False,False,False
CV,2000,213,0,213,0,0,213,0,2761.0,9.0,2761.0,0.0,1.0,0.0,0.0,1.0,0.0,1.0,False,False,False
CV,2001,217,0,217,0,0,217,0,2554.0,9.0,2554.0,0.0,1.0,0.0,0.0,1.0,0.0,1.0,False,False,False
CV,2002,231,0,231,0,0,231,0,2503.0,8.0,2503.0,0.0,1.0,0.0,0.0,1.0,0.0,1.0,False,False,False
CV,2003,257,0,257,0,0,257,0,2460.0,8.0,2460.0,0.0,1.0,0.0,0.0,1.0,0.0,1.0,False,False,False
CV,2004,74,0,74,0,0,74,0,526.0,6.0,526.0,0.0,1.0,0.0,0.0,1.0,0.0,1.0,False,False,False
CZ,1990,28,0,28,0,0,28,0,230.0,9.0,0.0,0.0,1.0,0.0,0.0,1.0,0.0,0.0,False,False,False
CZ,1991,32,0,32,0,0,32,0,314.0,9.0,0.0,0.0,1.0,0.0,0.0,1.0,0.0,0.0,False,False,False
CZ,1992,24,0,24,0,0,24,0,312.0,13.0,0.0,0.0,1.0,0.0,0.0,1.0,0.0,0.0,False,False,False
CZ,1993,48,0,48,0,0,48,0,456.0,9.0,0.0,0.0,1.0,0.0,0.0,1.0,0.0,0.0,False,False,False
CZ,1994,48,0,48,0,0,48,0,422.0,8.0,0.0,0.0,1.0,0.0,0.0,1.0,0.0,0.0,False,False,False
CZ,1995,46,0,46,0,0,46,0,486.0,9.0,0.0,0.0,1.0,0.0,0.0,1.0,0.0,0.0,False,False,False
CZ,1996,26,0,26,0,0,26,0,482.0,17.0,0.0,0.0,1.0,0.0,0.0,1.0,0.0,0.0,False,False,False
CZ,1997,24,0,24,0,0,24,0,530.0,22.5,0.0,0.0,1.0,0.0,0.0,1.0,0.0,0.0,False,False,False
CZ,1998,24,0,24,0,0,24,0,548.0,24.0,0.0,0.0,1.0,0.0,0.0,1.0,0.0,0.0,False,False,False
CZ,1999,24,0,24,0,0,24,0,528.0,20.5,0.0,0.0,1.0,0.0,0.0,1.0,0.0,0.0,False,False,False
CZ,2000,24,0,24,0,0,24,0,544.0,23.0,0.0,0.0,1.0,0.0,0.0,1.0,0.0,0.0,False,False,False
CZ,2001,40,0,40,0,0,40,0,678.0,13.5,0.0,0.0,1.0,0.0,0.0,1.0,0.0,0.0,False,False,False
CZ,2002,24,0,24,0,0,24,0,588.0,24.5,0.0,0.0,1.0,0.0,0.0,1.0,0.0,0.0,False,False,False
CZ,2003,38,0,38,0,0,38,0,736.0,20.0,0.0,0.0,1.0,0.0,0.0,1.0,0.0,0.0,False,False,False
CZ,2004,47,0,47,0,0,47,0,875.0,14.0,0.0,0.0,1.0,0.0,0.0,1.0,0.0,0.0,False,False,False
CZ,2005,44,0,44,0,0,44,0,933.0,18.0,0.0,0.0,1.0,0.0,0.0,1.0,0.0,0.0,False,False,False
CZ,2006,36,0,36,0,0,36,0,840.0,29.0,0.0,0.0,1.0,0.0,0.0,1.0,0.0,0.0,False,False,False
CZ,2007,24,0,24,0,0,24,0,700.0,30.0,0.0,0.0,1.0,0.0,0.0,1.0,0.0,0.0,False,False,False
CZ,2008,24,0,24,0,0,24,0,659.0,29.0,0.0,0.0,1.0,0.0,0.0,1.0,0.0,0.0,False,False,False
CZ,2009,20,0,20,0,0,20,0,484.0,26.5,0.0,0.0,1.0,0.0,0.0,1.0,0.0,0.0,False,False,False
DE,1990,617,0,617,0,0,617,0,12206.0,21.0,0.0,0.0,1.0,0.0,0.0,1.0,0.0,0.0,False,False,False
DE,1991,612,0,612,0,0,612,0,10938.0,16.0,0.0,0.0,1.0,0.0,0.0,1.0,0.0,0.0,False,False,False
DE,1992,716,0,716,0,0,716,0,11632.0,13.0,0.0,0.0,1.0,0.0,0.0,1.0,0.0,0.0,False,False,False
DE,1993,623,0,623,0,0,623,0,9436.0,13.0,0.0,0.0,1.0,0.0,0.0,1.0,0.0,0.0,False,False,False
DE,1994,552,0,552,0,0,552,0,9355.0,14.0,0.0,0.0,1.0,0.0,0.0,1.0,0.0,0.0,False,False,False
DE,1995,487,0,487,0,0,487,0,9352.0,24.0,0.0,0.0,1.0,0.0,0.0,1.0,0.0,0.0,False,False,False
DE,1996,585,0,585,0,0,585,0,9984.0,15.0,0.0,0.0,1.0,0.0,0.0,1.0,0.0,0.0,False,False,False
DE,1997,690,0,690,0,0,690,0,12170.0,11.5,0.0,0.0,1.0,0.0,0.0,1.0,0.0,0.0,False,False,False
DE,1998,780,0,780,0,0,780,0,12920.0,13.0,0.0,0.0,1.0,0.0,0.0,1.0,0.0,0.0,False,False,False
DE,1999,764,0,764,0,0,764,0,14576.0,27.0,0.0,0.0,1.0,0.0,0.0,1.0,0.0,0.0,False,False,False
DE,2000,730,0,730,0,0,730,0,15822.0,28.5,0.0,0.0,1.0,0.0,0.0,1.0,0.0,0.0,False,False,False
DE,2001,773,0,773,0,0,773,0,15984.0,26.0,0.0,0.0,1.0,0.0,0.0,1.0,0.0,0.0,False,False,False
DE,2002,651,0,651,0,0,651,0,15873.0,30.0,0.0,0.0,1.0,0.0,0.0,1.0,0.0,0.0,False,False,False
DE,2003,778,0,778,0,0,778,0,16752.0,27.0,0.0,0.0,1.0,0.0,0.0,1.0,0.0,0.0,False,False,False
DE,2004,815,0,815,0,0,815,0,17848.0,29.0,0.0,0.0,1.0,0.0,0.0,1.0,0.0,0.0,False,False,False
DE,2005,864,0,864,0,0,864,0,18507.0,28.0,0.0,0.0,1.0,0.0,0.0,1.0,0.0,0.0,False,False,False
DE,2006,911,0,911,0,0,911,0,19205.0,26.0,0.0,0.0,1.0,0.0,0.0,1.0,0.0,0.0,False,False,False
DE,2007,918,0,918,0,0,918,0,20859.0,28.0,0.0,0.0,1.0,0.0,0.0,1.0,0.0,0.0,False,False,False
DE,2008,1042,0,1042,0,0,1042,0,21934.0,26.0,0.0,0.0,1.0,0.0,0.0,1.0,0.0,0.0,False,False,False
DE,2009,1083,0,1083,0,0,1083,0,21327.0,24.0,0.0,0.0,1.0,0.0,0.0,1.0,0.0,0.0,False,False,False
DE,2010,1229,0,1229,0,0,1229,0,22245.0,20.0,0.0,0.0,1.0,0.0,0.0,1.0,0.0,0.0,False,False,False
DE,2011,1314,0,1314,0,0,1314,0,23863.0,19.0,0.0,0.0,1.0,0.0,0.0,1.0,0.0,0.0,False,False,False
DE,2012,1363,0,1363,0,0,1363,0,23807.0,18.0,0.0,0.0,1.0,0.0,0.0,1.0,0.0,0.0,False,False,False
DE,2013,1424,0,1424,0,0,1424,0,24414.0,17.0,0.0,0.0,1.0,0.0,0.0,1.0,0.0,0.0,False,False,False
DE,2014,1319,0,1319,0,0,1319,0,24398.0,21.0,0.0,0.0,1.0,0.0,0.0,1.0,0.0,0.0,False,False,False
DE,2015,1247,0,1247,0,0,1247,0,24274.0,22.0,0.0,0.0,1.0,0.0,0.0,1.0,0.0,0.0,False,False,False
DE,2016,1252,0,1252,0,0,1252,0,26409.0,25.0,0.0,0.0,1.0,0.0,0.0,1.0,0.0,0.0,False,False,False
DE,2017,1403,0,1403,0,0,1403,0,28022.0,22.0,0.0,0.0,1.0,0.0,0.0,1.0,0.0,0.0,False,False,False
DE,2018,1652,0,1652,0,0,1652,0,29292.0,18.0,4843.0,0.0,1.0,0.0,0.0,1.0,0.0,0.16533524511812098,False,False,False
DE,2019,1679,0,1679,0,0,1679,0,32110.0,21.0,6523.0,0.0,1.0,0.0,0.0,1.0,0.0,0.203145437558393,False,False,False
DE,2020,538,0,538,0,0,538,0,8604.0,13.0,1060.0,0.0,1.0,0.0,0.0,1.0,0.0,0.12319851231985124,True,False,False
DE,2021,647,0,647,0,0,647,0,10779.0,15.0,0.0,0.0,1.0,0.0,0.0,1.0,0.0,0.0,True,False,False
DE,2022,1303,0,1303,0,0,1303,0,19657.0,14.0,0.0,0.0,1.0,0.0,0.0,1.0,0.0,0.0,False,False,False
DE,2023,1335,0,1335,0,0,1335,0,21231.0,14.0,0.0,0.0,1.0,0.0,0.0,1.0,0.0,0.0,False,False,False
DE,2024,1393,0,1393,0,0,1393,0,24203.0,18.0,1474.0,0.0,1.0,0.0,0.0,1.0,0.0,0.06090154113126472,False,False,False
DE,2025,1301,0,1301,0,0,1301,0,25158.0,22.0,1928.0,0.0,1.0,0.0,0.0,1.0,0.0,0.07663566261229032,False,False,False
DJ,2017,271,0,271,0,0,271,0,2313.0,8.0,2313.0,0.0,1.0,0.0,0.0,1.0,0.0,1.0,False,False,False
DJ,2018,339,0,339,0,0,339,0,4491.0,10.0,4491.0,0.0,1.0,0.0,0.0,1.0,0.0,1.0,False,False,False
DJ,2019,86,0,86,0,0,86,0,1444.0,17.0,1444.0,0.0,1.0,0.0,0.0,1.0,0.0,1.0,False,False,False
DK,2025,88,0,88,0,0,88,0,1729.0,17.0,1729.0,0.0,1.0,0.0,0.0,1.0,0.0,1.0,False,False,False
DO,1990,222,0,222,0,0,222,0,2607.0,9.0,0.0,0.0,1.0,0.0,0.0,1.0,0.0,0.0,False,False,False
DO,1991,198,0,198,0,0,198,0,2219.0,9.0,0.0,0.0,1.0,0.0,0.0,1.0,0.0,0.0,False,False,False
DO,1992,140,0,140,0,0,140,0,3162.0,20.0,0.0,0.0,1.0,0.0,0.0,1.0,0.0,0.0,False,False,False
DO,1993,143,0,143,0,0,143,0,2516.0,13.0,0.0,0.0,1.0,0.0,0.0,1.0,0.0,0.0,False,False,False
DO,1994,160,0,160,0,0,160,0,2280.0,12.0,0.0,0.0,1.0,0.0,0.0,1.0,0.0,0.0,False,False,False
DO,2008,24,0,24,0,0,24,0,493.0,19.5,0.0,0.0,1.0,0.0,0.0,1.0,0.0,0.0,False,False,False
DO,2009,94,0,94,0,0,94,0,1582.0,14.0,0.0,0.0,1.0,0.0,0.0,1.0,0.0,0.0,False,False,False
DO,2010,30,0,30,0,0,30,0,442.0,15.0,0.0,0.0,1.0,0.0,0.0,1.0,0.0,0.0,False,False,False
EC,1990,85,0,85,0,0,85,0,1000.0,9.0,0.0,0.0,1.0,0.0,0.0,1.0,0.0,0.0,False,False,False
EC,1991,154,0,154,0,0,154,0,1382.0,5.0,0.0,0.0,1.0,0.0,0.0,1.0,0.0,0.0,False,False,False
EC,1992,107,0,107,0,0,107,0,1403.0,9.0,0.0,0.0,1.0,0.0,0.0,1.0,0.0,0.0,False,False,False
EC,1993,73,0,73,0,0,73,0,615.0,7.0,0.0,0.0,1.0,0.0,0.0,1.0,0.0,0.0,False,False,False
EC,1996,19,0,19,0,0,19,0,312.0,22.0,0.0,0.0,1.0,0.0,0.0,1.0,0.0,0.0,False,False,False
EC,1997,70,0,70,0,0,70,0,720.0,12.0,0.0,0.0,1.0,0.0,0.0,1.0,0.0,0.0,False,False,False
EC,1998,95,0,95,0,0,95,0,1005.0,9.0,0.0,0.0,1.0,0.0,0.0,1.0,0.0,0.0,False,False,False
EC,1999,40,0,40,0,0,40,0,592.0,16.5,0.0,0.0,1.0,0.0,0.0,1.0,0.0,0.0,False,False,False
EC,2000,27,0,27,0,0,27,0,309.0,8.0,0.0,0.0,1.0,0.0,0.0,1.0,0.0,0.0,False,False,False
EC,2003,42,0,42,0,0,42,0,983.0,30.0,0.0,0.0,1.0,0.0,0.0,1.0,0.0,0.0,False,False,False
EC,2004,63,0,63,0,0,63,0,1455.0,30.0,0.0,0.0,1.0,0.0,0.0,1.0,0.0,0.0,False,False,False
EC,2005,62,0,62,0,0,62,0,1470.0,29.5,0.0,0.0,1.0,0.0,0.0,1.0,0.0,0.0,False,False,False
EC,2006,52,0,52,0,0,52,0,1458.0,30.0,0.0,0.0,1.0,0.0,0.0,1.0,0.0,0.0,False,False,False
EC,2007,57,0,57,0,0,57,0,1452.0,30.0,0.0,0.0,1.0,0.0,0.0,1.0,0.0,0.0,False,False,False
EC,2008,56,0,56,0,0,56,0,1398.0,29.0,0.0,0.0,1.0,0.0,0.0,1.0,0.0,0.0,False,False,False
EC,2009,108,0,108,0,0,108,0,2187.0,28.0,0.0,0.0,1.0,0.0,0.0,1.0,0.0,0.0,False,False,False
EC,2010,125,0,125,0,0,125,0,2602.0,28.0,0.0,0.0,1.0,0.0,0.0,1.0,0.0,0.0,False,False,False
EC,2011,132,0,132,0,0,132,0,2635.0,23.0,0.0,0.0,1.0,0.0,0.0,1.0,0.0,0.0,False,False,False
EC,2012,68,0,68,0,0,68,0,1840.0,29.0,0.0,0.0,1.0,0.0,0.0,1.0,0.0,0.0,False,False,False
EC,2013,56,0,56,0,0,56,0,1755.0,31.0,0.0,0.0,1.0,0.0,0.0,1.0,0.0,0.0,False,False,False
EC,2014,73,0,73,0,0,73,0,2184.0,31.0,0.0,0.0,1.0,0.0,0.0,1.0,0.0,0.0,False,False,False
EC,2015,82,0,82,0,0,82,0,2204.0,30.0,0.0,0.0,1.0,0.0,0.0,1.0,0.0,0.0,False,False,False
EC,2016,103,0,103,0,0,103,0,2638.0,30.0,0.0,0.0,1.0,0.0,0.0,1.0,0.0,0.0,False,False,False
EC,2017,80,0,80,0,0,80,0,1962.0,29.0,0.0,0.0,1.0,0.0,0.0,1.0,0.0,0.0,False,False,False
EC,2018,79,0,79,0,0,79,0,1829.0,27.0,0.0,0.0,1.0,0.0,0.0,1.0,0.0,0.0,False,False,False
EC,2019,51,0,51,0,0,51,0,1212.0,27.0,0.0,0.0,1.0,0.0,0.0,1.0,0.0,0.0,False,False,False
EC,2020,8,0,8,0,0,8,0,155.0,23.0,0.0,0.0,1.0,0.0,0.0,1.0,0.0,0.0,True,False,False
EC,2021,4,0,4,0,0,4,0,53.0,13.0,0.0,0.0,1.0,0.0,0.0,1.0,0.0,0.0,True,False,False
EC,2022,8,0,8,0,0,8,0,126.0,15.0,0.0,0.0,1.0,0.0,0.0,1.0,0.0,0.0,False,False,False
EC,2023,57,0,57,0,0,57,0,975.0,23.0,0.0,0.0,1.0,0.0,0.0,1.0,0.0,0.0,False,False,False
EC,2024,125,0,125,0,0,125,0,2224.0,25.0,0.0,0.0,1.0,0.0,0.0,1.0,0.0,0.0,False,False,False
EC,2025,101,0,101,0,0,101,0,2511.0,27.0,0.0,0.0,1.0,0.0,0.0,1.0,0.0,0.0,False,False,False
EE,1991,5,0,5,0,0,5,0,117.0,21.0,117.0,0.0,1.0,0.0,0.0,1.0,0.0,1.0,False,False,False
EG,1990,61,0,61,0,0,61,0,384.0,6.0,0.0,0.0,1.0,0.0,0.0,1.0,0.0,0.0,False,False,False
EG,1991,60,0,60,0,0,60,0,340.0,6.0,0.0,0.0,1.0,0.0,0.0,1.0,0.0,0.0,False,False,False
EG,1992,59,0,59,0,0,59,0,411.0,7.0,0.0,0.0,1.0,0.0,0.0,1.0,0.0,0.0,False,False,False
EG,1993,44,0,44,0,0,44,0,422.0,9.0,0.0,0.0,1.0,0.0,0.0,1.0,0.0,0.0,False,False,False
EG,1994,45,0,45,0,0,45,0,409.0,9.0,0.0,0.0,1.0,0.0,0.0,1.0,0.0,0.0,False,False,False
EG,1995,55,0,55,0,0,55,0,482.0,9.0,0.0,0.0,1.0,0.0,0.0,1.0,0.0,0.0,False,False,False
EG,1996,54,0,54,0,0,54,0,486.0,8.0,0.0,0.0,1.0,0.0,0.0,1.0,0.0,0.0,False,False,False
EG,1997,70,0,70,0,0,70,0,624.0,9.0,0.0,0.0,1.0,0.0,0.0,1.0,0.0,0.0,False,False,False
EG,1998,57,0,57,0,0,57,0,542.0,9.0,0.0,0.0,1.0,0.0,0.0,1.0,0.0,0.0,False,False,False
EG,1999,56,0,56,0,0,56,0,560.0,10.0,0.0,0.0,1.0,0.0,0.0,1.0,0.0,0.0,False,False,False
EG,2000,30,0,30,0,0,30,0,524.0,21.0,0.0,0.0,1.0,0.0,0.0,1.0,0.0,0.0,False,False,False
EG,2001,60,0,60,0,0,60,0,672.0,9.0,0.0,0.0,1.0,0.0,0.0,1.0,0.0,0.0,False,False,False
EG,2002,52,0,52,0,0,52,0,596.0,9.0,0.0,0.0,1.0,0.0,0.0,1.0,0.0,0.0,False,False,False
EG,2003,42,0,42,0,0,42,0,476.0,12.0,0.0,0.0,1.0,0.0,0.0,1.0,0.0,0.0,False,False,False
EG,2004,34,0,34,0,0,34,0,496.0,17.0,0.0,0.0,1.0,0.0,0.0,1.0,0.0,0.0,False,False,False
EG,2005,24,0,24,0,0,24,0,476.0,21.0,0.0,0.0,1.0,0.0,0.0,1.0,0.0,0.0,False,False,False
EG,2006,24,0,24,0,0,24,0,662.0,30.0,0.0,0.0,1.0,0.0,0.0,1.0,0.0,0.0,False,False,False
EG,2007,24,0,24,0,0,24,0,730.0,31.0,0.0,0.0,1.0,0.0,0.0,1.0,0.0,0.0,False,False,False
EG,2008,22,0,22,0,0,22,0,670.0,31.0,0.0,0.0,1.0,0.0,0.0,1.0,0.0,0.0,False,False,False
EG,2009,24,0,24,0,0,24,0,730.0,31.0,0.0,0.0,1.0,0.0,0.0,1.0,0.0,0.0,False,False,False
EG,2010,24,0,24,0,0,24,0,730.0,31.0,0.0,0.0,1.0,0.0,0.0,1.0,0.0,0.0,False,False,False
EG,2011,24,0,24,0,0,24,0,650.0,30.0,0.0,0.0,1.0,0.0,0.0,1.0,0.0,0.0,False,False,False
EG,2012,24,0,24,0,0,24,0,658.0,30.0,0.0,0.0,1.0,0.0,0.0,1.0,0.0,0.0,False,False,False
EG,2013,24,0,24,0,0,24,0,678.0,30.0,0.0,0.0,1.0,0.0,0.0,1.0,0.0,0.0,False,False,False
EG,2014,22,0,22,0,0,22,0,582.0,29.0,0.0,0.0,1.0,0.0,0.0,1.0,0.0,0.0,False,False,False
EG,2015,24,0,24,0,0,24,0,596.0,23.0,0.0,0.0,1.0,0.0,0.0,1.0,0.0,0.0,False,False,False
EG,2016,24,0,24,0,0,24,0,610.0,22.5,0.0,0.0,1.0,0.0,0.0,1.0,0.0,0.0,False,False,False
EG,2017,24,0,24,0,0,24,0,662.0,30.0,0.0,0.0,1.0,0.0,0.0,1.0,0.0,0.0,False,False,False
EG,2018,24,0,24,0,0,24,0,716.0,30.0,0.0,0.0,1.0,0.0,0.0,1.0,0.0,0.0,False,False,False
EG,2019,40,0,40,0,0,40,0,894.0,27.5,0.0,0.0,1.0,0.0,0.0,1.0,0.0,0.0,False,False,False
EG,2020,42,0,42,0,0,42,0,601.0,13.0,0.0,0.0,1.0,0.0,0.0,1.0,0.0,0.0,True,False,False
EG,2021,48,0,48,0,0,48,0,904.0,14.5,0.0,0.0,1.0,0.0,0.0,1.0,0.0,0.0,True,False,False
EG,2022,48,0,48,0,0,48,0,1018.0,21.0,0.0,0.0,1.0,0.0,0.0,1.0,0.0,0.0,False,False,False
EG,2023,62,0,62,0,0,62,0,1248.0,16.0,0.0,0.0,1.0,0.0,0.0,1.0,0.0,0.0,False,False,False
EG,2024,72,0,72,0,0,72,0,1270.0,13.0,0.0,0.0,1.0,0.0,0.0,1.0,0.0,0.0,False,False,False
EG,2025,48,0,48,0,0,48,0,818.0,13.0,0.0,0.0,1.0,0.0,0.0,1.0,0.0,0.0,False,False,False
ES,1990,304,0,304,0,0,304,0,3019.0,8.0,0.0,0.0,1.0,0.0,0.0,1.0,0.0,0.0,False,False,False
ES,1991,243,0,243,0,0,243,0,2327.0,8.0,0.0,0.0,1.0,0.0,0.0,1.0,0.0,0.0,False,False,False
ES,1992,258,0,258,0,0,258,0,3292.0,9.0,0.0,0.0,1.0,0.0,0.0,1.0,0.0,0.0,False,False,False
ES,1993,354,0,354,0,0,354,0,4390.0,9.0,0.0,0.0,1.0,0.0,0.0,1.0,0.0,0.0,False,False,False
ES,1994,294,0,294,0,0,294,0,4326.0,13.0,0.0,0.0,1.0,0.0,0.0,1.0,0.0,0.0,False,False,False
ES,1995,290,0,290,0,0,290,0,4776.0,13.0,0.0,0.0,1.0,0.0,0.0,1.0,0.0,0.0,False,False,False
ES,1996,366,0,366,0,0,366,0,5610.0,13.0,0.0,0.0,1.0,0.0,0.0,1.0,0.0,0.0,False,False,False
ES,1997,436,0,436,0,0,436,0,6140.0,12.0,0.0,0.0,1.0,0.0,0.0,1.0,0.0,0.0,False,False,False
ES,1998,441,0,441,0,0,441,0,6431.0,14.0,0.0,0.0,1.0,0.0,0.0,1.0,0.0,0.0,False,False,False
ES,1999,527,0,527,0,0,527,0,8400.0,16.0,0.0,0.0,1.0,0.0,0.0,1.0,0.0,0.0,False,False,False
ES,2000,507,0,507,0,0,507,0,9809.0,19.0,0.0,0.0,1.0,0.0,0.0,1.0,0.0,0.0,False,False,False
ES,2001,487,0,487,0,0,487,0,9172.0,19.0,0.0,0.0,1.0,0.0,0.0,1.0,0.0,0.0,False,False,False
ES,2002,425,0,425,0,0,425,0,8006.0,21.0,0.0,0.0,1.0,0.0,0.0,1.0,0.0,0.0,False,False,False
ES,2003,372,0,372,0,0,372,0,8661.0,26.0,0.0,0.0,1.0,0.0,0.0,1.0,0.0,0.0,False,False,False
ES,2004,352,0,352,0,0,352,0,7480.0,24.0,0.0,0.0,1.0,0.0,0.0,1.0,0.0,0.0,False,False,False
ES,2005,269,0,269,0,0,269,0,3323.0,9.0,0.0,0.0,1.0,0.0,0.0,1.0,0.0,0.0,False,False,False
ES,2006,233,0,233,0,0,233,0,3385.0,11.0,0.0,0.0,1.0,0.0,0.0,1.0,0.0,0.0,False,False,False
ES,2007,221,0,221,0,0,221,0,3886.0,16.0,0.0,0.0,1.0,0.0,0.0,1.0,0.0,0.0,False,False,False
ES,2008,239,0,239,0,0,239,0,4080.0,16.0,0.0,0.0,1.0,0.0,0.0,1.0,0.0,0.0,False,False,False
ES,2009,314,0,314,0,0,314,0,4405.0,13.0,0.0,0.0,1.0,0.0,0.0,1.0,0.0,0.0,False,False,False
ES,2010,366,0,366,0,0,366,0,4607.0,11.0,0.0,0.0,1.0,0.0,0.0,1.0,0.0,0.0,False,False,False
ES,2011,390,0,390,0,0,390,0,4975.0,11.0,0.0,0.0,1.0,0.0,0.0,1.0,0.0,0.0,False,False,False
ES,2012,315,0,315,0,0,315,0,4587.0,12.0,0.0,0.0,1.0,0.0,0.0,1.0,0.0,0.0,False,False,False
ES,2013,272,0,272,0,0,272,0,4289.0,13.0,0.0,0.0,1.0,0.0,0.0,1.0,0.0,0.0,False,False,False
ES,2014,299,0,299,0,0,299,0,4679.0,9.0,0.0,0.0,1.0,0.0,0.0,1.0,0.0,0.0,False,False,False
ES,2015,318,0,318,0,0,318,0,5263.0,9.0,0.0,0.0,1.0,0.0,0.0,1.0,0.0,0.0,False,False,False
ES,2016,401,0,401,0,0,401,0,5652.0,8.0,0.0,0.0,1.0,0.0,0.0,1.0,0.0,0.0,False,False,False
ES,2017,390,0,390,0,0,390,0,6086.0,11.0,0.0,0.0,1.0,0.0,0.0,1.0,0.0,0.0,False,False,False
ES,2018,433,0,433,0,0,433,0,6555.0,9.0,0.0,0.0,1.0,0.0,0.0,1.0,0.0,0.0,False,False,False
ES,2019,496,0,496,0,0,496,0,6870.0,8.0,0.0,0.0,1.0,0.0,0.0,1.0,0.0,0.0,False,False,False
ES,2020,192,0,192,0,0,192,0,1761.0,4.5,0.0,0.0,1.0,0.0,0.0,1.0,0.0,0.0,True,False,False
ES,2021,242,0,242,0,0,242,0,2632.0,8.5,0.0,0.0,1.0,0.0,0.0,1.0,0.0,0.0,True,False,False
ES,2022,485,0,485,0,0,485,0,7273.0,13.0,0.0,0.0,1.0,0.0,0.0,1.0,0.0,0.0,False,False,False
ES,2023,596,0,596,0,0,596,0,8626.0,13.0,0.0,0.0,1.0,0.0,0.0,1.0,0.0,0.0,False,False,False
ES,2024,696,0,696,0,0,696,0,9999.0,11.0,0.0,0.0,1.0,0.0,0.0,1.0,0.0,0.0,False,False,False
ES,2025,681,0,681,0,0,681,0,10078.0,12.0,0.0,0.0,1.0,0.0,0.0,1.0,0.0,0.0,False,False,False
ET,1998,14,0,14,0,0,14,0,111.0,9.0,0.0,0.0,1.0,0.0,0.0,1.0,0.0,0.0,False,False,False
ET,1999,24,0,24,0,0,24,0,288.0,12.5,0.0,0.0,1.0,0.0,0.0,1.0,0.0,0.0,False,False,False
ET,2000,24,0,24,0,0,24,0,280.0,12.0,0.0,0.0,1.0,0.0,0.0,1.0,0.0,0.0,False,False,False
ET,2001,24,0,24,0,0,24,0,266.0,11.0,0.0,0.0,1.0,0.0,0.0,1.0,0.0,0.0,False,False,False
ET,2002,24,0,24,0,0,24,0,258.0,10.0,0.0,0.0,1.0,0.0,0.0,1.0,0.0,0.0,False,False,False
ET,2003,24,0,24,0,0,24,0,256.0,11.0,0.0,0.0,1.0,0.0,0.0,1.0,0.0,0.0,False,False,False
ET,2004,24,0,24,0,0,24,0,285.0,13.0,0.0,0.0,1.0,0.0,0.0,1.0,0.0,0.0,False,False,False
ET,2005,24,0,24,0,0,24,0,336.0,14.0,0.0,0.0,1.0,0.0,0.0,1.0,0.0,0.0,False,False,False
ET,2006,24,0,24,0,0,24,0,376.0,16.5,0.0,0.0,1.0,0.0,0.0,1.0,0.0,0.0,False,False,False
ET,2007,24,0,24,0,0,24,0,500.0,20.0,0.0,0.0,1.0,0.0,0.0,1.0,0.0,0.0,False,False,False
ET,2008,24,0,24,0,0,24,0,480.0,20.0,0.0,0.0,1.0,0.0,0.0,1.0,0.0,0.0,False,False,False
ET,2009,24,0,24,0,0,24,0,460.0,18.5,0.0,0.0,1.0,0.0,0.0,1.0,0.0,0.0,False,False,False
ET,2010,24,0,24,0,0,24,0,588.0,26.5,0.0,0.0,1.0,0.0,0.0,1.0,0.0,0.0,False,False,False
ET,2011,24,0,24,0,0,24,0,644.0,27.0,0.0,0.0,1.0,0.0,0.0,1.0,0.0,0.0,False,False,False
ET,2012,24,0,24,0,0,24,0,622.0,26.5,0.0,0.0,1.0,0.0,0.0,1.0,0.0,0.0,False,False,False
ET,2013,24,0,24,0,0,24,0,728.0,31.0,0.0,0.0,1.0,0.0,0.0,1.0,0.0,0.0,False,False,False
ET,2014,24,0,24,0,0,24,0,720.0,30.5,0.0,0.0,1.0,0.0,0.0,1.0,0.0,0.0,False,False,False
ET,2015,24,0,24,0,0,24,0,728.0,31.0,0.0,0.0,1.0,0.0,0.0,1.0,0.0,0.0,False,False,False
ET,2016,48,0,48,0,0,48,0,1031.0,21.5,0.0,0.0,1.0,0.0,0.0,1.0,0.0,0.0,False,False,False
ET,2017,72,0,72,0,0,72,0,1433.0,17.0,0.0,0.0,1.0,0.0,0.0,1.0,0.0,0.0,False,False,False
ET,2018,86,0,86,0,0,86,0,1842.0,18.0,0.0,0.0,1.0,0.0,0.0,1.0,0.0,0.0,False,False,False
ET,2019,90,0,90,0,0,90,0,1768.0,18.0,0.0,0.0,1.0,0.0,0.0,1.0,0.0,0.0,False,False,False
ET,2020,88,0,88,0,0,88,0,1515.0,15.5,0.0,0.0,1.0,0.0,0.0,1.0,0.0,0.0,True,False,False
ET,2021,91,0,91,0,0,91,0,1895.0,20.0,0.0,0.0,1.0,0.0,0.0,1.0,0.0,0.0,True,False,False
ET,2022,96,0,96,0,0,96,0,2138.0,19.0,0.0,0.0,1.0,0.0,0.0,1.0,0.0,0.0,False,False,False
ET,2023,132,0,132,0,0,132,0,2677.0,18.0,0.0,0.0,1.0,0.0,0.0,1.0,0.0,0.0,False,False,False
ET,2024,144,0,144,0,0,144,0,2838.0,17.0,0.0,0.0,1.0,0.0,0.0,1.0,0.0,0.0,False,False,False
ET,2025,144,0,144,0,0,144,0,3047.0,18.0,0.0,0.0,1.0,0.0,0.0,1.0,0.0,0.0,False,False,False
FI,1990,48,0,48,0,0,48,0,940.0,18.0,0.0,0.0,1.0,0.0,0.0,1.0,0.0,0.0,False,False,False
FI,1991,46,0,46,0,0,46,0,902.0,24.0,0.0,0.0,1.0,0.0,0.0,1.0,0.0,0.0,False,False,False
FI,1992,32,0,32,0,0,32,0,766.0,30.0,0.0,0.0,1.0,0.0,0.0,1.0,0.0,0.0,False,False,False
FI,1993,64,0,64,0,0,64,0,930.0,8.5,0.0,0.0,1.0,0.0,0.0,1.0,0.0,0.0,False,False,False
FI,1994,73,0,73,0,0,73,0,943.0,8.0,0.0,0.0,1.0,0.0,0.0,1.0,0.0,0.0,False,False,False
FI,1995,72,0,72,0,0,72,0,925.0,8.5,0.0,0.0,1.0,0.0,0.0,1.0,0.0,0.0,False,False,False
FI,1996,51,0,51,0,0,51,0,902.0,14.0,0.0,0.0,1.0,0.0,0.0,1.0,0.0,0.0,False,False,False
FI,1997,46,0,46,0,0,46,0,874.0,24.0,0.0,0.0,1.0,0.0,0.0,1.0,0.0,0.0,False,False,False
FI,1998,44,0,44,0,0,44,0,911.0,28.0,0.0,0.0,1.0,0.0,0.0,1.0,0.0,0.0,False,False,False
FI,1999,44,0,44,0,0,44,0,864.0,24.5,0.0,0.0,1.0,0.0,0.0,1.0,0.0,0.0,False,False,False
FI,2000,30,0,30,0,0,30,0,722.0,30.0,0.0,0.0,1.0,0.0,0.0,1.0,0.0,0.0,False,False,False
FI,2001,24,0,24,0,0,24,0,652.0,29.5,0.0,0.0,1.0,0.0,0.0,1.0,0.0,0.0,False,False,False
FI,2002,25,0,25,0,0,25,0,640.0,26.0,0.0,0.0,1.0,0.0,0.0,1.0,0.0,0.0,False,False,False
FI,2003,30,0,30,0,0,30,0,676.0,26.0,0.0,0.0,1.0,0.0,0.0,1.0,0.0,0.0,False,False,False
FI,2004,32,0,32,0,0,32,0,660.0,22.0,0.0,0.0,1.0,0.0,0.0,1.0,0.0,0.0,False,False,False
FI,2005,32,0,32,0,0,32,0,669.0,21.0,0.0,0.0,1.0,0.0,0.0,1.0,0.0,0.0,False,False,False
FI,2006,32,0,32,0,0,32,0,635.0,22.0,0.0,0.0,1.0,0.0,0.0,1.0,0.0,0.0,False,False,False
FI,2007,24,0,24,0,0,24,0,595.0,24.0,0.0,0.0,1.0,0.0,0.0,1.0,0.0,0.0,False,False,False
FI,2008,26,0,26,0,0,26,0,654.0,26.0,0.0,0.0,1.0,0.0,0.0,1.0,0.0,0.0,False,False,False
FI,2009,38,0,38,0,0,38,0,800.0,25.0,0.0,0.0,1.0,0.0,0.0,1.0,0.0,0.0,False,False,False
FI,2010,31,0,31,0,0,31,0,678.0,27.0,0.0,0.0,1.0,0.0,0.0,1.0,0.0,0.0,False,False,False
FI,2011,24,0,24,0,0,24,0,712.0,30.0,0.0,0.0,1.0,0.0,0.0,1.0,0.0,0.0,False,False,False
FI,2012,24,0,24,0,0,24,0,692.0,29.0,0.0,0.0,1.0,0.0,0.0,1.0,0.0,0.0,False,False,False
FI,2013,24,0,24,0,0,24,0,714.0,30.0,0.0,0.0,1.0,0.0,0.0,1.0,0.0,0.0,False,False,False
FI,2014,27,0,27,0,0,27,0,727.0,30.0,0.0,0.0,1.0,0.0,0.0,1.0,0.0,0.0,False,False,False
FI,2015,48,0,48,0,0,48,0,962.0,21.0,0.0,0.0,1.0,0.0,0.0,1.0,0.0,0.0,False,False,False
FI,2016,65,0,65,0,0,65,0,1255.0,19.0,0.0,0.0,1.0,0.0,0.0,1.0,0.0,0.0,False,False,False
FI,2017,60,0,60,0,0,60,0,1278.0,21.5,0.0,0.0,1.0,0.0,0.0,1.0,0.0,0.0,False,False,False
FI,2018,73,0,73,0,0,73,0,1402.0,14.0,0.0,0.0,1.0,0.0,0.0,1.0,0.0,0.0,False,False,False
FI,2019,97,0,97,0,0,97,0,1773.0,14.0,0.0,0.0,1.0,0.0,0.0,1.0,0.0,0.0,False,False,False
FI,2020,19,0,19,0,0,19,0,290.0,13.0,0.0,0.0,1.0,0.0,0.0,1.0,0.0,0.0,True,False,False
FI,2021,66,0,66,0,0,66,0,1095.0,13.0,0.0,0.0,1.0,0.0,0.0,1.0,0.0,0.0,True,False,False
FI,2022,156,0,156,0,0,156,0,3014.0,17.0,0.0,0.0,1.0,0.0,0.0,1.0,0.0,0.0,False,False,False
FI,2023,110,0,110,0,0,110,0,1916.0,16.0,0.0,0.0,1.0,0.0,0.0,1.0,0.0,0.0,False,False,False
FI,2024,106,0,106,0,0,106,0,1815.0,16.5,0.0,0.0,1.0,0.0,0.0,1.0,0.0,0.0,False,False,False
FI,2025,100,0,100,0,0,100,0,2235.0,25.0,0.0,0.0,1.0,0.0,0.0,1.0,0.0,0.0,False,False,False
FJ,1994,12,0,12,0,0,12,0,54.0,4.5,0.0,0.0,1.0,0.0,0.0,1.0,0.0,0.0,False,False,False
FJ,1995,24,0,24,0,0,24,0,104.0,4.0,0.0,0.0,1.0,0.0,0.0,1.0,0.0,0.0,False,False,False
FJ,1996,24,0,24,0,0,24,0,208.0,9.0,0.0,0.0,1.0,0.0,0.0,1.0,0.0,0.0,False,False,False
FJ,1997,30,0,30,0,0,30,0,324.0,13.0,0.0,0.0,1.0,0.0,0.0,1.0,0.0,0.0,False,False,False
FJ,1998,51,0,51,0,0,51,0,462.0,8.0,0.0,0.0,1.0,0.0,0.0,1.0,0.0,0.0,False,False,False
FJ,1999,70,0,70,0,0,70,0,843.0,13.0,0.0,0.0,1.0,0.0,0.0,1.0,0.0,0.0,False,False,False
FJ,2000,62,0,62,0,0,62,0,795.0,13.0,0.0,0.0,1.0,0.0,0.0,1.0,0.0,0.0,False,False,False
FJ,2001,78,0,78,0,0,78,0,774.0,9.0,0.0,0.0,1.0,0.0,0.0,1.0,0.0,0.0,False,False,False
FJ,2002,72,0,72,0,0,72,0,750.0,9.0,0.0,0.0,1.0,0.0,0.0,1.0,0.0,0.0,False,False,False
FJ,2003,74,0,74,0,0,74,0,814.0,10.0,0.0,0.0,1.0,0.0,0.0,1.0,0.0,0.0,False,False,False
FJ,2004,72,0,72,0,0,72,0,832.0,9.0,0.0,0.0,1.0,0.0,0.0,1.0,0.0,0.0,False,False,False
FJ,2005,72,0,72,0,0,72,0,884.0,9.0,0.0,0.0,1.0,0.0,0.0,1.0,0.0,0.0,False,False,False
FJ,2006,86,0,86,0,0,86,0,926.0,9.0,0.0,0.0,1.0,0.0,0.0,1.0,0.0,0.0,False,False,False
FJ,2007,95,0,95,0,0,95,0,959.0,9.0,0.0,0.0,1.0,0.0,0.0,1.0,0.0,0.0,False,False,False
FJ,2008,90,0,90,0,0,90,0,1014.0,9.0,0.0,0.0,1.0,0.0,0.0,1.0,0.0,0.0,False,False,False
FJ,2009,54,0,54,0,0,54,0,708.0,9.0,0.0,0.0,1.0,0.0,0.0,1.0,0.0,0.0,False,False,False
FJ,2010,64,0,64,0,0,64,0,618.0,5.0,0.0,0.0,1.0,0.0,0.0,1.0,0.0,0.0,False,False,False
FJ,2011,104,0,104,0,0,104,0,740.0,4.0,0.0,0.0,1.0,0.0,0.0,1.0,0.0,0.0,False,False,False
FJ,2012,98,0,98,0,0,98,0,697.0,4.0,0.0,0.0,1.0,0.0,0.0,1.0,0.0,0.0,False,False,False
FJ,2013,120,0,120,0,0,120,0,816.0,4.0,0.0,0.0,1.0,0.0,0.0,1.0,0.0,0.0,False,False,False
FJ,2014,102,0,102,0,0,102,0,1044.0,4.0,0.0,0.0,1.0,0.0,0.0,1.0,0.0,0.0,False,False,False
FJ,2015,102,0,102,0,0,102,0,1036.0,4.0,0.0,0.0,1.0,0.0,0.0,1.0,0.0,0.0,False,False,False
FJ,2016,145,0,145,0,0,145,0,1080.0,4.0,0.0,0.0,1.0,0.0,0.0,1.0,0.0,0.0,False,False,False
FJ,2017,160,0,160,0,0,160,0,1176.0,5.0,0.0,0.0,1.0,0.0,0.0,1.0,0.0,0.0,False,False,False
FJ,2018,158,0,158,0,0,158,0,1234.0,5.0,0.0,0.0,1.0,0.0,0.0,1.0,0.0,0.0,False,False,False
FJ,2019,170,0,170,0,0,170,0,1312.0,5.0,0.0,0.0,1.0,0.0,0.0,1.0,0.0,0.0,False,False,False
FJ,2020,47,0,47,0,0,47,0,292.0,3.0,0.0,0.0,1.0,0.0,0.0,1.0,0.0,0.0,True,False,False
FJ,2021,36,0,36,0,0,36,0,180.0,2.0,0.0,0.0,1.0,0.0,0.0,1.0,0.0,0.0,True,False,False
FJ,2022,108,0,108,0,0,108,0,1185.0,6.5,0.0,0.0,1.0,0.0,0.0,1.0,0.0,0.0,False,False,False
FJ,2023,131,0,131,0,0,131,0,1415.0,5.0,0.0,0.0,1.0,0.0,0.0,1.0,0.0,0.0,False,False,False
FJ,2024,148,0,148,0,0,148,0,1420.0,5.0,0.0,0.0,1.0,0.0,0.0,1.0,0.0,0.0,False,False,False
FJ,2025,178,0,178,0,0,178,0,1843.0,5.0,0.0,0.0,1.0,0.0,0.0,1.0,0.0,0.0,False,False,False
FR,1990,693,0,693,0,0,693,0,7416.0,8.0,0.0,0.0,1.0,0.0,0.0,1.0,0.0,0.0,False,False,False
FR,1991,722,0,722,0,0,722,0,7293.0,6.0,0.0,0.0,1.0,0.0,0.0,1.0,0.0,0.0,False,False,False
FR,1992,612,0,612,0,0,612,0,6999.0,5.0,1.0,0.0,1.0,0.0,0.0,1.0,0.0,0.00014287755393627662,False,False,False
FR,1993,598,0,598,0,0,598,0,7074.0,9.0,0.0,0.0,1.0,0.0,0.0,1.0,0.0,0.0,False,False,False
FR,1994,458,0,458,0,0,458,0,7235.0,16.0,0.0,0.0,1.0,0.0,0.0,1.0,0.0,0.0,False,False,False
FR,1995,455,0,455,0,0,455,0,7292.0,15.0,0.0,0.0,1.0,0.0,0.0,1.0,0.0,0.0,False,False,False
FR,1996,481,0,481,0,0,481,0,8192.0,20.0,0.0,0.0,1.0,0.0,0.0,1.0,0.0,0.0,False,False,False
FR,1997,424,0,424,0,0,424,0,8084.0,20.0,0.0,0.0,1.0,0.0,0.0,1.0,0.0,0.0,False,False,False
FR,1998,439,0,439,0,0,439,0,9179.0,23.0,0.0,0.0,1.0,0.0,0.0,1.0,0.0,0.0,False,False,False
FR,1999,494,0,494,0,0,494,0,11528.0,27.0,0.0,0.0,1.0,0.0,0.0,1.0,0.0,0.0,False,False,False
FR,2000,540,0,540,0,0,540,0,13826.0,29.0,0.0,0.0,1.0,0.0,0.0,1.0,0.0,0.0,False,False,False
FR,2001,550,0,550,0,0,550,0,13631.0,27.0,0.0,0.0,1.0,0.0,0.0,1.0,0.0,0.0,False,False,False
FR,2002,565,0,565,0,0,565,0,14554.0,25.0,0.0,0.0,1.0,0.0,0.0,1.0,0.0,0.0,False,False,False
FR,2003,584,0,584,0,0,584,0,15313.0,23.0,0.0,0.0,1.0,0.0,0.0,1.0,0.0,0.0,False,False,False
FR,2004,528,0,528,0,0,528,0,15292.0,30.0,0.0,0.0,1.0,0.0,0.0,1.0,0.0,0.0,False,False,False
FR,2005,537,0,537,0,0,537,0,16532.0,29.0,0.0,0.0,1.0,0.0,0.0,1.0,0.0,0.0,False,False,False
FR,2006,599,0,599,0,0,599,0,17017.0,22.0,0.0,0.0,1.0,0.0,0.0,1.0,0.0,0.0,False,False,False
FR,2007,619,0,619,0,0,619,0,17244.0,25.0,0.0,0.0,1.0,0.0,0.0,1.0,0.0,0.0,False,False,False
FR,2008,649,0,649,0,0,649,0,17759.0,25.0,0.0,0.0,1.0,0.0,0.0,1.0,0.0,0.0,False,False,False
FR,2009,653,0,653,0,0,653,0,16178.0,21.0,0.0,0.0,1.0,0.0,0.0,1.0,0.0,0.0,False,False,False
FR,2010,715,0,715,0,0,715,0,15937.0,21.0,0.0,0.0,1.0,0.0,0.0,1.0,0.0,0.0,False,False,False
FR,2011,786,0,786,0,0,786,0,16327.0,20.0,0.0,0.0,1.0,0.0,0.0,1.0,0.0,0.0,False,False,False
FR,2012,736,0,736,0,0,736,0,14712.0,21.0,0.0,0.0,1.0,0.0,0.0,1.0,0.0,0.0,False,False,False
FR,2013,721,0,721,0,0,721,0,14826.0,22.0,0.0,0.0,1.0,0.0,0.0,1.0,0.0,0.0,False,False,False
FR,2014,719,0,719,0,0,719,0,14073.0,21.0,0.0,0.0,1.0,0.0,0.0,1.0,0.0,0.0,False,False,False
FR,2015,710,0,710,0,0,710,0,14696.0,24.0,0.0,0.0,1.0,0.0,0.0,1.0,0.0,0.0,False,False,False
FR,2016,746,0,746,0,0,746,0,15030.0,21.5,0.0,0.0,1.0,0.0,0.0,1.0,0.0,0.0,False,False,False
FR,2017,748,0,748,0,0,748,0,15218.0,21.0,0.0,0.0,1.0,0.0,0.0,1.0,0.0,0.0,False,False,False
FR,2018,754,0,754,0,0,754,0,15245.0,20.5,0.0,0.0,1.0,0.0,0.0,1.0,0.0,0.0,False,False,False
FR,2019,799,0,799,0,0,799,0,16014.0,21.0,0.0,0.0,1.0,0.0,0.0,1.0,0.0,0.0,False,False,False
FR,2020,331,0,331,0,0,331,0,5451.0,13.0,0.0,0.0,1.0,0.0,0.0,1.0,0.0,0.0,True,False,False
FR,2021,420,0,420,0,0,420,0,9127.0,17.0,0.0,0.0,1.0,0.0,0.0,1.0,0.0,0.0,True,False,False
FR,2022,932,0,932,0,0,932,0,18643.0,15.0,0.0,0.0,1.0,0.0,0.0,1.0,0.0,0.0,False,False,False
FR,2023,1053,0,1053,0,0,1053,0,20181.0,13.0,0.0,0.0,1.0,0.0,0.0,1.0,0.0,0.0,False,False,False
FR,2024,1141,0,1141,0,0,1141,0,21735.0,15.0,0.0,0.0,1.0,0.0,0.0,1.0,0.0,0.0,False,False,False
FR,2025,1102,0,1102,0,0,1102,0,22720.0,17.0,0.0,0.0,1.0,0.0,0.0,1.0,0.0,0.0,False,False,False
GB,1990,1546,0,1546,0,0,1546,0,21966.0,7.0,0.0,0.0,1.0,0.0,0.0,1.0,0.0,0.0,False,False,False
GB,1991,1342,0,1342,0,0,1342,0,19565.0,10.0,0.0,0.0,1.0,0.0,0.0,1.0,0.0,0.0,False,False,False
GB,1992,1197,0,1197,0,0,1197,0,21684.0,15.0,0.0,0.0,1.0,0.0,0.0,1.0,0.0,0.0,False,False,False
GB,1993,1151,0,1151,0,0,1151,0,23644.0,19.0,0.0,0.0,1.0,0.0,0.0,1.0,0.0,0.0,False,False,False
GB,1994,1233,0,1233,0,0,1233,0,26550.0,25.0,0.0,0.0,1.0,0.0,0.0,1.0,0.0,0.0,False,False,False
GB,1995,1449,0,1449,0,0,1449,0,27968.0,19.0,0.0,0.0,1.0,0.0,0.0,1.0,0.0,0.0,False,False,False
GB,1996,1756,0,1756,0,0,1756,0,30111.0,13.0,0.0,0.0,1.0,0.0,0.0,1.0,0.0,0.0,False,False,False
GB,1997,1777,0,1777,0,0,1777,0,33065.0,18.0,0.0,0.0,1.0,0.0,0.0,1.0,0.0,0.0,False,False,False
GB,1998,1547,0,1547,0,0,1547,0,36029.0,26.0,0.0,0.0,1.0,0.0,0.0,1.0,0.0,0.0,False,False,False
GB,1999,1396,0,1396,0,0,1396,0,36706.0,29.0,0.0,0.0,1.0,0.0,0.0,1.0,0.0,0.0,False,False,False
GB,2000,1362,0,1362,0,0,1362,0,38270.0,29.0,0.0,0.0,1.0,0.0,0.0,1.0,0.0,0.0,False,False,False
GB,2001,1282,0,1282,0,0,1282,0,36364.0,28.0,0.0,0.0,1.0,0.0,0.0,1.0,0.0,0.0,False,False,False
GB,2002,1120,0,1120,0,0,1120,0,36459.0,30.0,0.0,0.0,1.0,0.0,0.0,1.0,0.0,0.0,False,False,False
GB,2003,1178,0,1178,0,0,1178,0,37817.0,29.0,0.0,0.0,1.0,0.0,0.0,1.0,0.0,0.0,False,False,False
GB,2004,1157,0,1157,0,0,1157,0,38939.0,30.0,0.0,0.0,1.0,0.0,0.0,1.0,0.0,0.0,False,False,False
GB,2005,1108,0,1108,0,0,1108,0,39320.0,30.0,0.0,0.0,1.0,0.0,0.0,1.0,0.0,0.0,False,False,False
GB,2006,1123,0,1123,0,0,1123,0,40034.0,30.0,0.0,0.0,1.0,0.0,0.0,1.0,0.0,0.0,False,False,False
GB,2007,1167,0,1167,0,0,1167,0,41960.0,30.0,0.0,0.0,1.0,0.0,0.0,1.0,0.0,0.0,False,False,False
GB,2008,1204,0,1204,0,0,1204,0,41665.0,30.0,0.0,0.0,1.0,0.0,0.0,1.0,0.0,0.0,False,False,False
GB,2009,1159,0,1159,0,0,1159,0,38220.0,30.0,0.0,0.0,1.0,0.0,0.0,1.0,0.0,0.0,False,False,False
GB,2010,1208,0,1208,0,0,1208,0,36849.0,29.0,0.0,0.0,1.0,0.0,0.0,1.0,0.0,0.0,False,False,False
GB,2011,1461,0,1461,0,0,1461,0,40061.0,27.0,0.0,0.0,1.0,0.0,0.0,1.0,0.0,0.0,False,False,False
GB,2012,1656,0,1656,0,0,1656,0,40881.0,26.0,0.0,0.0,1.0,0.0,0.0,1.0,0.0,0.0,False,False,False
GB,2013,1662,0,1662,0,0,1662,0,41578.0,25.5,0.0,0.0,1.0,0.0,0.0,1.0,0.0,0.0,False,False,False
GB,2014,1769,0,1769,0,0,1769,0,42803.0,26.0,0.0,0.0,1.0,0.0,0.0,1.0,0.0,0.0,False,False,False
GB,2015,1767,0,1767,0,0,1767,0,45104.0,26.0,771.0,0.0,1.0,0.0,0.0,1.0,0.0,0.017093827598439162,False,False,False
GB,2016,1748,0,1748,0,0,1748,0,47700.0,27.0,1895.0,0.0,1.0,0.0,0.0,1.0,0.0,0.039727463312368975,False,False,False
GB,2017,1896,0,1896,0,0,1896,0,49103.0,26.0,3904.0,0.0,1.0,0.0,0.0,1.0,0.0,0.07950634380791398,False,False,False
GB,2018,2140,0,2140,0,0,2140,0,54241.0,24.0,6174.0,0.0,1.0,0.0,0.0,1.0,0.0,0.11382533507863056,False,False,False
GB,2019,1930,0,1930,0,0,1930,0,49305.0,24.0,292.0,0.0,1.0,0.0,0.0,1.0,0.0,0.005922320251495791,False,False,False
GB,2020,874,0,874,0,0,874,0,16021.0,14.0,0.0,0.0,1.0,0.0,0.0,1.0,0.0,0.0,True,False,False
GB,2021,763,0,763,0,0,763,0,13979.0,14.0,0.0,0.0,1.0,0.0,0.0,1.0,0.0,0.0,True,False,False
GB,2022,1754,0,1754,0,0,1754,0,39252.0,22.0,0.0,0.0,1.0,0.0,0.0,1.0,0.0,0.0,False,False,False
GB,2023,2133,0,2133,0,0,2133,0,46005.0,21.0,0.0,0.0,1.0,0.0,0.0,1.0,0.0,0.0,False,False,False
GB,2024,2104,0,2104,0,0,2104,0,47569.0,22.0,0.0,0.0,1.0,0.0,0.0,1.0,0.0,0.0,False,False,False
GB,2025,2304,0,2304,0,0,2304,0,47897.0,17.0,0.0,0.0,1.0,0.0,0.0,1.0,0.0,0.0,False,False,False
GR,1990,24,0,24,0,0,24,0,586.0,27.5,0.0,0.0,1.0,0.0,0.0,1.0,0.0,0.0,False,False,False
GR,1991,24,0,24,0,0,24,0,516.0,20.5,0.0,0.0,1.0,0.0,0.0,1.0,0.0,0.0,False,False,False
GR,1992,34,0,34,0,0,34,0,714.0,26.0,0.0,0.0,1.0,0.0,0.0,1.0,0.0,0.0,False,False,False
GR,1993,39,0,39,0,0,39,0,788.0,25.0,0.0,0.0,1.0,0.0,0.0,1.0,0.0,0.0,False,False,False
GR,1994,43,0,43,0,0,43,0,664.0,17.0,0.0,0.0,1.0,0.0,0.0,1.0,0.0,0.0,False,False,False
GR,1995,48,0,48,0,0,48,0,661.0,11.0,0.0,0.0,1.0,0.0,0.0,1.0,0.0,0.0,False,False,False
GR,1996,48,0,48,0,0,48,0,674.0,10.5,0.0,0.0,1.0,0.0,0.0,1.0,0.0,0.0,False,False,False
GR,1997,48,0,48,0,0,48,0,722.0,10.5,0.0,0.0,1.0,0.0,0.0,1.0,0.0,0.0,False,False,False
GR,1998,49,0,49,0,0,49,0,708.0,9.0,0.0,0.0,1.0,0.0,0.0,1.0,0.0,0.0,False,False,False
GR,1999,52,0,52,0,0,52,0,749.0,10.5,0.0,0.0,1.0,0.0,0.0,1.0,0.0,0.0,False,False,False
GR,2000,55,0,55,0,0,55,0,987.0,9.0,0.0,0.0,1.0,0.0,0.0,1.0,0.0,0.0,False,False,False
GR,2001,44,0,44,0,0,44,0,807.0,15.5,0.0,0.0,1.0,0.0,0.0,1.0,0.0,0.0,False,False,False
GR,2002,28,0,28,0,0,28,0,536.0,19.5,0.0,0.0,1.0,0.0,0.0,1.0,0.0,0.0,False,False,False
GR,2003,25,0,25,0,0,25,0,579.0,21.0,0.0,0.0,1.0,0.0,0.0,1.0,0.0,0.0,False,False,False
GR,2004,25,0,25,0,0,25,0,617.0,25.0,0.0,0.0,1.0,0.0,0.0,1.0,0.0,0.0,False,False,False
GR,2005,24,0,24,0,0,24,0,658.0,28.5,0.0,0.0,1.0,0.0,0.0,1.0,0.0,0.0,False,False,False
GR,2006,25,0,25,0,0,25,0,658.0,29.0,0.0,0.0,1.0,0.0,0.0,1.0,0.0,0.0,False,False,False
GR,2007,24,0,24,0,0,24,0,702.0,30.0,0.0,0.0,1.0,0.0,0.0,1.0,0.0,0.0,False,False,False
GR,2008,24,0,24,0,0,24,0,706.0,30.5,0.0,0.0,1.0,0.0,0.0,1.0,0.0,0.0,False,False,False
GR,2009,18,0,18,0,0,18,0,510.0,30.0,0.0,0.0,1.0,0.0,0.0,1.0,0.0,0.0,False,False,False
HK,1990,24,0,24,0,0,24,0,572.0,23.0,0.0,0.0,1.0,0.0,0.0,1.0,0.0,0.0,False,False,False
HK,1991,24,0,24,0,0,24,0,628.0,30.0,0.0,0.0,1.0,0.0,0.0,1.0,0.0,0.0,False,False,False
HK,1992,24,0,24,0,0,24,0,732.0,31.0,0.0,0.0,1.0,0.0,0.0,1.0,0.0,0.0,False,False,False
HK,1993,26,0,26,0,0,26,0,741.0,30.5,0.0,0.0,1.0,0.0,0.0,1.0,0.0,0.0,False,False,False
HK,1994,24,0,24,0,0,24,0,738.0,31.0,0.0,0.0,1.0,0.0,0.0,1.0,0.0,0.0,False,False,False
HK,1995,24,0,24,0,0,24,0,730.0,31.0,0.0,0.0,1.0,0.0,0.0,1.0,0.0,0.0,False,False,False
HK,1996,36,0,36,0,0,36,0,1072.0,30.5,0.0,0.0,1.0,0.0,0.0,1.0,0.0,0.0,False,False,False
HK,1997,48,0,48,0,0,48,0,1460.0,31.0,0.0,0.0,1.0,0.0,0.0,1.0,0.0,0.0,False,False,False
HK,1998,98,0,98,0,0,98,0,3373.0,31.0,0.0,0.0,1.0,0.0,0.0,1.0,0.0,0.0,False,False,False
HK,1999,116,0,116,0,0,116,0,3724.0,31.0,0.0,0.0,1.0,0.0,0.0,1.0,0.0,0.0,False,False,False
HK,2000,104,0,104,0,0,104,0,3488.0,31.0,0.0,0.0,1.0,0.0,0.0,1.0,0.0,0.0,False,False,False
HK,2001,121,0,121,0,0,121,0,3483.0,30.0,0.0,0.0,1.0,0.0,0.0,1.0,0.0,0.0,False,False,False
HK,2002,126,0,126,0,0,126,0,3597.0,30.0,0.0,0.0,1.0,0.0,0.0,1.0,0.0,0.0,False,False,False
HK,2003,105,0,105,0,0,105,0,2841.0,30.0,0.0,0.0,1.0,0.0,0.0,1.0,0.0,0.0,False,False,False
HK,2004,114,0,114,0,0,114,0,3413.0,30.0,0.0,0.0,1.0,0.0,0.0,1.0,0.0,0.0,False,False,False
HK,2005,184,0,184,0,0,184,0,5431.0,30.0,0.0,0.0,1.0,0.0,0.0,1.0,0.0,0.0,False,False,False
HK,2006,180,0,180,0,0,180,0,5824.0,30.0,0.0,0.0,1.0,0.0,0.0,1.0,0.0,0.0,False,False,False
HK,2007,169,0,169,0,0,169,0,5975.0,30.0,0.0,0.0,1.0,0.0,0.0,1.0,0.0,0.0,False,False,False
HK,2008,179,0,179,0,0,179,0,6143.0,30.0,0.0,0.0,1.0,0.0,0.0,1.0,0.0,0.0,False,False,False
HK,2009,125,0,125,0,0,125,0,4950.0,56.0,0.0,0.0,1.0,0.0,0.0,1.0,0.0,0.0,False,False,False
HK,2010,111,0,111,0,0,111,0,5318.0,60.0,0.0,0.0,1.0,0.0,0.0,1.0,0.0,0.0,False,False,False
HK,2011,124,0,124,0,0,124,0,6083.0,60.0,0.0,0.0,1.0,0.0,0.0,1.0,0.0,0.0,False,False,False
HK,2012,134,0,134,0,0,134,0,6977.0,60.0,0.0,0.0,1.0,0.0,0.0,1.0,0.0,0.0,False,False,False
HK,2013,138,0,138,0,0,138,0,6939.0,57.5,0.0,0.0,1.0,0.0,0.0,1.0,0.0,0.0,False,False,False
HK,2014,164,0,164,0,0,164,0,8277.0,35.0,0.0,0.0,1.0,0.0,0.0,1.0,0.0,0.0,False,False,False
HK,2015,163,0,163,0,0,163,0,8679.0,31.0,0.0,0.0,1.0,0.0,0.0,1.0,0.0,0.0,False,False,False
HK,2016,206,0,206,0,0,206,0,9261.0,30.0,0.0,0.0,1.0,0.0,0.0,1.0,0.0,0.0,False,False,False
HK,2017,233,0,233,0,0,233,0,9788.0,30.0,0.0,0.0,1.0,0.0,0.0,1.0,0.0,0.0,False,False,False
HK,2018,275,0,275,0,0,275,0,11826.0,31.0,0.0,0.0,1.0,0.0,0.0,1.0,0.0,0.0,False,False,False
HK,2019,299,0,299,0,0,299,0,11327.0,29.0,0.0,0.0,1.0,0.0,0.0,1.0,0.0,0.0,False,False,False
HK,2020,109,0,109,0,0,109,0,2517.0,17.0,0.0,0.0,1.0,0.0,0.0,1.0,0.0,0.0,True,False,False
HK,2021,76,0,76,0,0,76,0,1596.0,15.5,0.0,0.0,1.0,0.0,0.0,1.0,0.0,0.0,True,False,False
HK,2022,83,0,83,0,0,83,0,1225.0,9.0,0.0,0.0,1.0,0.0,0.0,1.0,0.0,0.0,False,False,False
HK,2023,126,0,126,0,0,126,0,3944.0,31.0,0.0,0.0,1.0,0.0,0.0,1.0,0.0,0.0,False,False,False
HK,2024,205,0,205,0,0,205,0,5833.0,29.0,0.0,0.0,1.0,0.0,0.0,1.0,0.0,0.0,False,False,False
HK,2025,254,0,254,0,0,254,0,7793.0,30.0,0.0,0.0,1.0,0.0,0.0,1.0,0.0,0.0,False,False,False
HU,1993,16,0,16,0,0,16,0,356.0,26.0,0.0,0.0,1.0,0.0,0.0,1.0,0.0,0.0,False,False,False
HU,1994,24,0,24,0,0,24,0,614.0,26.0,0.0,0.0,1.0,0.0,0.0,1.0,0.0,0.0,False,False,False
HU,1995,24,0,24,0,0,24,0,634.0,30.0,0.0,0.0,1.0,0.0,0.0,1.0,0.0,0.0,False,False,False
HU,1996,22,0,22,0,0,22,0,572.0,30.0,0.0,0.0,1.0,0.0,0.0,1.0,0.0,0.0,False,False,False
HU,1997,24,0,24,0,0,24,0,640.0,29.5,0.0,0.0,1.0,0.0,0.0,1.0,0.0,0.0,False,False,False
HU,1998,24,0,24,0,0,24,0,668.0,30.0,0.0,0.0,1.0,0.0,0.0,1.0,0.0,0.0,False,False,False
HU,1999,24,0,24,0,0,24,0,625.0,28.5,0.0,0.0,1.0,0.0,0.0,1.0,0.0,0.0,False,False,False
HU,2000,24,0,24,0,0,24,0,650.0,28.5,0.0,0.0,1.0,0.0,0.0,1.0,0.0,0.0,False,False,False
HU,2001,24,0,24,0,0,24,0,544.0,25.0,0.0,0.0,1.0,0.0,0.0,1.0,0.0,0.0,False,False,False
HU,2002,24,0,24,0,0,24,0,540.0,27.0,0.0,0.0,1.0,0.0,0.0,1.0,0.0,0.0,False,False,False
HU,2003,24,0,24,0,0,24,0,512.0,20.0,0.0,0.0,1.0,0.0,0.0,1.0,0.0,0.0,False,False,False
HU,2004,24,0,24,0,0,24,0,572.0,27.0,0.0,0.0,1.0,0.0,0.0,1.0,0.0,0.0,False,False,False
HU,2005,24,0,24,0,0,24,0,534.0,25.5,0.0,0.0,1.0,0.0,0.0,1.0,0.0,0.0,False,False,False
HU,2006,24,0,24,0,0,24,0,524.0,24.5,0.0,0.0,1.0,0.0,0.0,1.0,0.0,0.0,False,False,False
HU,2007,31,0,31,0,0,31,0,480.0,14.0,0.0,0.0,1.0,0.0,0.0,1.0,0.0,0.0,False,False,False
HU,2008,2,0,2,0,0,2,0,46.0,23.0,0.0,0.0,1.0,0.0,0.0,1.0,0.0,0.0,False,False,False
ID,1990,24,0,24,0,0,24,0,396.0,17.0,0.0,0.0,1.0,0.0,0.0,1.0,0.0,0.0,False,False,False
ID,1991,24,0,24,0,0,24,0,382.0,16.0,0.0,0.0,1.0,0.0,0.0,1.0,0.0,0.0,False,False,False
ID,1992,28,0,28,0,0,28,0,417.0,17.0,0.0,0.0,1.0,0.0,0.0,1.0,0.0,0.0,False,False,False
ID,1993,40,0,40,0,0,40,0,407.0,9.0,0.0,0.0,1.0,0.0,0.0,1.0,0.0,0.0,False,False,False
ID,1994,67,0,67,0,0,67,0,812.0,9.0,381.0,0.0,1.0,0.0,0.0,1.0,0.0,0.46921182266009853,False,False,False
ID,1995,99,0,99,0,0,99,0,2305.0,24.0,1783.0,0.0,1.0,0.0,0.0,1.0,0.0,0.7735357917570499,False,False,False
ID,1996,68,0,68,0,0,68,0,1207.0,22.0,687.0,0.0,1.0,0.0,0.0,1.0,0.0,0.5691797845898923,False,False,False
ID,1997,27,0,27,0,0,27,0,557.0,22.0,0.0,0.0,1.0,0.0,0.0,1.0,0.0,0.0,False,False,False
ID,1998,22,0,22,0,0,22,0,337.0,15.5,218.0,0.0,1.0,0.0,0.0,1.0,0.0,0.6468842729970327,False,False,False
ID,1999,2,0,2,0,0,2,0,11.0,5.5,11.0,0.0,1.0,0.0,0.0,1.0,0.0,1.0,False,False,False
IE,1990,78,0,78,0,0,78,0,1475.0,19.0,0.0,0.0,1.0,0.0,0.0,1.0,0.0,0.0,False,False,False
IE,1991,59,0,59,0,0,59,0,1173.0,20.0,0.0,0.0,1.0,0.0,0.0,1.0,0.0,0.0,False,False,False
IE,1992,52,0,52,0,0,52,0,1306.0,26.0,0.0,0.0,1.0,0.0,0.0,1.0,0.0,0.0,False,False,False
IE,1993,62,0,62,0,0,62,0,1283.0,24.0,0.0,0.0,1.0,0.0,0.0,1.0,0.0,0.0,False,False,False
IE,1994,109,0,109,0,0,109,0,1801.0,17.0,0.0,0.0,1.0,0.0,0.0,1.0,0.0,0.0,False,False,False
IE,1995,104,0,104,0,0,104,0,2214.0,26.0,0.0,0.0,1.0,0.0,0.0,1.0,0.0,0.0,False,False,False
IE,1996,142,0,142,0,0,142,0,2746.0,23.0,0.0,0.0,1.0,0.0,0.0,1.0,0.0,0.0,False,False,False
IE,1997,148,0,148,0,0,148,0,2961.0,24.0,0.0,0.0,1.0,0.0,0.0,1.0,0.0,0.0,False,False,False
IE,1998,164,0,164,0,0,164,0,3376.0,25.0,0.0,0.0,1.0,0.0,0.0,1.0,0.0,0.0,False,False,False
IE,1999,175,0,175,0,0,175,0,3875.0,26.0,0.0,0.0,1.0,0.0,0.0,1.0,0.0,0.0,False,False,False
IE,2000,239,0,239,0,0,239,0,4501.0,22.0,0.0,0.0,1.0,0.0,0.0,1.0,0.0,0.0,False,False,False
IE,2001,232,0,232,0,0,232,0,4856.0,25.0,0.0,0.0,1.0,0.0,0.0,1.0,0.0,0.0,False,False,False
IE,2002,131,0,131,0,0,131,0,3643.0,30.0,0.0,0.0,1.0,0.0,0.0,1.0,0.0,0.0,False,False,False
IE,2003,158,0,158,0,0,158,0,4238.0,30.0,0.0,0.0,1.0,0.0,0.0,1.0,0.0,0.0,False,False,False
IE,2004,180,0,180,0,0,180,0,4531.0,29.0,0.0,0.0,1.0,0.0,0.0,1.0,0.0,0.0,False,False,False
IE,2005,154,0,154,0,0,154,0,4450.0,30.0,0.0,0.0,1.0,0.0,0.0,1.0,0.0,0.0,False,False,False
IE,2006,124,0,124,0,0,124,0,4332.0,31.0,0.0,0.0,1.0,0.0,0.0,1.0,0.0,0.0,False,False,False
IE,2007,172,0,172,0,0,172,0,5002.0,30.0,0.0,0.0,1.0,0.0,0.0,1.0,0.0,0.0,False,False,False
IE,2008,213,0,213,0,0,213,0,5857.0,28.0,0.0,0.0,1.0,0.0,0.0,1.0,0.0,0.0,False,False,False
IE,2009,196,0,196,0,0,196,0,4883.0,18.0,0.0,0.0,1.0,0.0,0.0,1.0,0.0,0.0,False,False,False
IE,2010,160,0,160,0,0,160,0,4221.0,23.5,0.0,0.0,1.0,0.0,0.0,1.0,0.0,0.0,False,False,False
IE,2011,164,0,164,0,0,164,0,4428.0,26.0,0.0,0.0,1.0,0.0,0.0,1.0,0.0,0.0,False,False,False
IE,2012,162,0,162,0,0,162,0,4392.0,27.0,0.0,0.0,1.0,0.0,0.0,1.0,0.0,0.0,False,False,False
IE,2013,140,0,140,0,0,140,0,4413.0,27.0,0.0,0.0,1.0,0.0,0.0,1.0,0.0,0.0,False,False,False
IE,2014,160,0,160,0,0,160,0,5471.0,30.0,0.0,0.0,1.0,0.0,0.0,1.0,0.0,0.0,False,False,False
IE,2015,182,0,182,0,0,182,0,6258.0,29.0,0.0,0.0,1.0,0.0,0.0,1.0,0.0,0.0,False,False,False
IE,2016,218,0,218,0,0,218,0,7286.0,29.0,0.0,0.0,1.0,0.0,0.0,1.0,0.0,0.0,False,False,False
IE,2017,270,0,270,0,0,270,0,9571.0,30.0,0.0,0.0,1.0,0.0,0.0,1.0,0.0,0.0,False,False,False
IE,2018,322,0,322,0,0,322,0,9936.0,30.0,0.0,0.0,1.0,0.0,0.0,1.0,0.0,0.0,False,False,False
IE,2019,344,0,344,0,0,344,0,10588.0,30.0,0.0,0.0,1.0,0.0,0.0,1.0,0.0,0.0,False,False,False
IE,2020,144,0,144,0,0,144,0,3614.0,28.0,0.0,0.0,1.0,0.0,0.0,1.0,0.0,0.0,True,False,False
IE,2021,96,0,96,0,0,96,0,2703.0,30.0,0.0,0.0,1.0,0.0,0.0,1.0,0.0,0.0,True,False,False
IE,2022,308,0,308,0,0,308,0,10314.0,30.0,0.0,0.0,1.0,0.0,0.0,1.0,0.0,0.0,False,False,False
IE,2023,379,0,379,0,0,379,0,12415.0,30.0,0.0,0.0,1.0,0.0,0.0,1.0,0.0,0.0,False,False,False
IE,2024,424,0,424,0,0,424,0,12889.0,29.0,0.0,0.0,1.0,0.0,0.0,1.0,0.0,0.0,False,False,False
IE,2025,472,0,472,0,0,472,0,14369.0,29.0,0.0,0.0,1.0,0.0,0.0,1.0,0.0,0.0,False,False,False
IL,1990,1338,0,1338,0,0,1338,0,1338.0,1.0,0.0,0.0,1.0,0.0,0.0,1.0,0.0,0.0,False,False,False
IL,1991,1409,0,1409,0,0,1409,0,1409.0,1.0,0.0,0.0,1.0,0.0,0.0,1.0,0.0,0.0,False,False,False
IL,1992,1398,0,1398,0,0,1398,0,1399.0,1.0,0.0,0.0,1.0,0.0,0.0,1.0,0.0,0.0,False,False,False
IL,1993,243,0,243,0,0,243,0,1280.0,1.0,0.0,0.0,1.0,0.0,0.0,1.0,0.0,0.0,False,False,False
IL,1994,198,0,198,0,0,198,0,1275.0,2.0,0.0,0.0,1.0,0.0,0.0,1.0,0.0,0.0,False,False,False
IL,1995,282,0,282,0,0,282,0,1491.0,2.0,0.0,0.0,1.0,0.0,0.0,1.0,0.0,0.0,False,False,False
IL,1996,354,0,354,0,0,354,0,1623.0,2.0,0.0,0.0,1.0,0.0,0.0,1.0,0.0,0.0,False,False,False
IL,1997,327,0,327,0,0,327,0,1687.0,2.0,0.0,0.0,1.0,0.0,0.0,1.0,0.0,0.0,False,False,False
IL,1998,344,0,344,0,0,344,0,1937.0,3.0,0.0,0.0,1.0,0.0,0.0,1.0,0.0,0.0,False,False,False
IL,1999,298,0,298,0,0,298,0,2045.0,3.0,0.0,0.0,1.0,0.0,0.0,1.0,0.0,0.0,False,False,False
IL,2000,284,0,284,0,0,284,0,2273.0,3.0,0.0,0.0,1.0,0.0,0.0,1.0,0.0,0.0,False,False,False
IL,2001,257,0,257,0,0,257,0,2060.0,4.0,0.0,0.0,1.0,0.0,0.0,1.0,0.0,0.0,False,False,False
IL,2002,179,0,179,0,0,179,0,2143.0,9.0,0.0,0.0,1.0,0.0,0.0,1.0,0.0,0.0,False,False,False
IL,2003,136,0,136,0,0,136,0,2140.0,12.0,0.0,0.0,1.0,0.0,0.0,1.0,0.0,0.0,False,False,False
IL,2004,154,0,154,0,0,154,0,2530.0,13.0,0.0,0.0,1.0,0.0,0.0,1.0,0.0,0.0,False,False,False
IL,2005,165,0,165,0,0,165,0,2746.0,13.0,0.0,0.0,1.0,0.0,0.0,1.0,0.0,0.0,False,False,False
IL,2006,205,0,205,0,0,205,0,2966.0,11.0,0.0,0.0,1.0,0.0,0.0,1.0,0.0,0.0,False,False,False
IL,2007,190,0,190,0,0,190,0,3033.0,13.0,0.0,0.0,1.0,0.0,0.0,1.0,0.0,0.0,False,False,False
IL,2008,142,0,142,0,0,142,0,2486.0,14.0,0.0,0.0,1.0,0.0,0.0,1.0,0.0,0.0,False,False,False
IL,2009,129,0,129,0,0,129,0,2207.0,13.0,0.0,0.0,1.0,0.0,0.0,1.0,0.0,0.0,False,False,False
IL,2010,122,0,122,0,0,122,0,2222.0,14.0,0.0,0.0,1.0,0.0,0.0,1.0,0.0,0.0,False,False,False
IL,2011,129,0,129,0,0,129,0,2230.0,14.0,0.0,0.0,1.0,0.0,0.0,1.0,0.0,0.0,False,False,False
IL,2012,127,0,127,0,0,127,0,2279.0,16.0,0.0,0.0,1.0,0.0,0.0,1.0,0.0,0.0,False,False,False
IL,2013,120,0,120,0,0,120,0,2307.0,18.0,0.0,0.0,1.0,0.0,0.0,1.0,0.0,0.0,False,False,False
IL,2014,118,0,118,0,0,118,0,2306.0,18.0,0.0,0.0,1.0,0.0,0.0,1.0,0.0,0.0,False,False,False
IL,2015,131,0,131,0,0,131,0,2470.0,14.0,0.0,0.0,1.0,0.0,0.0,1.0,0.0,0.0,False,False,False
IL,2016,165,0,165,0,0,165,0,2626.0,13.0,0.0,0.0,1.0,0.0,0.0,1.0,0.0,0.0,False,False,False
IL,2017,153,0,153,0,0,153,0,2709.0,13.0,0.0,0.0,1.0,0.0,0.0,1.0,0.0,0.0,False,False,False
IL,2018,192,0,192,0,0,192,0,3165.0,13.0,0.0,0.0,1.0,0.0,0.0,1.0,0.0,0.0,False,False,False
IL,2019,237,0,237,0,0,237,0,3406.0,12.0,0.0,0.0,1.0,0.0,0.0,1.0,0.0,0.0,False,False,False
IL,2020,115,0,115,0,0,115,0,908.0,3.0,0.0,0.0,1.0,0.0,0.0,1.0,0.0,0.0,True,False,False
IL,2021,142,0,142,0,0,142,0,1914.0,10.5,0.0,0.0,1.0,0.0,0.0,1.0,0.0,0.0,True,False,False
IL,2022,177,0,177,0,0,177,0,3301.0,13.0,0.0,0.0,1.0,0.0,0.0,1.0,0.0,0.0,False,False,False
IL,2023,209,0,209,0,0,209,0,3991.0,13.0,0.0,0.0,1.0,0.0,0.0,1.0,0.0,0.0,False,False,False
IL,2024,225,0,225,0,0,225,0,4717.0,16.0,0.0,0.0,1.0,0.0,0.0,1.0,0.0,0.0,False,False,False
IL,2025,225,0,225,0,0,225,0,4345.0,13.0,0.0,0.0,1.0,0.0,0.0,1.0,0.0,0.0,False,False,False
IN,1990,24,0,24,0,0,24,0,711.0,30.0,0.0,0.0,1.0,0.0,0.0,1.0,0.0,0.0,False,False,False
IN,1991,24,0,24,0,0,24,0,706.0,30.0,0.0,0.0,1.0,0.0,0.0,1.0,0.0,0.0,False,False,False
IN,1992,24,0,24,0,0,24,0,694.0,29.5,0.0,0.0,1.0,0.0,0.0,1.0,0.0,0.0,False,False,False
IN,1993,20,0,20,0,0,20,0,571.0,30.0,0.0,0.0,1.0,0.0,0.0,1.0,0.0,0.0,False,False,False
IN,1994,24,0,24,0,0,24,0,723.0,30.0,0.0,0.0,1.0,0.0,0.0,1.0,0.0,0.0,False,False,False
IN,1995,24,0,24,0,0,24,0,720.0,30.0,0.0,0.0,1.0,0.0,0.0,1.0,0.0,0.0,False,False,False
IN,1996,24,0,24,0,0,24,0,691.0,30.0,0.0,0.0,1.0,0.0,0.0,1.0,0.0,0.0,False,False,False
IN,1997,43,0,43,0,0,43,0,992.0,30.0,0.0,0.0,1.0,0.0,0.0,1.0,0.0,0.0,False,False,False
IN,1998,62,0,62,0,0,62,0,1170.0,13.0,0.0,0.0,1.0,0.0,0.0,1.0,0.0,0.0,False,False,False
IN,1999,56,0,56,0,0,56,0,1142.0,14.0,0.0,0.0,1.0,0.0,0.0,1.0,0.0,0.0,False,False,False
IN,2000,48,0,48,0,0,48,0,1044.0,21.5,0.0,0.0,1.0,0.0,0.0,1.0,0.0,0.0,False,False,False
IN,2001,48,0,48,0,0,48,0,980.0,18.0,0.0,0.0,1.0,0.0,0.0,1.0,0.0,0.0,False,False,False
IN,2002,50,0,50,0,0,50,0,1068.0,14.0,0.0,0.0,1.0,0.0,0.0,1.0,0.0,0.0,False,False,False
IN,2003,74,0,74,0,0,74,0,1547.0,18.0,0.0,0.0,1.0,0.0,0.0,1.0,0.0,0.0,False,False,False
IN,2004,110,0,110,0,0,110,0,2286.0,14.0,0.0,0.0,1.0,0.0,0.0,1.0,0.0,0.0,False,False,False
IN,2005,120,0,120,0,0,120,0,2815.0,28.5,0.0,0.0,1.0,0.0,0.0,1.0,0.0,0.0,False,False,False
IN,2006,120,0,120,0,0,120,0,2764.0,26.5,0.0,0.0,1.0,0.0,0.0,1.0,0.0,0.0,False,False,False
IN,2007,146,0,146,0,0,146,0,3226.0,18.0,428.0,0.0,1.0,0.0,0.0,1.0,0.0,0.13267203967761934,False,False,False
IN,2008,218,0,218,0,0,218,0,5330.0,30.0,1802.0,0.0,1.0,0.0,0.0,1.0,0.0,0.3380863039399625,False,False,False
IN,2009,150,0,150,0,0,150,0,4388.0,31.0,1478.0,0.0,1.0,0.0,0.0,1.0,0.0,0.33682771194165906,False,False,False
IN,2010,146,0,146,0,0,146,0,4196.0,30.0,1440.0,0.0,1.0,0.0,0.0,1.0,0.0,0.34318398474737843,False,False,False
IN,2011,122,0,122,0,0,122,0,3628.0,30.0,1444.0,0.0,1.0,0.0,0.0,1.0,0.0,0.3980154355016538,False,False,False
IN,2012,114,0,114,0,0,114,0,3206.0,30.0,1231.0,0.0,1.0,0.0,0.0,1.0,0.0,0.383967560823456,False,False,False
IN,2013,96,0,96,0,0,96,0,2920.0,31.0,730.0,0.0,1.0,0.0,0.0,1.0,0.0,0.25,False,False,False
IN,2014,96,0,96,0,0,96,0,2888.0,30.0,725.0,0.0,1.0,0.0,0.0,1.0,0.0,0.2510387811634349,False,False,False
IN,2015,98,0,98,0,0,98,0,2937.0,30.0,730.0,0.0,1.0,0.0,0.0,1.0,0.0,0.24855294518215867,False,False,False
IN,2016,112,0,112,0,0,112,0,2815.0,30.0,160.0,0.0,1.0,0.0,0.0,1.0,0.0,0.056838365896980464,False,False,False
IN,2017,146,0,146,0,0,146,0,3270.0,27.0,0.0,0.0,1.0,0.0,0.0,1.0,0.0,0.0,False,False,False
IN,2018,164,0,164,0,0,164,0,3653.0,28.5,0.0,0.0,1.0,0.0,0.0,1.0,0.0,0.0,False,False,False
IN,2019,145,0,145,0,0,145,0,3488.0,30.0,0.0,0.0,1.0,0.0,0.0,1.0,0.0,0.0,False,False,False
IN,2020,140,0,140,0,0,140,0,2003.0,13.0,0.0,0.0,1.0,0.0,0.0,1.0,0.0,0.0,True,False,False
IN,2021,202,0,202,0,0,202,0,2317.0,12.0,0.0,0.0,1.0,0.0,0.0,1.0,0.0,0.0,True,False,False
IN,2022,182,0,182,0,0,182,0,3377.0,14.0,0.0,0.0,1.0,0.0,0.0,1.0,0.0,0.0,False,False,False
IN,2023,269,0,269,0,0,269,0,4614.0,13.0,0.0,0.0,1.0,0.0,0.0,1.0,0.0,0.0,False,False,False
IN,2024,310,0,310,0,0,310,0,5200.0,14.0,0.0,0.0,1.0,0.0,0.0,1.0,0.0,0.0,False,False,False
IN,2025,249,0,249,0,0,249,0,4466.0,17.0,0.0,0.0,1.0,0.0,0.0,1.0,0.0,0.0,False,False,False
IR,2013,16,0,16,0,0,16,0,519.0,19.0,519.0,0.0,1.0,0.0,0.0,1.0,0.0,1.0,False,True,False
IR,2014,327,0,327,0,0,327,0,13647.0,31.0,13647.0,0.0,1.0,0.0,0.0,1.0,0.0,1.0,False,True,False
IR,2015,594,0,594,0,0,594,0,20864.0,30.0,20864.0,0.0,1.0,0.0,0.0,1.0,0.0,1.0,False,True,False
IR,2016,889,0,889,0,0,889,0,21607.0,22.0,21607.0,0.0,1.0,0.0,0.0,1.0,0.0,1.0,False,True,False
IR,2017,867,0,867,0,0,867,0,20838.0,21.0,20838.0,0.0,1.0,0.0,0.0,1.0,0.0,1.0,False,True,False
IR,2018,844,0,844,0,0,844,0,20788.0,21.0,20788.0,0.0,1.0,0.0,0.0,1.0,0.0,1.0,False,True,False
IR,2019,935,0,935,0,0,935,0,21978.0,17.0,21978.0,0.0,1.0,0.0,0.0,1.0,0.0,1.0,False,True,False
IR,2020,387,0,387,0,0,387,0,7146.0,12.0,7146.0,0.0,1.0,0.0,0.0,1.0,0.0,1.0,True,True,False
IR,2021,142,0,142,0,0,142,0,1986.0,10.0,1986.0,0.0,1.0,0.0,0.0,1.0,0.0,1.0,True,True,False
IR,2022,791,0,791,0,0,791,0,12671.0,8.0,12671.0,0.0,1.0,0.0,0.0,1.0,0.0,1.0,False,True,False
IR,2023,1011,0,1011,0,0,1011,0,16222.0,9.0,16222.0,0.0,1.0,0.0,0.0,1.0,0.0,1.0,False,True,False
IR,2024,1084,0,1084,0,0,1084,0,18420.0,9.0,18420.0,0.0,1.0,0.0,0.0,1.0,0.0,1.0,False,True,False
IR,2025,970,0,970,0,0,970,0,16990.0,10.0,16990.0,0.0,1.0,0.0,0.0,1.0,0.0,1.0,False,True,False
IS,1990,64,0,64,0,0,64,0,1012.0,13.5,0.0,0.0,1.0,0.0,0.0,1.0,0.0,0.0,False,False,False
IS,1991,69,0,69,0,0,69,0,1119.0,13.0,0.0,0.0,1.0,0.0,0.0,1.0,0.0,0.0,False,False,False
IS,1992,67,0,67,0,0,67,0,1228.0,17.0,0.0,0.0,1.0,0.0,0.0,1.0,0.0,0.0,False,False,False
IS,1993,84,0,84,0,0,84,0,1417.0,15.0,0.0,0.0,1.0,0.0,0.0,1.0,0.0,0.0,False,False,False
IS,1994,94,0,94,0,0,94,0,1574.0,16.0,0.0,0.0,1.0,0.0,0.0,1.0,0.0,0.0,False,False,False
IS,1995,93,0,93,0,0,93,0,1613.0,16.0,0.0,0.0,1.0,0.0,0.0,1.0,0.0,0.0,False,False,False
IS,1996,108,0,108,0,0,108,0,2020.0,18.0,0.0,0.0,1.0,0.0,0.0,1.0,0.0,0.0,False,False,False
IS,1997,121,0,121,0,0,121,0,2330.0,21.0,0.0,0.0,1.0,0.0,0.0,1.0,0.0,0.0,False,False,False
IS,1998,126,0,126,0,0,126,0,2873.0,25.0,0.0,0.0,1.0,0.0,0.0,1.0,0.0,0.0,False,False,False
IS,1999,116,0,116,0,0,116,0,2902.0,29.5,0.0,0.0,1.0,0.0,0.0,1.0,0.0,0.0,False,False,False
IS,2000,114,0,114,0,0,114,0,2981.0,30.0,0.0,0.0,1.0,0.0,0.0,1.0,0.0,0.0,False,False,False
IS,2001,122,0,122,0,0,122,0,2778.0,26.0,0.0,0.0,1.0,0.0,0.0,1.0,0.0,0.0,False,False,False
IS,2002,129,0,129,0,0,129,0,2278.0,20.0,0.0,0.0,1.0,0.0,0.0,1.0,0.0,0.0,False,False,False
IS,2003,121,0,121,0,0,121,0,2134.0,20.0,0.0,0.0,1.0,0.0,0.0,1.0,0.0,0.0,False,False,False
IS,2004,142,0,142,0,0,142,0,2512.0,19.0,0.0,0.0,1.0,0.0,0.0,1.0,0.0,0.0,False,False,False
IS,2005,163,0,163,0,0,163,0,2809.0,17.0,0.0,0.0,1.0,0.0,0.0,1.0,0.0,0.0,False,False,False
IS,2006,153,0,153,0,0,153,0,2828.0,19.0,0.0,0.0,1.0,0.0,0.0,1.0,0.0,0.0,False,False,False
IS,2007,129,0,129,0,0,129,0,2843.0,22.0,0.0,0.0,1.0,0.0,0.0,1.0,0.0,0.0,False,False,False
IS,2008,102,0,102,0,0,102,0,2144.0,20.0,0.0,0.0,1.0,0.0,0.0,1.0,0.0,0.0,False,False,False
IS,2009,87,0,87,0,0,87,0,1951.0,25.0,0.0,0.0,1.0,0.0,0.0,1.0,0.0,0.0,False,False,False
IS,2010,136,0,136,0,0,136,0,2112.0,16.5,0.0,0.0,1.0,0.0,0.0,1.0,0.0,0.0,False,False,False
IS,2011,137,0,137,0,0,137,0,3101.0,21.0,0.0,0.0,1.0,0.0,0.0,1.0,0.0,0.0,False,False,False
IS,2012,159,0,159,0,0,159,0,3671.0,21.0,0.0,0.0,1.0,0.0,0.0,1.0,0.0,0.0,False,False,False
IS,2013,200,0,200,0,0,200,0,4442.0,19.0,0.0,0.0,1.0,0.0,0.0,1.0,0.0,0.0,False,False,False
IS,2014,214,0,214,0,0,214,0,4850.0,21.0,0.0,0.0,1.0,0.0,0.0,1.0,0.0,0.0,False,False,False
IS,2015,218,0,218,0,0,218,0,5533.0,24.5,0.0,0.0,1.0,0.0,0.0,1.0,0.0,0.0,False,False,False
IS,2016,323,0,323,0,0,323,0,6639.0,18.0,0.0,0.0,1.0,0.0,0.0,1.0,0.0,0.0,False,False,False
IS,2017,391,0,391,0,0,391,0,7467.0,18.0,0.0,0.0,1.0,0.0,0.0,1.0,0.0,0.0,False,False,False
IS,2018,515,0,515,0,0,515,0,8808.0,17.0,0.0,0.0,1.0,0.0,0.0,1.0,0.0,0.0,False,False,False
IS,2019,471,0,471,0,0,471,0,7981.0,16.0,0.0,0.0,1.0,0.0,0.0,1.0,0.0,0.0,False,False,False
IS,2020,126,0,126,0,0,126,0,1237.0,7.0,0.0,0.0,1.0,0.0,0.0,1.0,0.0,0.0,True,False,False
IS,2021,328,0,328,0,0,328,0,3162.0,6.0,0.0,0.0,1.0,0.0,0.0,1.0,0.0,0.0,True,False,False
IS,2022,589,0,589,0,0,589,0,7276.0,10.0,0.0,0.0,1.0,0.0,0.0,1.0,0.0,0.0,False,False,False
IS,2023,549,0,549,0,0,549,0,8882.0,15.0,0.0,0.0,1.0,0.0,0.0,1.0,0.0,0.0,False,False,False
IS,2024,632,0,632,0,0,632,0,10137.0,14.0,0.0,0.0,1.0,0.0,0.0,1.0,0.0,0.0,False,False,False
IS,2025,676,0,676,0,0,676,0,10958.0,15.0,0.0,0.0,1.0,0.0,0.0,1.0,0.0,0.0,False,False,False
IT,1990,217,0,217,0,0,217,0,2805.0,9.0,0.0,0.0,1.0,0.0,0.0,1.0,0.0,0.0,False,False,False
IT,1991,308,0,308,0,0,308,0,3012.0,6.5,0.0,0.0,1.0,0.0,0.0,1.0,0.0,0.0,False,False,False
IT,1992,297,0,297,0,0,297,0,3599.0,8.0,0.0,0.0,1.0,0.0,0.0,1.0,0.0,0.0,False,False,False
IT,1993,330,0,330,0,0,330,0,4146.0,9.0,0.0,0.0,1.0,0.0,0.0,1.0,0.0,0.0,False,False,False
IT,1994,310,0,310,0,0,310,0,4291.0,11.0,0.0,0.0,1.0,0.0,0.0,1.0,0.0,0.0,False,False,False
IT,1995,281,0,281,0,0,281,0,4778.0,18.0,0.0,0.0,1.0,0.0,0.0,1.0,0.0,0.0,False,False,False
IT,1996,250,0,250,0,0,250,0,5123.0,29.0,0.0,0.0,1.0,0.0,0.0,1.0,0.0,0.0,False,False,False
IT,1997,217,0,217,0,0,217,0,4330.0,22.0,0.0,0.0,1.0,0.0,0.0,1.0,0.0,0.0,False,False,False
IT,1998,226,0,226,0,0,226,0,3902.0,19.0,0.0,0.0,1.0,0.0,0.0,1.0,0.0,0.0,False,False,False
IT,1999,265,0,265,0,0,265,0,5268.0,27.0,0.0,0.0,1.0,0.0,0.0,1.0,0.0,0.0,False,False,False
IT,2000,241,0,241,0,0,241,0,5727.0,30.0,0.0,0.0,1.0,0.0,0.0,1.0,0.0,0.0,False,False,False
IT,2001,253,0,253,0,0,253,0,6275.0,30.0,0.0,0.0,1.0,0.0,0.0,1.0,0.0,0.0,False,False,False
IT,2002,185,0,185,0,0,185,0,5015.0,30.0,0.0,0.0,1.0,0.0,0.0,1.0,0.0,0.0,False,False,False
IT,2003,221,0,221,0,0,221,0,4915.0,28.0,0.0,0.0,1.0,0.0,0.0,1.0,0.0,0.0,False,False,False
IT,2004,231,0,231,0,0,231,0,5932.0,30.0,0.0,0.0,1.0,0.0,0.0,1.0,0.0,0.0,False,False,False
IT,2005,247,0,247,0,0,247,0,5797.0,28.0,0.0,0.0,1.0,0.0,0.0,1.0,0.0,0.0,False,False,False
IT,2006,239,0,239,0,0,239,0,5357.0,26.0,0.0,0.0,1.0,0.0,0.0,1.0,0.0,0.0,False,False,False
IT,2007,223,0,223,0,0,223,0,5262.0,28.0,0.0,0.0,1.0,0.0,0.0,1.0,0.0,0.0,False,False,False
IT,2008,216,0,216,0,0,216,0,4909.0,26.0,0.0,0.0,1.0,0.0,0.0,1.0,0.0,0.0,False,False,False
IT,2009,245,0,245,0,0,245,0,4267.0,20.0,0.0,0.0,1.0,0.0,0.0,1.0,0.0,0.0,False,False,False
IT,2010,282,0,282,0,0,282,0,4599.0,17.0,0.0,0.0,1.0,0.0,0.0,1.0,0.0,0.0,False,False,False
IT,2011,352,0,352,0,0,352,0,4873.0,13.0,0.0,0.0,1.0,0.0,0.0,1.0,0.0,0.0,False,False,False
IT,2012,271,0,271,0,0,271,0,4373.0,14.0,0.0,0.0,1.0,0.0,0.0,1.0,0.0,0.0,False,False,False
IT,2013,190,0,190,0,0,190,0,4272.0,22.0,0.0,0.0,1.0,0.0,0.0,1.0,0.0,0.0,False,False,False
IT,2014,201,0,201,0,0,201,0,4877.0,27.0,444.0,0.0,1.0,0.0,0.0,1.0,0.0,0.09103957350830429,False,False,False
IT,2015,208,0,208,0,0,208,0,5525.0,30.0,724.0,0.0,1.0,0.0,0.0,1.0,0.0,0.13104072398190045,False,False,False
IT,2016,208,0,208,0,0,208,0,5369.0,27.0,381.0,0.0,1.0,0.0,0.0,1.0,0.0,0.07096293536971503,False,False,False
IT,2017,185,0,185,0,0,185,0,4999.0,30.0,0.0,0.0,1.0,0.0,0.0,1.0,0.0,0.0,False,False,False
IT,2018,198,0,198,0,0,198,0,5213.0,29.5,0.0,0.0,1.0,0.0,0.0,1.0,0.0,0.0,False,False,False
IT,2019,270,0,270,0,0,270,0,6622.0,26.0,0.0,0.0,1.0,0.0,0.0,1.0,0.0,0.0,False,False,False
IT,2020,86,0,86,0,0,86,0,1207.0,12.0,0.0,0.0,1.0,0.0,0.0,1.0,0.0,0.0,True,False,False
IT,2021,38,0,38,0,0,38,0,735.0,13.0,0.0,0.0,1.0,0.0,0.0,1.0,0.0,0.0,True,False,False
IT,2022,140,0,140,0,0,140,0,3326.0,22.0,0.0,0.0,1.0,0.0,0.0,1.0,0.0,0.0,False,False,False
IT,2023,263,0,263,0,0,263,0,4905.0,17.0,0.0,0.0,1.0,0.0,0.0,1.0,0.0,0.0,False,False,False
IT,2024,310,0,310,0,0,310,0,5137.0,13.0,0.0,0.0,1.0,0.0,0.0,1.0,0.0,0.0,False,False,False
IT,2025,273,0,273,0,0,273,0,4689.0,14.0,0.0,0.0,1.0,0.0,0.0,1.0,0.0,0.0,False,False,False
JM,1990,296,0,296,0,0,296,0,6659.0,17.0,0.0,0.0,1.0,0.0,0.0,1.0,0.0,0.0,False,False,False
JM,1991,287,0,287,0,0,287,0,6078.0,20.0,0.0,0.0,1.0,0.0,0.0,1.0,0.0,0.0,False,False,False
JM,1992,344,0,344,0,0,344,0,6684.0,15.0,0.0,0.0,1.0,0.0,0.0,1.0,0.0,0.0,False,False,False
JM,1993,321,0,321,0,0,321,0,7346.0,19.0,0.0,0.0,1.0,0.0,0.0,1.0,0.0,0.0,False,False,False
JM,1994,282,0,282,0,0,282,0,7427.0,26.0,0.0,0.0,1.0,0.0,0.0,1.0,0.0,0.0,False,False,False
JM,1995,288,0,288,0,0,288,0,7884.0,27.5,0.0,0.0,1.0,0.0,0.0,1.0,0.0,0.0,False,False,False
JM,1996,454,0,454,0,0,454,0,8927.0,18.0,0.0,0.0,1.0,0.0,0.0,1.0,0.0,0.0,False,False,False
JM,1997,527,0,527,0,0,527,0,10426.0,19.0,0.0,0.0,1.0,0.0,0.0,1.0,0.0,0.0,False,False,False
JM,1998,575,0,575,0,0,575,0,10950.0,18.0,0.0,0.0,1.0,0.0,0.0,1.0,0.0,0.0,False,False,False
JM,1999,568,0,568,0,0,568,0,11989.0,22.0,0.0,0.0,1.0,0.0,0.0,1.0,0.0,0.0,False,False,False
JM,2000,595,0,595,0,0,595,0,12906.0,22.0,0.0,0.0,1.0,0.0,0.0,1.0,0.0,0.0,False,False,False
JM,2001,644,0,644,0,0,644,0,13754.0,22.0,0.0,0.0,1.0,0.0,0.0,1.0,0.0,0.0,False,False,False
JM,2002,738,0,738,0,0,738,0,13888.0,19.0,0.0,0.0,1.0,0.0,0.0,1.0,0.0,0.0,False,False,False
JM,2003,709,0,709,0,0,709,0,13668.0,18.0,0.0,0.0,1.0,0.0,0.0,1.0,0.0,0.0,False,False,False
JM,2004,724,0,724,0,0,724,0,13865.0,17.0,0.0,0.0,1.0,0.0,0.0,1.0,0.0,0.0,False,False,False
JM,2005,654,0,654,0,0,654,0,9643.0,12.0,0.0,0.0,1.0,0.0,0.0,1.0,0.0,0.0,False,False,False
JM,2006,667,0,667,0,0,667,0,10997.0,14.0,0.0,0.0,1.0,0.0,0.0,1.0,0.0,0.0,False,False,False
JM,2007,559,0,559,0,0,559,0,9508.0,15.0,0.0,0.0,1.0,0.0,0.0,1.0,0.0,0.0,False,False,False
JM,2008,559,0,559,0,0,559,0,9681.0,16.0,0.0,0.0,1.0,0.0,0.0,1.0,0.0,0.0,False,False,False
JM,2009,392,0,392,0,0,392,0,7592.0,16.0,0.0,0.0,1.0,0.0,0.0,1.0,0.0,0.0,False,False,False
JM,2010,283,0,283,0,0,283,0,5862.0,16.0,0.0,0.0,1.0,0.0,0.0,1.0,0.0,0.0,False,False,False
JM,2011,131,0,131,0,0,131,0,2358.0,14.0,0.0,0.0,1.0,0.0,0.0,1.0,0.0,0.0,False,False,False
JO,1990,440,0,440,0,0,440,0,776.0,1.0,283.0,0.0,1.0,0.0,0.0,1.0,0.0,0.3646907216494845,False,False,False
JO,1991,433,0,433,0,0,433,0,1122.0,1.0,725.0,0.0,1.0,0.0,0.0,1.0,0.0,0.6461675579322638,False,False,False
JO,1992,485,0,485,0,0,485,0,485.0,1.0,0.0,0.0,1.0,0.0,0.0,1.0,0.0,0.0,False,False,False
JO,1993,584,0,584,0,0,584,0,584.0,1.0,0.0,0.0,1.0,0.0,0.0,1.0,0.0,0.0,False,False,False
JO,1994,719,0,719,0,0,719,0,719.0,1.0,0.0,0.0,1.0,0.0,0.0,1.0,0.0,0.0,False,False,False
JO,1995,590,0,590,0,0,590,0,758.0,1.0,0.0,0.0,1.0,0.0,0.0,1.0,0.0,0.0,False,False,False
JO,1996,67,0,67,0,0,67,0,788.0,9.0,0.0,0.0,1.0,0.0,0.0,1.0,0.0,0.0,False,False,False
JO,1997,68,0,68,0,0,68,0,798.0,9.0,0.0,0.0,1.0,0.0,0.0,1.0,0.0,0.0,False,False,False
JO,1998,64,0,64,0,0,64,0,813.0,9.0,0.0,0.0,1.0,0.0,0.0,1.0,0.0,0.0,False,False,False
JO,1999,61,0,61,0,0,61,0,827.0,11.0,0.0,0.0,1.0,0.0,0.0,1.0,0.0,0.0,False,False,False
JO,2000,60,0,60,0,0,60,0,840.0,12.0,0.0,0.0,1.0,0.0,0.0,1.0,0.0,0.0,False,False,False
JO,2001,58,0,58,0,0,58,0,777.0,13.0,0.0,0.0,1.0,0.0,0.0,1.0,0.0,0.0,False,False,False
JO,2002,67,0,67,0,0,67,0,800.0,13.0,0.0,0.0,1.0,0.0,0.0,1.0,0.0,0.0,False,False,False
JO,2003,73,0,73,0,0,73,0,848.0,11.0,0.0,0.0,1.0,0.0,0.0,1.0,0.0,0.0,False,False,False
JO,2004,72,0,72,0,0,72,0,1019.0,14.5,0.0,0.0,1.0,0.0,0.0,1.0,0.0,0.0,False,False,False
JO,2005,72,0,72,0,0,72,0,1010.0,14.0,0.0,0.0,1.0,0.0,0.0,1.0,0.0,0.0,False,False,False
JO,2006,72,0,72,0,0,72,0,1063.0,13.5,0.0,0.0,1.0,0.0,0.0,1.0,0.0,0.0,False,False,False
JO,2007,72,0,72,0,0,72,0,1244.0,18.0,0.0,0.0,1.0,0.0,0.0,1.0,0.0,0.0,False,False,False
JO,2008,72,0,72,0,0,72,0,1285.0,18.0,0.0,0.0,1.0,0.0,0.0,1.0,0.0,0.0,False,False,False
JO,2009,72,0,72,0,0,72,0,1149.0,15.0,0.0,0.0,1.0,0.0,0.0,1.0,0.0,0.0,False,False,False
JO,2010,72,0,72,0,0,72,0,1161.0,15.0,0.0,0.0,1.0,0.0,0.0,1.0,0.0,0.0,False,False,False
JO,2011,72,0,72,0,0,72,0,1230.0,17.0,0.0,0.0,1.0,0.0,0.0,1.0,0.0,0.0,False,False,False
JO,2012,72,0,72,0,0,72,0,1188.0,16.0,0.0,0.0,1.0,0.0,0.0,1.0,0.0,0.0,False,False,False
JO,2013,115,0,115,0,0,115,0,1163.0,8.0,0.0,0.0,1.0,0.0,0.0,1.0,0.0,0.0,False,False,False
JO,2014,105,0,105,0,0,105,0,1194.0,9.0,0.0,0.0,1.0,0.0,0.0,1.0,0.0,0.0,False,False,False
JO,2015,76,0,76,0,0,76,0,1184.0,15.5,0.0,0.0,1.0,0.0,0.0,1.0,0.0,0.0,False,False,False
JO,2016,78,0,78,0,0,78,0,1205.0,15.5,0.0,0.0,1.0,0.0,0.0,1.0,0.0,0.0,False,False,False
JO,2017,80,0,80,0,0,80,0,1311.0,16.0,0.0,0.0,1.0,0.0,0.0,1.0,0.0,0.0,False,False,False
JO,2018,80,0,80,0,0,80,0,1317.0,16.0,0.0,0.0,1.0,0.0,0.0,1.0,0.0,0.0,False,False,False
JO,2019,80,0,80,0,0,80,0,1381.0,15.5,0.0,0.0,1.0,0.0,0.0,1.0,0.0,0.0,False,False,False
JO,2020,56,0,56,0,0,56,0,380.0,4.0,0.0,0.0,1.0,0.0,0.0,1.0,0.0,0.0,True,False,False
JO,2021,86,0,86,0,0,86,0,1008.0,9.0,0.0,0.0,1.0,0.0,0.0,1.0,0.0,0.0,True,False,False
JO,2022,76,0,76,0,0,76,0,1449.0,17.0,0.0,0.0,1.0,0.0,0.0,1.0,0.0,0.0,False,False,False
JO,2023,72,0,72,0,0,72,0,1593.0,19.0,0.0,0.0,1.0,0.0,0.0,1.0,0.0,0.0,False,False,False
JO,2024,72,0,72,0,0,72,0,1564.0,18.0,0.0,0.0,1.0,0.0,0.0,1.0,0.0,0.0,False,False,False
JO,2025,84,0,84,0,0,84,0,1618.0,17.0,0.0,0.0,1.0,0.0,0.0,1.0,0.0,0.0,False,False,False
JP,1990,614,0,614,0,0,614,0,14198.0,18.0,0.0,0.0,1.0,0.0,0.0,1.0,0.0,0.0,False,False,False
JP,1991,605,0,605,0,0,605,0,13636.0,17.0,0.0,0.0,1.0,0.0,0.0,1.0,0.0,0.0,False,False,False
JP,1992,636,0,636,0,0,636,0,13233.0,13.0,0.0,0.0,1.0,0.0,0.0,1.0,0.0,0.0,False,False,False
JP,1993,628,0,628,0,0,628,0,12425.0,13.0,0.0,0.0,1.0,0.0,0.0,1.0,0.0,0.0,False,False,False
JP,1994,712,0,712,0,0,712,0,13778.0,17.0,0.0,0.0,1.0,0.0,0.0,1.0,0.0,0.0,False,False,False
JP,1995,829,0,829,0,0,829,0,16173.0,16.0,0.0,0.0,1.0,0.0,0.0,1.0,0.0,0.0,False,False,False
JP,1996,797,0,797,0,0,797,0,16883.0,20.0,0.0,0.0,1.0,0.0,0.0,1.0,0.0,0.0,False,False,False
JP,1997,838,0,838,0,0,838,0,18508.0,24.0,0.0,0.0,1.0,0.0,0.0,1.0,0.0,0.0,False,False,False
JP,1998,907,0,907,0,0,907,0,20778.0,26.0,0.0,0.0,1.0,0.0,0.0,1.0,0.0,0.0,False,False,False
JP,1999,1083,0,1083,0,0,1083,0,23137.0,24.0,0.0,0.0,1.0,0.0,0.0,1.0,0.0,0.0,False,False,False
JP,2000,1125,0,1125,0,0,1125,0,24877.0,25.0,0.0,0.0,1.0,0.0,0.0,1.0,0.0,0.0,False,False,False
JP,2001,1061,0,1061,0,0,1061,0,23002.0,26.0,0.0,0.0,1.0,0.0,0.0,1.0,0.0,0.0,False,False,False
JP,2002,843,0,843,0,0,843,0,21768.0,30.0,0.0,0.0,1.0,0.0,0.0,1.0,0.0,0.0,False,False,False
JP,2003,720,0,720,0,0,720,0,19195.0,30.0,0.0,0.0,1.0,0.0,0.0,1.0,0.0,0.0,False,False,False
JP,2004,792,0,792,0,0,792,0,19575.0,30.0,0.0,0.0,1.0,0.0,0.0,1.0,0.0,0.0,False,False,False
JP,2005,755,0,755,0,0,755,0,19007.0,30.0,0.0,0.0,1.0,0.0,0.0,1.0,0.0,0.0,False,False,False
JP,2006,559,0,559,0,0,559,0,16205.0,30.0,0.0,0.0,1.0,0.0,0.0,1.0,0.0,0.0,False,False,False
JP,2007,575,0,575,0,0,575,0,15683.0,30.0,0.0,0.0,1.0,0.0,0.0,1.0,0.0,0.0,False,False,False
JP,2008,597,0,597,0,0,597,0,15762.0,30.0,0.0,0.0,1.0,0.0,0.0,1.0,0.0,0.0,False,False,False
JP,2009,540,0,540,0,0,540,0,14553.0,30.0,0.0,0.0,1.0,0.0,0.0,1.0,0.0,0.0,False,False,False
JP,2010,469,0,469,0,0,469,0,13666.0,30.0,0.0,0.0,1.0,0.0,0.0,1.0,0.0,0.0,False,False,False
JP,2011,477,0,477,0,0,477,0,13879.0,30.0,0.0,0.0,1.0,0.0,0.0,1.0,0.0,0.0,False,False,False
JP,2012,472,0,472,0,0,472,0,14869.0,31.0,0.0,0.0,1.0,0.0,0.0,1.0,0.0,0.0,False,False,False
JP,2013,547,0,547,0,0,547,0,16923.0,31.0,0.0,0.0,1.0,0.0,0.0,1.0,0.0,0.0,False,False,False
JP,2014,570,0,570,0,0,570,0,18764.0,31.0,0.0,0.0,1.0,0.0,0.0,1.0,0.0,0.0,False,False,False
JP,2015,631,0,631,0,0,631,0,20449.0,31.0,0.0,0.0,1.0,0.0,0.0,1.0,0.0,0.0,False,False,False
JP,2016,698,0,698,0,0,698,0,21896.0,31.0,0.0,0.0,1.0,0.0,0.0,1.0,0.0,0.0,False,False,False
JP,2017,726,0,726,0,0,726,0,22739.0,31.0,0.0,0.0,1.0,0.0,0.0,1.0,0.0,0.0,False,False,False
JP,2018,753,0,753,0,0,753,0,24217.0,31.0,0.0,0.0,1.0,0.0,0.0,1.0,0.0,0.0,False,False,False
JP,2019,779,0,779,0,0,779,0,24269.0,30.0,0.0,0.0,1.0,0.0,0.0,1.0,0.0,0.0,False,False,False
JP,2020,498,0,498,0,0,498,0,10871.0,21.0,0.0,0.0,1.0,0.0,0.0,1.0,0.0,0.0,True,False,False
JP,2021,612,0,612,0,0,612,0,13453.0,14.0,0.0,0.0,1.0,0.0,0.0,1.0,0.0,0.0,True,False,False
JP,2022,852,0,852,0,0,852,0,17160.0,16.0,0.0,0.0,1.0,0.0,0.0,1.0,0.0,0.0,False,False,False
JP,2023,874,0,874,0,0,874,0,21140.0,29.0,0.0,0.0,1.0,0.0,0.0,1.0,0.0,0.0,False,False,False
JP,2024,793,0,793,0,0,793,0,22943.0,30.0,0.0,0.0,1.0,0.0,0.0,1.0,0.0,0.0,False,False,False
JP,2025,820,0,820,0,0,820,0,23933.0,30.0,0.0,0.0,1.0,0.0,0.0,1.0,0.0,0.0,False,False,False
KE,2018,6,0,6,0,0,6,0,108.0,22.0,0.0,0.0,1.0,0.0,0.0,1.0,0.0,0.0,False,False,False
KE,2019,24,0,24,0,0,24,0,584.0,23.5,0.0,0.0,1.0,0.0,0.0,1.0,0.0,0.0,False,False,False
KE,2020,10,0,10,0,0,10,0,152.0,20.0,0.0,0.0,1.0,0.0,0.0,1.0,0.0,0.0,True,False,False
KE,2021,24,0,24,0,0,24,0,214.0,8.5,0.0,0.0,1.0,0.0,0.0,1.0,0.0,0.0,True,False,False
KE,2022,24,0,24,0,0,24,0,376.0,14.0,0.0,0.0,1.0,0.0,0.0,1.0,0.0,0.0,False,False,False
KE,2023,24,0,24,0,0,24,0,520.0,20.5,0.0,0.0,1.0,0.0,0.0,1.0,0.0,0.0,False,False,False
KE,2024,24,0,24,0,0,24,0,788.0,31.0,0.0,0.0,1.0,0.0,0.0,1.0,0.0,0.0,False,False,False
KE,2025,24,0,24,0,0,24,0,590.0,25.0,0.0,0.0,1.0,0.0,0.0,1.0,0.0,0.0,False,False,False
KR,1990,236,0,236,0,0,236,0,3980.0,14.0,0.0,0.0,1.0,0.0,0.0,1.0,0.0,0.0,False,False,False
KR,1991,241,0,241,0,0,241,0,3545.0,13.0,0.0,0.0,1.0,0.0,0.0,1.0,0.0,0.0,False,False,False
KR,1992,309,0,309,0,0,309,0,4399.0,11.0,0.0,0.0,1.0,0.0,0.0,1.0,0.0,0.0,False,False,False
KR,1993,331,0,331,0,0,331,0,5632.0,13.0,0.0,0.0,1.0,0.0,0.0,1.0,0.0,0.0,False,False,False
KR,1994,374,0,374,0,0,374,0,5884.0,13.0,0.0,0.0,1.0,0.0,0.0,1.0,0.0,0.0,False,False,False
KR,1995,369,0,369,0,0,369,0,6636.0,13.0,0.0,0.0,1.0,0.0,0.0,1.0,0.0,0.0,False,False,False
KR,1996,369,0,369,0,0,369,0,7450.0,15.0,0.0,0.0,1.0,0.0,0.0,1.0,0.0,0.0,False,False,False
KR,1997,349,0,349,0,0,349,0,7945.0,17.0,0.0,0.0,1.0,0.0,0.0,1.0,0.0,0.0,False,False,False
KR,1998,265,0,265,0,0,265,0,6099.0,17.0,0.0,0.0,1.0,0.0,0.0,1.0,0.0,0.0,False,False,False
KR,1999,241,0,241,0,0,241,0,6496.0,24.0,0.0,0.0,1.0,0.0,0.0,1.0,0.0,0.0,False,False,False
KR,2000,283,0,283,0,0,283,0,6895.0,20.0,0.0,0.0,1.0,0.0,0.0,1.0,0.0,0.0,False,False,False
KR,2001,269,0,269,0,0,269,0,6114.0,19.0,0.0,0.0,1.0,0.0,0.0,1.0,0.0,0.0,False,False,False
KR,2002,319,0,319,0,0,319,0,7159.0,21.0,0.0,0.0,1.0,0.0,0.0,1.0,0.0,0.0,False,False,False
KR,2003,304,0,304,0,0,304,0,6889.0,20.0,0.0,0.0,1.0,0.0,0.0,1.0,0.0,0.0,False,False,False
KR,2004,315,0,315,0,0,315,0,7121.0,19.0,0.0,0.0,1.0,0.0,0.0,1.0,0.0,0.0,False,False,False
KR,2005,344,0,344,0,0,344,0,7894.0,18.0,0.0,0.0,1.0,0.0,0.0,1.0,0.0,0.0,False,False,False
KR,2006,362,0,362,0,0,362,0,8537.0,18.0,0.0,0.0,1.0,0.0,0.0,1.0,0.0,0.0,False,False,False
KR,2007,338,0,338,0,0,338,0,8981.0,27.0,0.0,0.0,1.0,0.0,0.0,1.0,0.0,0.0,False,False,False
KR,2008,339,0,339,0,0,339,0,9175.0,26.0,0.0,0.0,1.0,0.0,0.0,1.0,0.0,0.0,False,False,False
KR,2009,389,0,389,0,0,389,0,9911.0,28.0,0.0,0.0,1.0,0.0,0.0,1.0,0.0,0.0,False,False,False
KR,2010,486,0,486,0,0,486,0,10667.0,24.0,0.0,0.0,1.0,0.0,0.0,1.0,0.0,0.0,False,False,False
KR,2011,589,0,589,0,0,589,0,12007.0,22.0,0.0,0.0,1.0,0.0,0.0,1.0,0.0,0.0,False,False,False
KR,2012,702,0,702,0,0,702,0,12429.0,17.0,0.0,0.0,1.0,0.0,0.0,1.0,0.0,0.0,False,False,False
KR,2013,677,0,677,0,0,677,0,13062.0,21.0,0.0,0.0,1.0,0.0,0.0,1.0,0.0,0.0,False,False,False
KR,2014,659,0,659,0,0,659,0,13768.0,19.0,0.0,0.0,1.0,0.0,0.0,1.0,0.0,0.0,False,False,False
KR,2015,666,0,666,0,0,666,0,14002.0,18.0,0.0,0.0,1.0,0.0,0.0,1.0,0.0,0.0,False,False,False
KR,2016,674,0,674,0,0,674,0,16102.0,21.0,0.0,0.0,1.0,0.0,0.0,1.0,0.0,0.0,False,False,False
KR,2017,605,0,605,0,0,605,0,16559.0,27.0,0.0,0.0,1.0,0.0,0.0,1.0,0.0,0.0,False,False,False
KR,2018,550,0,550,0,0,550,0,16515.0,30.0,0.0,0.0,1.0,0.0,0.0,1.0,0.0,0.0,False,False,False
KR,2019,478,0,478,0,0,478,0,13749.0,30.0,0.0,0.0,1.0,0.0,0.0,1.0,0.0,0.0,False,False,False
KR,2020,297,0,297,0,0,297,0,5950.0,19.0,0.0,0.0,1.0,0.0,0.0,1.0,0.0,0.0,True,False,False
KR,2021,269,0,269,0,0,269,0,5288.0,17.0,0.0,0.0,1.0,0.0,0.0,1.0,0.0,0.0,True,False,False
KR,2022,420,0,420,0,0,420,0,7789.0,17.0,0.0,0.0,1.0,0.0,0.0,1.0,0.0,0.0,False,False,False
KR,2023,441,0,441,0,0,441,0,12205.0,30.0,0.0,0.0,1.0,0.0,0.0,1.0,0.0,0.0,False,False,False
KR,2024,394,0,394,0,0,394,0,12365.0,30.0,0.0,0.0,1.0,0.0,0.0,1.0,0.0,0.0,False,False,False
KR,2025,469,0,469,0,0,469,0,11996.0,30.0,0.0,0.0,1.0,0.0,0.0,1.0,0.0,0.0,False,False,False
KW,1990,195,0,195,0,0,195,0,214.0,1.0,0.0,0.0,1.0,0.0,0.0,1.0,0.0,0.0,False,False,False
KW,1991,188,0,188,0,0,188,0,315.0,1.0,0.0,0.0,1.0,0.0,0.0,1.0,0.0,0.0,False,False,False
KW,1992,40,0,40,0,0,40,0,310.0,6.5,0.0,0.0,1.0,0.0,0.0,1.0,0.0,0.0,False,False,False
KW,1993,36,0,36,0,0,36,0,310.0,7.0,0.0,0.0,1.0,0.0,0.0,1.0,0.0,0.0,False,False,False
KW,1994,44,0,44,0,0,44,0,366.0,8.5,0.0,0.0,1.0,0.0,0.0,1.0,0.0,0.0,False,False,False
KW,1995,104,0,104,0,0,104,0,410.0,4.0,0.0,0.0,1.0,0.0,0.0,1.0,0.0,0.0,False,False,False
KW,1996,94,0,94,0,0,94,0,409.0,2.0,0.0,0.0,1.0,0.0,0.0,1.0,0.0,0.0,False,False,False
KW,1997,96,0,96,0,0,96,0,602.0,5.0,0.0,0.0,1.0,0.0,0.0,1.0,0.0,0.0,False,False,False
KW,1998,106,0,106,0,0,106,0,620.0,4.0,0.0,0.0,1.0,0.0,0.0,1.0,0.0,0.0,False,False,False
KW,1999,87,0,87,0,0,87,0,626.0,8.0,0.0,0.0,1.0,0.0,0.0,1.0,0.0,0.0,False,False,False
KW,2000,83,0,83,0,0,83,0,630.0,8.0,0.0,0.0,1.0,0.0,0.0,1.0,0.0,0.0,False,False,False
KW,2001,79,0,79,0,0,79,0,589.0,8.0,0.0,0.0,1.0,0.0,0.0,1.0,0.0,0.0,False,False,False
KW,2002,76,0,76,0,0,76,0,628.0,9.0,0.0,0.0,1.0,0.0,0.0,1.0,0.0,0.0,False,False,False
KW,2003,74,0,74,0,0,74,0,590.0,9.0,0.0,0.0,1.0,0.0,0.0,1.0,0.0,0.0,False,False,False
KW,2004,77,0,77,0,0,77,0,724.0,9.0,0.0,0.0,1.0,0.0,0.0,1.0,0.0,0.0,False,False,False
KW,2005,73,0,73,0,0,73,0,695.0,9.0,0.0,0.0,1.0,0.0,0.0,1.0,0.0,0.0,False,False,False
KW,2006,52,0,52,0,0,52,0,617.0,13.0,0.0,0.0,1.0,0.0,0.0,1.0,0.0,0.0,False,False,False
KW,2007,68,0,68,0,0,68,0,620.0,9.0,0.0,0.0,1.0,0.0,0.0,1.0,0.0,0.0,False,False,False
KW,2008,66,0,66,0,0,66,0,630.0,10.0,0.0,0.0,1.0,0.0,0.0,1.0,0.0,0.0,False,False,False
KW,2009,58,0,58,0,0,58,0,624.0,12.0,0.0,0.0,1.0,0.0,0.0,1.0,0.0,0.0,False,False,False
KW,2010,50,0,50,0,0,50,0,618.0,13.0,0.0,0.0,1.0,0.0,0.0,1.0,0.0,0.0,False,False,False
KW,2011,48,0,48,0,0,48,0,622.0,13.0,0.0,0.0,1.0,0.0,0.0,1.0,0.0,0.0,False,False,False
KW,2012,48,0,48,0,0,48,0,620.0,13.0,0.0,0.0,1.0,0.0,0.0,1.0,0.0,0.0,False,False,False
KW,2013,48,0,48,0,0,48,0,625.0,13.0,0.0,0.0,1.0,0.0,0.0,1.0,0.0,0.0,False,False,False
KW,2014,48,0,48,0,0,48,0,626.0,13.0,0.0,0.0,1.0,0.0,0.0,1.0,0.0,0.0,False,False,False
KW,2015,47,0,47,0,0,47,0,626.0,13.0,0.0,0.0,1.0,0.0,0.0,1.0,0.0,0.0,False,False,False
KW,2016,43,0,43,0,0,43,0,624.0,13.0,0.0,0.0,1.0,0.0,0.0,1.0,0.0,0.0,False,False,False
KW,2017,24,0,24,0,0,24,0,726.0,30.5,0.0,0.0,1.0,0.0,0.0,1.0,0.0,0.0,False,False,False
KW,2018,24,0,24,0,0,24,0,727.0,31.0,0.0,0.0,1.0,0.0,0.0,1.0,0.0,0.0,False,False,False
KW,2019,24,0,24,0,0,24,0,730.0,31.0,0.0,0.0,1.0,0.0,0.0,1.0,0.0,0.0,False,False,False
KW,2020,12,0,12,0,0,12,0,243.0,29.0,0.0,0.0,1.0,0.0,0.0,1.0,0.0,0.0,True,False,False
KW,2021,4,0,4,0,0,4,0,36.0,9.0,0.0,0.0,1.0,0.0,0.0,1.0,0.0,0.0,True,False,False
KW,2022,24,0,24,0,0,24,0,413.0,14.0,0.0,0.0,1.0,0.0,0.0,1.0,0.0,0.0,False,False,False
KW,2023,24,0,24,0,0,24,0,732.0,31.0,0.0,0.0,1.0,0.0,0.0,1.0,0.0,0.0,False,False,False
KW,2024,24,0,24,0,0,24,0,731.0,30.5,0.0,0.0,1.0,0.0,0.0,1.0,0.0,0.0,False,False,False
KW,2025,22,0,22,0,0,22,0,673.0,31.0,0.0,0.0,1.0,0.0,0.0,1.0,0.0,0.0,False,False,False
KY,1990,20,0,20,0,0,20,0,501.0,9.5,0.0,0.0,1.0,0.0,0.0,1.0,0.0,0.0,False,False,False
KY,1991,165,0,165,0,0,165,0,3952.0,13.0,0.0,0.0,1.0,0.0,0.0,1.0,0.0,0.0,False,False,False
KY,1992,132,0,132,0,0,132,0,3579.0,17.5,0.0,0.0,1.0,0.0,0.0,1.0,0.0,0.0,False,False,False
KY,1993,104,0,104,0,0,104,0,2855.0,17.0,0.0,0.0,1.0,0.0,0.0,1.0,0.0,0.0,False,False,False
KY,1994,76,0,76,0,0,76,0,3249.0,17.5,0.0,0.0,1.0,0.0,0.0,1.0,0.0,0.0,False,False,False
KY,1995,72,0,72,0,0,72,0,2971.0,21.0,0.0,0.0,1.0,0.0,0.0,1.0,0.0,0.0,False,False,False
KY,1996,91,0,91,0,0,91,0,3211.0,21.0,0.0,0.0,1.0,0.0,0.0,1.0,0.0,0.0,False,False,False
KY,1997,97,0,97,0,0,97,0,3160.0,18.0,0.0,0.0,1.0,0.0,0.0,1.0,0.0,0.0,False,False,False
KY,1998,96,0,96,0,0,96,0,3206.0,18.0,0.0,0.0,1.0,0.0,0.0,1.0,0.0,0.0,False,False,False
KY,1999,96,0,96,0,0,96,0,3225.0,18.0,0.0,0.0,1.0,0.0,0.0,1.0,0.0,0.0,False,False,False
KY,2000,81,0,81,0,0,81,0,3167.0,22.0,0.0,0.0,1.0,0.0,0.0,1.0,0.0,0.0,False,False,False
KY,2001,72,0,72,0,0,72,0,2849.0,19.0,0.0,0.0,1.0,0.0,0.0,1.0,0.0,0.0,False,False,False
KY,2002,73,0,73,0,0,73,0,2547.0,16.0,0.0,0.0,1.0,0.0,0.0,1.0,0.0,0.0,False,False,False
KY,2003,97,0,97,0,0,97,0,2843.0,21.0,0.0,0.0,1.0,0.0,0.0,1.0,0.0,0.0,False,False,False
KY,2004,123,0,123,0,0,123,0,2855.0,14.0,0.0,0.0,1.0,0.0,0.0,1.0,0.0,0.0,False,False,False
KY,2005,149,0,149,0,0,149,0,3071.0,8.0,0.0,0.0,1.0,0.0,0.0,1.0,0.0,0.0,False,False,False
KY,2006,154,0,154,0,0,154,0,3303.0,9.0,0.0,0.0,1.0,0.0,0.0,1.0,0.0,0.0,False,False,False
KY,2007,108,0,108,0,0,108,0,3144.0,13.0,0.0,0.0,1.0,0.0,0.0,1.0,0.0,0.0,False,False,False
KY,2008,84,0,84,0,0,84,0,3005.0,22.0,0.0,0.0,1.0,0.0,0.0,1.0,0.0,0.0,False,False,False
KY,2009,89,0,89,0,0,89,0,2775.0,20.0,0.0,0.0,1.0,0.0,0.0,1.0,0.0,0.0,False,False,False
KY,2010,103,0,103,0,0,103,0,2572.0,17.0,0.0,0.0,1.0,0.0,0.0,1.0,0.0,0.0,False,False,False
KY,2011,116,0,116,0,0,116,0,2786.0,15.0,0.0,0.0,1.0,0.0,0.0,1.0,0.0,0.0,False,False,False
KY,2012,122,0,122,0,0,122,0,2485.0,9.0,0.0,0.0,1.0,0.0,0.0,1.0,0.0,0.0,False,False,False
KY,2013,126,0,126,0,0,126,0,2772.0,15.0,0.0,0.0,1.0,0.0,0.0,1.0,0.0,0.0,False,False,False
KY,2014,113,0,113,0,0,113,0,2632.0,16.0,0.0,0.0,1.0,0.0,0.0,1.0,0.0,0.0,False,False,False
KY,2015,112,0,112,0,0,112,0,2743.0,19.5,0.0,0.0,1.0,0.0,0.0,1.0,0.0,0.0,False,False,False
KY,2016,120,0,120,0,0,120,0,2841.0,18.0,0.0,0.0,1.0,0.0,0.0,1.0,0.0,0.0,False,False,False
KY,2017,108,0,108,0,0,108,0,2807.0,20.0,0.0,0.0,1.0,0.0,0.0,1.0,0.0,0.0,False,False,False
KY,2018,102,0,102,0,0,102,0,2667.0,21.0,0.0,0.0,1.0,0.0,0.0,1.0,0.0,0.0,False,False,False
KY,2019,114,0,114,0,0,114,0,2543.0,18.0,0.0,0.0,1.0,0.0,0.0,1.0,0.0,0.0,False,False,False
KY,2020,46,0,46,0,0,46,0,563.0,7.0,0.0,0.0,1.0,0.0,0.0,1.0,0.0,0.0,True,False,False
KY,2021,44,0,44,0,0,44,0,427.0,9.0,0.0,0.0,1.0,0.0,0.0,1.0,0.0,0.0,True,False,False
KY,2022,102,0,102,0,0,102,0,1984.0,13.0,0.0,0.0,1.0,0.0,0.0,1.0,0.0,0.0,False,False,False
KY,2023,128,0,128,0,0,128,0,2123.0,13.0,0.0,0.0,1.0,0.0,0.0,1.0,0.0,0.0,False,False,False
KY,2024,126,0,126,0,0,126,0,2100.0,13.0,0.0,0.0,1.0,0.0,0.0,1.0,0.0,0.0,False,False,False
KY,2025,126,0,126,0,0,126,0,2037.0,13.0,0.0,0.0,1.0,0.0,0.0,1.0,0.0,0.0,False,False,False
LU,1999,17,0,17,0,0,17,0,246.0,17.0,0.0,0.0,1.0,0.0,0.0,1.0,0.0,0.0,False,False,False
LV,1992,12,0,12,0,0,12,0,350.0,29.5,350.0,0.0,1.0,0.0,0.0,1.0,0.0,1.0,False,False,False
LV,1993,24,0,24,0,0,24,0,734.0,31.0,734.0,0.0,1.0,0.0,0.0,1.0,0.0,1.0,False,False,False
LV,1994,24,0,24,0,0,24,0,736.0,30.5,736.0,0.0,1.0,0.0,0.0,1.0,0.0,1.0,False,False,False
LV,1995,24,0,24,0,0,24,0,716.0,30.0,716.0,0.0,1.0,0.0,0.0,1.0,0.0,1.0,False,False,False
LV,1996,24,0,24,0,0,24,0,754.0,30.0,754.0,0.0,1.0,0.0,0.0,1.0,0.0,1.0,False,False,False
LV,1997,25,0,25,0,0,25,0,765.0,31.0,765.0,0.0,1.0,0.0,0.0,1.0,0.0,1.0,False,False,False
LV,1998,24,0,24,0,0,24,0,799.0,31.0,799.0,0.0,1.0,0.0,0.0,1.0,0.0,1.0,False,False,False
LV,1999,25,0,25,0,0,25,0,496.0,28.0,496.0,0.0,1.0,0.0,0.0,1.0,0.0,1.0,False,False,False
MA,1990,92,0,92,0,0,92,0,423.0,4.0,0.0,0.0,1.0,0.0,0.0,1.0,0.0,0.0,False,False,False
MA,1991,76,0,76,0,0,76,0,318.0,4.0,0.0,0.0,1.0,0.0,0.0,1.0,0.0,0.0,False,False,False
MA,1992,84,0,84,0,0,84,0,422.0,5.0,0.0,0.0,1.0,0.0,0.0,1.0,0.0,0.0,False,False,False
MA,1993,87,0,87,0,0,87,0,477.0,6.0,0.0,0.0,1.0,0.0,0.0,1.0,0.0,0.0,False,False,False
MA,1994,80,0,80,0,0,80,0,620.0,9.0,0.0,0.0,1.0,0.0,0.0,1.0,0.0,0.0,False,False,False
MA,1995,52,0,52,0,0,52,0,676.0,13.0,0.0,0.0,1.0,0.0,0.0,1.0,0.0,0.0,False,False,False
MA,1996,48,0,48,0,0,48,0,732.0,13.0,0.0,0.0,1.0,0.0,0.0,1.0,0.0,0.0,False,False,False
MA,1997,48,0,48,0,0,48,0,756.0,15.0,0.0,0.0,1.0,0.0,0.0,1.0,0.0,0.0,False,False,False
MA,1998,48,0,48,0,0,48,0,790.0,17.0,0.0,0.0,1.0,0.0,0.0,1.0,0.0,0.0,False,False,False
MA,1999,76,0,76,0,0,76,0,904.0,14.0,0.0,0.0,1.0,0.0,0.0,1.0,0.0,0.0,False,False,False
MA,2000,91,0,91,0,0,91,0,864.0,9.0,0.0,0.0,1.0,0.0,0.0,1.0,0.0,0.0,False,False,False
MA,2001,76,0,76,0,0,76,0,518.0,8.0,0.0,0.0,1.0,0.0,0.0,1.0,0.0,0.0,False,False,False
MA,2002,57,0,57,0,0,57,0,535.0,6.0,0.0,0.0,1.0,0.0,0.0,1.0,0.0,0.0,False,False,False
MA,2003,24,0,24,0,0,24,0,430.0,17.5,0.0,0.0,1.0,0.0,0.0,1.0,0.0,0.0,False,False,False
MA,2004,24,0,24,0,0,24,0,506.0,21.0,0.0,0.0,1.0,0.0,0.0,1.0,0.0,0.0,False,False,False
MA,2005,24,0,24,0,0,24,0,538.0,22.0,0.0,0.0,1.0,0.0,0.0,1.0,0.0,0.0,False,False,False
MA,2006,24,0,24,0,0,24,0,664.0,24.0,0.0,0.0,1.0,0.0,0.0,1.0,0.0,0.0,False,False,False
MA,2007,24,0,24,0,0,24,0,717.0,27.5,0.0,0.0,1.0,0.0,0.0,1.0,0.0,0.0,False,False,False
MA,2008,24,0,24,0,0,24,0,705.0,27.5,0.0,0.0,1.0,0.0,0.0,1.0,0.0,0.0,False,False,False
MA,2009,24,0,24,0,0,24,0,660.0,26.5,0.0,0.0,1.0,0.0,0.0,1.0,0.0,0.0,False,False,False
MA,2010,22,0,22,0,0,22,0,652.0,30.0,0.0,0.0,1.0,0.0,0.0,1.0,0.0,0.0,False,False,False
MA,2011,24,0,24,0,0,24,0,762.0,27.0,0.0,0.0,1.0,0.0,0.0,1.0,0.0,0.0,False,False,False
MA,2012,23,0,23,0,0,23,0,678.0,25.0,0.0,0.0,1.0,0.0,0.0,1.0,0.0,0.0,False,False,False
MA,2013,24,0,24,0,0,24,0,710.0,26.5,0.0,0.0,1.0,0.0,0.0,1.0,0.0,0.0,False,False,False
MA,2014,24,0,24,0,0,24,0,752.0,30.0,0.0,0.0,1.0,0.0,0.0,1.0,0.0,0.0,False,False,False
MA,2015,24,0,24,0,0,24,0,696.0,26.5,0.0,0.0,1.0,0.0,0.0,1.0,0.0,0.0,False,False,False
MA,2016,26,0,26,0,0,26,0,802.0,30.0,0.0,0.0,1.0,0.0,0.0,1.0,0.0,0.0,False,False,False
MA,2017,48,0,48,0,0,48,0,1280.0,20.5,0.0,0.0,1.0,0.0,0.0,1.0,0.0,0.0,False,False,False
MA,2018,48,0,48,0,0,48,0,1284.0,23.0,0.0,0.0,1.0,0.0,0.0,1.0,0.0,0.0,False,False,False
MA,2019,78,0,78,0,0,78,0,1657.0,14.0,0.0,0.0,1.0,0.0,0.0,1.0,0.0,0.0,False,False,False
MA,2020,38,0,38,0,0,38,0,500.0,12.0,0.0,0.0,1.0,0.0,0.0,1.0,0.0,0.0,True,False,False
MA,2021,43,0,43,0,0,43,0,972.0,21.0,0.0,0.0,1.0,0.0,0.0,1.0,0.0,0.0,True,False,False
MA,2022,58,0,58,0,0,58,0,1256.0,14.5,0.0,0.0,1.0,0.0,0.0,1.0,0.0,0.0,False,False,False
MA,2023,72,0,72,0,0,72,0,2356.0,25.0,0.0,0.0,1.0,0.0,0.0,1.0,0.0,0.0,False,False,False
MA,2024,72,0,72,0,0,72,0,2216.0,27.0,0.0,0.0,1.0,0.0,0.0,1.0,0.0,0.0,False,False,False
MA,2025,72,0,72,0,0,72,0,1756.0,17.5,0.0,0.0,1.0,0.0,0.0,1.0,0.0,0.0,False,False,False
MH,1990,30,0,30,0,0,30,0,263.0,9.0,0.0,0.0,1.0,0.0,0.0,1.0,0.0,0.0,False,False,False
MH,1991,24,0,24,0,0,24,0,277.0,12.0,0.0,0.0,1.0,0.0,0.0,1.0,0.0,0.0,False,False,False
MH,1992,24,0,24,0,0,24,0,204.0,9.0,0.0,0.0,1.0,0.0,0.0,1.0,0.0,0.0,False,False,False
MH,1993,24,0,24,0,0,24,0,205.0,9.0,0.0,0.0,1.0,0.0,0.0,1.0,0.0,0.0,False,False,False
MH,1994,21,0,21,0,0,21,0,178.0,8.0,0.0,0.0,1.0,0.0,0.0,1.0,0.0,0.0,False,False,False
MH,1995,24,0,24,0,0,24,0,262.0,12.0,0.0,0.0,1.0,0.0,0.0,1.0,0.0,0.0,False,False,False
MH,1996,4,0,4,0,0,4,0,46.0,11.5,0.0,0.0,1.0,0.0,0.0,1.0,0.0,0.0,False,False,False
MO,2020,2,0,2,0,0,2,0,12.0,6.0,12.0,0.0,1.0,0.0,0.0,1.0,0.0,1.0,True,False,False
MO,2021,16,0,16,0,0,16,0,116.0,6.0,116.0,0.0,1.0,0.0,0.0,1.0,0.0,1.0,True,False,False
MO,2022,50,0,50,0,0,50,0,1082.0,22.0,1082.0,0.0,1.0,0.0,0.0,1.0,0.0,1.0,False,False,False
MO,2023,86,0,86,0,0,86,0,1960.0,22.0,1960.0,0.0,1.0,0.0,0.0,1.0,0.0,1.0,False,False,False
MO,2024,90,0,90,0,0,90,0,2280.0,27.0,2280.0,0.0,1.0,0.0,0.0,1.0,0.0,1.0,False,False,False
MO,2025,106,0,106,0,0,106,0,2408.0,26.0,2408.0,0.0,1.0,0.0,0.0,1.0,0.0,1.0,False,False,False
MT,2000,4,0,4,0,0,4,0,24.0,6.0,24.0,0.0,1.0,0.0,0.0,1.0,0.0,1.0,False,False,False
MV,1990,42,0,42,0,0,42,0,170.0,4.0,170.0,0.0,1.0,0.0,0.0,1.0,0.0,1.0,False,False,False
MV,1991,4,0,4,0,0,4,0,18.0,4.5,18.0,0.0,1.0,0.0,0.0,1.0,0.0,1.0,False,False,False
MX,1990,1615,0,1615,0,0,1615,0,43378.0,29.0,0.0,0.0,1.0,0.0,0.0,1.0,0.0,0.0,False,False,False
MX,1991,1622,0,1622,0,0,1622,0,45329.0,30.0,0.0,0.0,1.0,0.0,0.0,1.0,0.0,0.0,False,False,False
MX,1992,2434,0,2434,0,0,2434,0,44284.0,17.0,0.0,0.0,1.0,0.0,0.0,1.0,0.0,0.0,False,False,False
MX,1993,1898,0,1898,0,0,1898,0,40670.0,22.0,0.0,0.0,1.0,0.0,0.0,1.0,0.0,0.0,False,False,False
MX,1994,1594,0,1594,0,0,1594,0,40419.0,21.5,0.0,0.0,1.0,0.0,0.0,1.0,0.0,0.0,False,False,False
MX,1995,1409,0,1409,0,0,1409,0,41338.0,28.0,0.0,0.0,1.0,0.0,0.0,1.0,0.0,0.0,False,False,False
MX,1996,1723,0,1723,0,0,1723,0,43905.0,21.0,0.0,0.0,1.0,0.0,0.0,1.0,0.0,0.0,False,False,False
MX,1997,2028,0,2028,0,0,2028,0,48523.0,19.0,0.0,0.0,1.0,0.0,0.0,1.0,0.0,0.0,False,False,False
MX,1998,2183,0,2183,0,0,2183,0,51272.0,18.0,0.0,0.0,1.0,0.0,0.0,1.0,0.0,0.0,False,False,False
MX,1999,2172,0,2172,0,0,2172,0,53559.0,20.0,0.0,0.0,1.0,0.0,0.0,1.0,0.0,0.0,False,False,False
MX,2000,2381,0,2381,0,0,2381,0,58132.0,21.0,0.0,0.0,1.0,0.0,0.0,1.0,0.0,0.0,False,False,False
MX,2001,2366,0,2366,0,0,2366,0,54765.0,17.0,0.0,0.0,1.0,0.0,0.0,1.0,0.0,0.0,False,False,False
MX,2002,2570,0,2570,0,0,2570,0,52870.0,14.0,0.0,0.0,1.0,0.0,0.0,1.0,0.0,0.0,False,False,False
MX,2003,2613,0,2613,0,0,2613,0,52673.0,13.0,0.0,0.0,1.0,0.0,0.0,1.0,0.0,0.0,False,False,False
MX,2004,2974,0,2974,0,0,2974,0,62034.0,14.0,0.0,0.0,1.0,0.0,0.0,1.0,0.0,0.0,False,False,False
MX,2005,3228,0,3228,0,0,3228,0,65499.0,14.0,0.0,0.0,1.0,0.0,0.0,1.0,0.0,0.0,False,False,False
MX,2006,3467,0,3467,0,0,3467,0,61965.0,10.0,0.0,0.0,1.0,0.0,0.0,1.0,0.0,0.0,False,False,False
MX,2007,3518,0,3518,0,0,3518,0,61776.0,11.0,0.0,0.0,1.0,0.0,0.0,1.0,0.0,0.0,False,False,False
MX,2008,3206,0,3206,0,0,3206,0,61135.0,13.0,0.0,0.0,1.0,0.0,0.0,1.0,0.0,0.0,False,False,False
MX,2009,3179,0,3179,0,0,3179,0,54660.0,12.0,0.0,0.0,1.0,0.0,0.0,1.0,0.0,0.0,False,False,False
MX,2010,2439,0,2439,0,0,2439,0,46681.0,13.0,0.0,0.0,1.0,0.0,0.0,1.0,0.0,0.0,False,False,False
MX,2011,1317,0,1317,0,0,1317,0,34343.0,18.0,0.0,0.0,1.0,0.0,0.0,1.0,0.0,0.0,False,False,False
MX,2012,1722,0,1722,0,0,1722,0,40783.0,17.0,0.0,0.0,1.0,0.0,0.0,1.0,0.0,0.0,False,False,False
MX,2013,2226,0,2226,0,0,2226,0,48009.0,14.0,0.0,0.0,1.0,0.0,0.0,1.0,0.0,0.0,False,False,False
MX,2014,2213,0,2213,0,0,2213,0,46580.0,13.0,0.0,0.0,1.0,0.0,0.0,1.0,0.0,0.0,False,False,False
MX,2015,2637,0,2637,0,0,2637,0,59575.0,15.0,0.0,0.0,1.0,0.0,0.0,1.0,0.0,0.0,False,False,False
MX,2016,2901,0,2901,0,0,2901,0,67444.0,15.0,0.0,0.0,1.0,0.0,0.0,1.0,0.0,0.0,False,False,False
MX,2017,3558,0,3558,0,0,3558,0,72430.0,13.0,0.0,0.0,1.0,0.0,0.0,1.0,0.0,0.0,False,False,False
MX,2018,4840,0,4840,0,0,4840,0,77007.0,8.0,0.0,0.0,1.0,0.0,0.0,1.0,0.0,0.0,False,False,False
MX,2019,4760,0,4760,0,0,4760,0,73794.0,8.0,0.0,0.0,1.0,0.0,0.0,1.0,0.0,0.0,False,False,False
MX,2020,2544,0,2544,0,0,2544,0,29025.0,7.0,0.0,0.0,1.0,0.0,0.0,1.0,0.0,0.0,True,False,False
MX,2021,3223,0,3223,0,0,3223,0,47600.0,8.0,0.0,0.0,1.0,0.0,0.0,1.0,0.0,0.0,True,False,False
MX,2022,3670,0,3670,0,0,3670,0,57223.0,8.0,0.0,0.0,1.0,0.0,0.0,1.0,0.0,0.0,False,False,False
MX,2023,3990,0,3990,0,0,3990,0,59575.0,8.0,0.0,0.0,1.0,0.0,0.0,1.0,0.0,0.0,False,False,False
MX,2024,5153,0,5153,0,0,5153,0,71119.0,8.0,0.0,0.0,1.0,0.0,0.0,1.0,0.0,0.0,False,False,False
MX,2025,6027,0,6027,0,0,6027,0,80890.0,9.0,701.0,0.0,1.0,0.0,0.0,1.0,0.0,0.008666089751514403,False,False,False
MY,1990,85,0,85,0,0,85,0,561.0,8.0,0.0,0.0,1.0,0.0,0.0,1.0,0.0,0.0,False,False,False
MY,1991,83,0,83,0,0,83,0,647.0,8.0,0.0,0.0,1.0,0.0,0.0,1.0,0.0,0.0,False,False,False
MY,1992,60,0,60,0,0,60,0,682.0,13.0,0.0,0.0,1.0,0.0,0.0,1.0,0.0,0.0,False,False,False
MY,1993,87,0,87,0,0,87,0,899.0,12.0,0.0,0.0,1.0,0.0,0.0,1.0,0.0,0.0,False,False,False
MY,1994,76,0,76,0,0,76,0,837.0,13.0,0.0,0.0,1.0,0.0,0.0,1.0,0.0,0.0,False,False,False
MY,1995,73,0,73,0,0,73,0,860.0,13.0,0.0,0.0,1.0,0.0,0.0,1.0,0.0,0.0,False,False,False
MY,1996,72,0,72,0,0,72,0,828.0,13.0,0.0,0.0,1.0,0.0,0.0,1.0,0.0,0.0,False,False,False
MY,1997,52,0,52,0,0,52,0,636.0,13.0,0.0,0.0,1.0,0.0,0.0,1.0,0.0,0.0,False,False,False
MY,1998,69,0,69,0,0,69,0,862.0,13.0,0.0,0.0,1.0,0.0,0.0,1.0,0.0,0.0,False,False,False
MY,1999,72,0,72,0,0,72,0,1022.0,13.0,0.0,0.0,1.0,0.0,0.0,1.0,0.0,0.0,False,False,False
MY,2000,73,0,73,0,0,73,0,1032.0,13.0,0.0,0.0,1.0,0.0,0.0,1.0,0.0,0.0,False,False,False
MY,2001,66,0,66,0,0,66,0,937.0,13.0,0.0,0.0,1.0,0.0,0.0,1.0,0.0,0.0,False,False,False
MY,2002,48,0,48,0,0,48,0,886.0,15.0,0.0,0.0,1.0,0.0,0.0,1.0,0.0,0.0,False,False,False
MY,2003,48,0,48,0,0,48,0,904.0,17.5,0.0,0.0,1.0,0.0,0.0,1.0,0.0,0.0,False,False,False
MY,2004,48,0,48,0,0,48,0,836.0,17.5,0.0,0.0,1.0,0.0,0.0,1.0,0.0,0.0,False,False,False
MY,2005,51,0,51,0,0,51,0,836.0,14.0,0.0,0.0,1.0,0.0,0.0,1.0,0.0,0.0,False,False,False
MY,2006,48,0,48,0,0,48,0,852.0,17.0,0.0,0.0,1.0,0.0,0.0,1.0,0.0,0.0,False,False,False
MY,2007,48,0,48,0,0,48,0,1042.0,21.0,0.0,0.0,1.0,0.0,0.0,1.0,0.0,0.0,False,False,False
MY,2008,48,0,48,0,0,48,0,888.0,14.0,0.0,0.0,1.0,0.0,0.0,1.0,0.0,0.0,False,False,False
MY,2009,45,0,45,0,0,45,0,519.0,13.0,0.0,0.0,1.0,0.0,0.0,1.0,0.0,0.0,False,False,False
MY,2010,24,0,24,0,0,24,0,312.0,13.0,0.0,0.0,1.0,0.0,0.0,1.0,0.0,0.0,False,False,False
MY,2011,24,0,24,0,0,24,0,314.0,13.0,0.0,0.0,1.0,0.0,0.0,1.0,0.0,0.0,False,False,False
MY,2012,26,0,26,0,0,26,0,394.0,17.0,0.0,0.0,1.0,0.0,0.0,1.0,0.0,0.0,False,False,False
MY,2013,24,0,24,0,0,24,0,416.0,17.0,0.0,0.0,1.0,0.0,0.0,1.0,0.0,0.0,False,False,False
MY,2014,8,0,8,0,0,8,0,140.0,17.5,0.0,0.0,1.0,0.0,0.0,1.0,0.0,0.0,False,False,False
NG,1990,26,0,26,0,0,26,0,98.0,4.0,98.0,0.0,1.0,0.0,0.0,1.0,0.0,1.0,False,False,False
NG,1991,10,0,10,0,0,10,0,26.0,3.0,26.0,0.0,1.0,0.0,0.0,1.0,0.0,1.0,False,False,False
NG,2013,27,0,27,0,0,27,0,368.0,16.0,368.0,0.0,1.0,0.0,0.0,1.0,0.0,1.0,False,False,False
NG,2014,33,0,33,0,0,33,0,371.0,14.0,371.0,0.0,1.0,0.0,0.0,1.0,0.0,1.0,False,False,False
NG,2015,71,0,71,0,0,71,0,476.0,4.0,476.0,0.0,1.0,0.0,0.0,1.0,0.0,1.0,False,False,False
NG,2016,73,0,73,0,0,73,0,486.0,5.0,486.0,0.0,1.0,0.0,0.0,1.0,0.0,1.0,False,False,False
NG,2017,73,0,73,0,0,73,0,516.0,4.0,516.0,0.0,1.0,0.0,0.0,1.0,0.0,1.0,False,False,False
NG,2018,78,0,78,0,0,78,0,500.0,4.0,500.0,0.0,1.0,0.0,0.0,1.0,0.0,1.0,False,False,False
NL,1990,544,0,544,0,0,544,0,6196.0,9.0,0.0,0.0,1.0,0.0,0.0,1.0,0.0,0.0,False,False,False
NL,1991,449,0,449,0,0,449,0,5936.0,9.0,0.0,0.0,1.0,0.0,0.0,1.0,0.0,0.0,False,False,False
NL,1992,416,0,416,0,0,416,0,6327.0,14.0,0.0,0.0,1.0,0.0,0.0,1.0,0.0,0.0,False,False,False
NL,1993,404,0,404,0,0,404,0,6401.0,14.0,0.0,0.0,1.0,0.0,0.0,1.0,0.0,0.0,False,False,False
NL,1994,355,0,355,0,0,355,0,5779.0,14.0,0.0,0.0,1.0,0.0,0.0,1.0,0.0,0.0,False,False,False
NL,1995,360,0,360,0,0,360,0,6149.0,18.0,0.0,0.0,1.0,0.0,0.0,1.0,0.0,0.0,False,False,False
NL,1996,409,0,409,0,0,409,0,6298.0,15.0,0.0,0.0,1.0,0.0,0.0,1.0,0.0,0.0,False,False,False
NL,1997,411,0,411,0,0,411,0,7448.0,21.0,0.0,0.0,1.0,0.0,0.0,1.0,0.0,0.0,False,False,False
NL,1998,688,0,688,0,0,688,0,9071.0,9.0,0.0,0.0,1.0,0.0,0.0,1.0,0.0,0.0,False,False,False
NL,1999,664,0,664,0,0,664,0,9085.0,9.0,0.0,0.0,1.0,0.0,0.0,1.0,0.0,0.0,False,False,False
NL,2000,672,0,672,0,0,672,0,8970.0,9.0,0.0,0.0,1.0,0.0,0.0,1.0,0.0,0.0,False,False,False
NL,2001,567,0,567,0,0,567,0,7773.0,11.0,0.0,0.0,1.0,0.0,0.0,1.0,0.0,0.0,False,False,False
NL,2002,457,0,457,0,0,457,0,6605.0,13.0,0.0,0.0,1.0,0.0,0.0,1.0,0.0,0.0,False,False,False
NL,2003,441,0,441,0,0,441,0,6983.0,17.0,0.0,0.0,1.0,0.0,0.0,1.0,0.0,0.0,False,False,False
NL,2004,448,0,448,0,0,448,0,7932.0,19.5,0.0,0.0,1.0,0.0,0.0,1.0,0.0,0.0,False,False,False
NL,2005,378,0,378,0,0,378,0,7729.0,26.0,0.0,0.0,1.0,0.0,0.0,1.0,0.0,0.0,False,False,False
NL,2006,400,0,400,0,0,400,0,7390.0,18.0,0.0,0.0,1.0,0.0,0.0,1.0,0.0,0.0,False,False,False
NL,2007,395,0,395,0,0,395,0,7366.0,22.0,0.0,0.0,1.0,0.0,0.0,1.0,0.0,0.0,False,False,False
NL,2008,413,0,413,0,0,413,0,8000.0,25.0,443.0,0.0,1.0,0.0,0.0,1.0,0.0,0.055375,False,False,False
NL,2009,397,0,397,0,0,397,0,7388.0,21.0,884.0,0.0,1.0,0.0,0.0,1.0,0.0,0.11965349214943151,False,False,False
NL,2010,475,0,475,0,0,475,0,6846.0,13.0,549.0,0.0,1.0,0.0,0.0,1.0,0.0,0.08019281332164768,False,False,False
NL,2011,414,0,414,0,0,414,0,6634.0,17.0,0.0,0.0,1.0,0.0,0.0,1.0,0.0,0.0,False,False,False
NL,2012,448,0,448,0,0,448,0,6814.0,13.0,0.0,0.0,1.0,0.0,0.0,1.0,0.0,0.0,False,False,False
NL,2013,495,0,495,0,0,495,0,6768.0,10.0,0.0,0.0,1.0,0.0,0.0,1.0,0.0,0.0,False,False,False
NL,2014,473,0,473,0,0,473,0,6894.0,14.0,0.0,0.0,1.0,0.0,0.0,1.0,0.0,0.0,False,False,False
NL,2015,462,0,462,0,0,462,0,6904.0,14.0,0.0,0.0,1.0,0.0,0.0,1.0,0.0,0.0,False,False,False
NL,2016,485,0,485,0,0,485,0,6999.0,9.0,0.0,0.0,1.0,0.0,0.0,1.0,0.0,0.0,False,False,False
NL,2017,558,0,558,0,0,558,0,7482.0,10.0,0.0,0.0,1.0,0.0,0.0,1.0,0.0,0.0,False,False,False
NL,2018,662,0,662,0,0,662,0,8012.0,11.0,0.0,0.0,1.0,0.0,0.0,1.0,0.0,0.0,False,False,False
NL,2019,742,0,742,0,0,742,0,8389.0,11.0,0.0,0.0,1.0,0.0,0.0,1.0,0.0,0.0,False,False,False
NL,2020,447,0,447,0,0,447,0,4969.0,8.0,0.0,0.0,1.0,0.0,0.0,1.0,0.0,0.0,True,False,False
NL,2021,576,0,576,0,0,576,0,5783.0,8.0,0.0,0.0,1.0,0.0,0.0,1.0,0.0,0.0,True,False,False
NL,2022,735,0,735,0,0,735,0,8067.0,9.0,0.0,0.0,1.0,0.0,0.0,1.0,0.0,0.0,False,False,False
NL,2023,749,0,749,0,0,749,0,7982.0,7.0,0.0,0.0,1.0,0.0,0.0,1.0,0.0,0.0,False,False,False
NL,2024,807,0,807,0,0,807,0,8056.0,6.0,0.0,0.0,1.0,0.0,0.0,1.0,0.0,0.0,False,False,False
NL,2025,935,0,935,0,0,935,0,8564.0,4.0,0.0,0.0,1.0,0.0,0.0,1.0,0.0,0.0,False,False,False
NO,2013,57,0,57,0,0,57,0,425.0,9.0,0.0,0.0,1.0,0.0,0.0,1.0,0.0,0.0,False,False,False
NO,2014,379,0,379,0,0,379,0,3030.0,9.0,0.0,0.0,1.0,0.0,0.0,1.0,0.0,0.0,False,False,False
NO,2015,491,0,491,0,0,491,0,4224.0,8.0,0.0,0.0,1.0,0.0,0.0,1.0,0.0,0.0,False,False,False
NO,2016,856,0,856,0,0,856,0,6702.0,8.0,0.0,0.0,1.0,0.0,0.0,1.0,0.0,0.0,False,False,False
NO,2017,1158,0,1158,0,0,1158,0,10005.0,8.0,0.0,0.0,1.0,0.0,0.0,1.0,0.0,0.0,False,False,False
NO,2018,1268,0,1268,0,0,1268,0,10593.0,6.0,0.0,0.0,1.0,0.0,0.0,1.0,0.0,0.0,False,False,False
NO,2019,1030,0,1030,0,0,1030,0,10545.0,8.0,0.0,0.0,1.0,0.0,0.0,1.0,0.0,0.0,False,False,False
NO,2020,101,0,101,0,0,101,0,1112.0,9.0,0.0,0.0,1.0,0.0,0.0,1.0,0.0,0.0,True,False,False
NO,2021,2,0,2,0,0,2,0,3.0,1.5,0.0,0.0,1.0,0.0,0.0,1.0,0.0,0.0,True,False,False
NR,1990,47,0,47,0,0,47,0,205.0,4.0,0.0,0.0,1.0,0.0,0.0,1.0,0.0,0.0,False,False,False
NR,1991,47,0,47,0,0,47,0,211.0,5.0,0.0,0.0,1.0,0.0,0.0,1.0,0.0,0.0,False,False,False
NR,1992,58,0,58,0,0,58,0,258.0,4.0,0.0,0.0,1.0,0.0,0.0,1.0,0.0,0.0,False,False,False
NR,1993,80,0,80,0,0,80,0,359.0,4.0,0.0,0.0,1.0,0.0,0.0,1.0,0.0,0.0,False,False,False
NR,1994,66,0,66,0,0,66,0,279.0,4.0,0.0,0.0,1.0,0.0,0.0,1.0,0.0,0.0,False,False,False
NR,1995,48,0,48,0,0,48,0,276.0,4.0,0.0,0.0,1.0,0.0,0.0,1.0,0.0,0.0,False,False,False
NR,1996,48,0,48,0,0,48,0,496.0,10.0,0.0,0.0,1.0,0.0,0.0,1.0,0.0,0.0,False,False,False
NR,1997,48,0,48,0,0,48,0,406.0,9.0,0.0,0.0,1.0,0.0,0.0,1.0,0.0,0.0,False,False,False
NR,1998,48,0,48,0,0,48,0,382.0,9.0,0.0,0.0,1.0,0.0,0.0,1.0,0.0,0.0,False,False,False
NR,1999,48,0,48,0,0,48,0,409.0,9.0,0.0,0.0,1.0,0.0,0.0,1.0,0.0,0.0,False,False,False
NR,2000,48,0,48,0,0,48,0,391.0,8.5,0.0,0.0,1.0,0.0,0.0,1.0,0.0,0.0,False,False,False
NR,2001,8,0,8,0,0,8,0,58.0,7.0,0.0,0.0,1.0,0.0,0.0,1.0,0.0,0.0,False,False,False
NZ,1990,195,0,195,0,0,195,0,2035.0,9.0,0.0,0.0,1.0,0.0,0.0,1.0,0.0,0.0,False,False,False
NZ,1991,251,0,251,0,0,251,0,2384.0,8.0,0.0,0.0,1.0,0.0,0.0,1.0,0.0,0.0,False,False,False
NZ,1992,306,0,306,0,0,306,0,2448.0,5.0,0.0,0.0,1.0,0.0,0.0,1.0,0.0,0.0,False,False,False
NZ,1993,305,0,305,0,0,305,0,2591.0,5.0,0.0,0.0,1.0,0.0,0.0,1.0,0.0,0.0,False,False,False
NZ,1994,313,0,313,0,0,313,0,3034.0,8.0,0.0,0.0,1.0,0.0,0.0,1.0,0.0,0.0,False,False,False
NZ,1995,354,0,354,0,0,354,0,3426.0,8.0,0.0,0.0,1.0,0.0,0.0,1.0,0.0,0.0,False,False,False
NZ,1996,359,0,359,0,0,359,0,3694.0,8.0,0.0,0.0,1.0,0.0,0.0,1.0,0.0,0.0,False,False,False
NZ,1997,321,0,321,0,0,321,0,3611.0,10.0,0.0,0.0,1.0,0.0,0.0,1.0,0.0,0.0,False,False,False
NZ,1998,335,0,335,0,0,335,0,3721.0,6.0,0.0,0.0,1.0,0.0,0.0,1.0,0.0,0.0,False,False,False
NZ,1999,300,0,300,0,0,300,0,3935.0,8.0,0.0,0.0,1.0,0.0,0.0,1.0,0.0,0.0,False,False,False
NZ,2000,287,0,287,0,0,287,0,4086.0,8.0,0.0,0.0,1.0,0.0,0.0,1.0,0.0,0.0,False,False,False
NZ,2001,259,0,259,0,0,259,0,3969.0,9.0,0.0,0.0,1.0,0.0,0.0,1.0,0.0,0.0,False,False,False
NZ,2002,205,0,205,0,0,205,0,3355.0,12.0,0.0,0.0,1.0,0.0,0.0,1.0,0.0,0.0,False,False,False
NZ,2003,158,0,158,0,0,158,0,3648.0,16.0,0.0,0.0,1.0,0.0,0.0,1.0,0.0,0.0,False,False,False
NZ,2004,162,0,162,0,0,162,0,3669.0,15.0,0.0,0.0,1.0,0.0,0.0,1.0,0.0,0.0,False,False,False
NZ,2005,190,0,190,0,0,190,0,3723.0,12.0,0.0,0.0,1.0,0.0,0.0,1.0,0.0,0.0,False,False,False
NZ,2006,174,0,174,0,0,174,0,3952.0,15.0,0.0,0.0,1.0,0.0,0.0,1.0,0.0,0.0,False,False,False
NZ,2007,178,0,178,0,0,178,0,3709.0,15.0,0.0,0.0,1.0,0.0,0.0,1.0,0.0,0.0,False,False,False
NZ,2008,158,0,158,0,0,158,0,3505.0,14.0,0.0,0.0,1.0,0.0,0.0,1.0,0.0,0.0,False,False,False
NZ,2009,154,0,154,0,0,154,0,3105.0,14.0,0.0,0.0,1.0,0.0,0.0,1.0,0.0,0.0,False,False,False
NZ,2010,168,0,168,0,0,168,0,2826.0,8.0,0.0,0.0,1.0,0.0,0.0,1.0,0.0,0.0,False,False,False
NZ,2011,177,0,177,0,0,177,0,3027.0,17.0,0.0,0.0,1.0,0.0,0.0,1.0,0.0,0.0,False,False,False
NZ,2012,163,0,163,0,0,163,0,3054.0,13.0,0.0,0.0,1.0,0.0,0.0,1.0,0.0,0.0,False,False,False
NZ,2013,178,0,178,0,0,178,0,3315.0,12.0,0.0,0.0,1.0,0.0,0.0,1.0,0.0,0.0,False,False,False
NZ,2014,178,0,178,0,0,178,0,3504.0,14.0,0.0,0.0,1.0,0.0,0.0,1.0,0.0,0.0,False,False,False
NZ,2015,171,0,171,0,0,171,0,3791.0,18.0,0.0,0.0,1.0,0.0,0.0,1.0,0.0,0.0,False,False,False
NZ,2016,190,0,190,0,0,190,0,3946.0,18.0,0.0,0.0,1.0,0.0,0.0,1.0,0.0,0.0,False,False,False
NZ,2017,200,0,200,0,0,200,0,3878.0,16.0,0.0,0.0,1.0,0.0,0.0,1.0,0.0,0.0,False,False,False
NZ,2018,207,0,207,0,0,207,0,4233.0,19.0,0.0,0.0,1.0,0.0,0.0,1.0,0.0,0.0,False,False,False
NZ,2019,240,0,240,0,0,240,0,4086.0,13.0,0.0,0.0,1.0,0.0,0.0,1.0,0.0,0.0,False,False,False
NZ,2020,93,0,93,0,0,93,0,1317.0,11.0,0.0,0.0,1.0,0.0,0.0,1.0,0.0,0.0,True,False,False
NZ,2021,24,0,24,0,0,24,0,236.0,8.5,0.0,0.0,1.0,0.0,0.0,1.0,0.0,0.0,True,False,False
NZ,2022,91,0,91,0,0,91,0,1478.0,13.0,0.0,0.0,1.0,0.0,0.0,1.0,0.0,0.0,False,False,False
NZ,2023,165,0,165,0,0,165,0,3012.0,15.0,0.0,0.0,1.0,0.0,0.0,1.0,0.0,0.0,False,False,False
NZ,2024,132,0,132,0,0,132,0,2836.0,19.0,0.0,0.0,1.0,0.0,0.0,1.0,0.0,0.0,False,False,False
NZ,2025,144,0,144,0,0,144,0,2891.0,18.5,0.0,0.0,1.0,0.0,0.0,1.0,0.0,0.0,False,False,False
PA,1990,25,0,25,0,0,25,0,655.0,30.0,0.0,0.0,1.0,0.0,0.0,1.0,0.0,0.0,False,False,False
PA,1991,26,0,26,0,0,26,0,768.0,30.0,0.0,0.0,1.0,0.0,0.0,1.0,0.0,0.0,False,False,False
PA,1992,43,0,43,0,0,43,0,1138.0,30.0,0.0,0.0,1.0,0.0,0.0,1.0,0.0,0.0,False,False,False
PA,1993,53,0,53,0,0,53,0,1539.0,31.0,0.0,0.0,1.0,0.0,0.0,1.0,0.0,0.0,False,False,False
PA,1994,54,0,54,0,0,54,0,1627.0,31.0,0.0,0.0,1.0,0.0,0.0,1.0,0.0,0.0,False,False,False
PA,1995,48,0,48,0,0,48,0,2162.0,38.5,0.0,0.0,1.0,0.0,0.0,1.0,0.0,0.0,False,False,False
PA,1996,48,0,48,0,0,48,0,2258.0,50.5,0.0,0.0,1.0,0.0,0.0,1.0,0.0,0.0,False,False,False
PA,1997,56,0,56,0,0,56,0,2742.0,59.5,0.0,0.0,1.0,0.0,0.0,1.0,0.0,0.0,False,False,False
PA,1998,72,0,72,0,0,72,0,3276.0,56.0,0.0,0.0,1.0,0.0,0.0,1.0,0.0,0.0,False,False,False
PA,1999,63,0,63,0,0,63,0,2781.0,35.0,0.0,0.0,1.0,0.0,0.0,1.0,0.0,0.0,False,False,False
PA,2000,108,0,108,0,0,108,0,4010.0,31.0,0.0,0.0,1.0,0.0,0.0,1.0,0.0,0.0,False,False,False
PA,2001,98,0,98,0,0,98,0,3740.0,31.0,0.0,0.0,1.0,0.0,0.0,1.0,0.0,0.0,False,False,False
PA,2002,96,0,96,0,0,96,0,3554.0,35.5,0.0,0.0,1.0,0.0,0.0,1.0,0.0,0.0,False,False,False
PA,2003,120,0,120,0,0,120,0,3759.0,27.0,0.0,0.0,1.0,0.0,0.0,1.0,0.0,0.0,False,False,False
PA,2004,158,0,158,0,0,158,0,4043.0,22.5,0.0,0.0,1.0,0.0,0.0,1.0,0.0,0.0,False,False,False
PA,2005,170,0,170,0,0,170,0,4367.0,24.0,0.0,0.0,1.0,0.0,0.0,1.0,0.0,0.0,False,False,False
PA,2006,234,0,234,0,0,234,0,4898.0,22.0,0.0,0.0,1.0,0.0,0.0,1.0,0.0,0.0,False,False,False
PA,2007,201,0,201,0,0,201,0,5807.0,28.0,0.0,0.0,1.0,0.0,0.0,1.0,0.0,0.0,False,False,False
PA,2008,240,0,240,0,0,240,0,6882.0,26.0,0.0,0.0,1.0,0.0,0.0,1.0,0.0,0.0,False,False,False
PA,2009,248,0,248,0,0,248,0,7057.0,29.0,0.0,0.0,1.0,0.0,0.0,1.0,0.0,0.0,False,False,False
PA,2010,258,0,258,0,0,258,0,7564.0,29.5,0.0,0.0,1.0,0.0,0.0,1.0,0.0,0.0,False,False,False
PA,2011,278,0,278,0,0,278,0,8990.0,29.5,0.0,0.0,1.0,0.0,0.0,1.0,0.0,0.0,False,False,False
PA,2012,306,0,306,0,0,306,0,11910.0,27.5,0.0,0.0,1.0,0.0,0.0,1.0,0.0,0.0,False,False,False
PA,2013,368,0,368,0,0,368,0,15167.0,29.0,0.0,0.0,1.0,0.0,0.0,1.0,0.0,0.0,False,False,False
PA,2014,465,0,465,0,0,465,0,17703.0,24.0,0.0,0.0,1.0,0.0,0.0,1.0,0.0,0.0,False,False,False
PA,2015,515,0,515,0,0,515,0,18416.0,18.0,0.0,0.0,1.0,0.0,0.0,1.0,0.0,0.0,False,False,False
PA,2016,490,0,490,0,0,490,0,18172.0,18.0,0.0,0.0,1.0,0.0,0.0,1.0,0.0,0.0,False,False,False
PA,2017,492,0,492,0,0,492,0,19434.0,20.0,0.0,0.0,1.0,0.0,0.0,1.0,0.0,0.0,False,False,False
PA,2018,538,0,538,0,0,538,0,22378.0,22.0,0.0,0.0,1.0,0.0,0.0,1.0,0.0,0.0,False,False,False
PA,2019,553,0,553,0,0,553,0,26854.0,22.0,0.0,0.0,1.0,0.0,0.0,1.0,0.0,0.0,False,False,False
PA,2020,140,0,140,0,0,140,0,4657.0,16.0,0.0,0.0,1.0,0.0,0.0,1.0,0.0,0.0,True,False,False
PA,2021,310,0,310,0,0,310,0,14078.0,27.0,0.0,0.0,1.0,0.0,0.0,1.0,0.0,0.0,True,False,False
PA,2022,422,0,422,0,0,422,0,17674.0,28.0,0.0,0.0,1.0,0.0,0.0,1.0,0.0,0.0,False,False,False
PA,2023,548,0,548,0,0,548,0,20609.0,21.0,0.0,0.0,1.0,0.0,0.0,1.0,0.0,0.0,False,False,False
PA,2024,882,0,882,0,0,882,0,24014.0,15.0,0.0,0.0,1.0,0.0,0.0,1.0,0.0,0.0,False,False,False
PA,2025,1096,0,1096,0,0,1096,0,25669.0,11.0,0.0,0.0,1.0,0.0,0.0,1.0,0.0,0.0,False,False,False
PE,1999,4,0,4,0,0,4,0,86.0,21.5,0.0,0.0,1.0,0.0,0.0,1.0,0.0,0.0,False,False,False
PE,2000,24,0,24,0,0,24,0,638.0,30.5,0.0,0.0,1.0,0.0,0.0,1.0,0.0,0.0,False,False,False
PE,2001,41,0,41,0,0,41,0,811.0,28.0,0.0,0.0,1.0,0.0,0.0,1.0,0.0,0.0,False,False,False
PE,2002,63,0,63,0,0,63,0,806.0,4.0,0.0,0.0,1.0,0.0,0.0,1.0,0.0,0.0,False,False,False
PE,2003,74,0,74,0,0,74,0,859.0,4.0,0.0,0.0,1.0,0.0,0.0,1.0,0.0,0.0,False,False,False
PE,2004,73,0,73,0,0,73,0,1064.0,4.0,0.0,0.0,1.0,0.0,0.0,1.0,0.0,0.0,False,False,False
PE,2005,75,0,75,0,0,75,0,1383.0,13.0,0.0,0.0,1.0,0.0,0.0,1.0,0.0,0.0,False,False,False
PE,2006,83,0,83,0,0,83,0,1234.0,16.0,0.0,0.0,1.0,0.0,0.0,1.0,0.0,0.0,False,False,False
PE,2007,72,0,72,0,0,72,0,1514.0,30.0,0.0,0.0,1.0,0.0,0.0,1.0,0.0,0.0,False,False,False
PE,2008,68,0,68,0,0,68,0,1519.0,24.5,0.0,0.0,1.0,0.0,0.0,1.0,0.0,0.0,False,False,False
PE,2009,68,0,68,0,0,68,0,1469.0,18.0,0.0,0.0,1.0,0.0,0.0,1.0,0.0,0.0,False,False,False
PE,2010,85,0,85,0,0,85,0,1910.0,17.0,0.0,0.0,1.0,0.0,0.0,1.0,0.0,0.0,False,False,False
PE,2011,109,0,109,0,0,109,0,2740.0,18.0,0.0,0.0,1.0,0.0,0.0,1.0,0.0,0.0,False,False,False
PE,2012,106,0,106,0,0,106,0,2986.0,24.0,0.0,0.0,1.0,0.0,0.0,1.0,0.0,0.0,False,False,False
PE,2013,132,0,132,0,0,132,0,3789.0,26.0,0.0,0.0,1.0,0.0,0.0,1.0,0.0,0.0,False,False,False
PE,2014,116,0,116,0,0,116,0,3397.0,29.0,0.0,0.0,1.0,0.0,0.0,1.0,0.0,0.0,False,False,False
PE,2015,115,0,115,0,0,115,0,3735.0,30.0,0.0,0.0,1.0,0.0,0.0,1.0,0.0,0.0,False,False,False
PE,2016,139,0,139,0,0,139,0,4019.0,29.0,0.0,0.0,1.0,0.0,0.0,1.0,0.0,0.0,False,False,False
PE,2017,144,0,144,0,0,144,0,3979.0,29.0,0.0,0.0,1.0,0.0,0.0,1.0,0.0,0.0,False,False,False
PE,2018,183,0,183,0,0,183,0,4556.0,26.0,551.0,0.0,1.0,0.0,0.0,1.0,0.0,0.12093942054433714,False,False,False
PE,2019,225,0,225,0,0,225,0,5388.0,18.0,1456.0,0.0,1.0,0.0,0.0,1.0,0.0,0.2702301410541945,False,False,False
PE,2020,89,0,89,0,0,89,0,1532.0,13.0,434.0,0.0,1.0,0.0,0.0,1.0,0.0,0.283289817232376,True,False,False
PE,2021,217,0,217,0,0,217,0,3394.0,10.0,792.0,0.0,1.0,0.0,0.0,1.0,0.0,0.23335297583971715,True,False,False
PE,2022,278,0,278,0,0,278,0,3968.0,11.0,1272.0,0.0,1.0,0.0,0.0,1.0,0.0,0.32056451612903225,False,False,False
PE,2023,260,0,260,0,0,260,0,4786.0,13.0,1581.0,0.0,1.0,0.0,0.0,1.0,0.0,0.3303384872544923,False,False,False
PE,2024,261,0,261,0,0,261,0,5261.0,11.0,829.0,0.0,1.0,0.0,0.0,1.0,0.0,0.1575746055882912,False,False,False
PE,2025,252,0,252,0,0,252,0,5807.0,21.0,1116.0,0.0,1.0,0.0,0.0,1.0,0.0,0.19218184949199243,False,False,False
PH,1990,25,0,25,0,0,25,0,978.0,41.0,0.0,0.0,1.0,0.0,0.0,1.0,0.0,0.0,False,False,False
PH,1991,50,0,50,0,0,50,0,1262.0,11.0,0.0,0.0,1.0,0.0,0.0,1.0,0.0,0.0,False,False,False
PH,1992,55,0,55,0,0,55,0,1475.0,9.0,0.0,0.0,1.0,0.0,0.0,1.0,0.0,0.0,False,False,False
PH,1993,46,0,46,0,0,46,0,1478.0,48.5,0.0,0.0,1.0,0.0,0.0,1.0,0.0,0.0,False,False,False
PH,1994,52,0,52,0,0,52,0,1436.0,30.0,0.0,0.0,1.0,0.0,0.0,1.0,0.0,0.0,False,False,False
PH,1995,64,0,64,0,0,64,0,1416.0,18.0,0.0,0.0,1.0,0.0,0.0,1.0,0.0,0.0,False,False,False
PH,1996,86,0,86,0,0,86,0,1666.0,17.0,0.0,0.0,1.0,0.0,0.0,1.0,0.0,0.0,False,False,False
PH,1997,136,0,136,0,0,136,0,2144.0,13.5,0.0,0.0,1.0,0.0,0.0,1.0,0.0,0.0,False,False,False
PH,1998,120,0,120,0,0,120,0,1107.0,5.0,0.0,0.0,1.0,0.0,0.0,1.0,0.0,0.0,False,False,False
PH,1999,91,0,91,0,0,91,0,1440.0,16.0,0.0,0.0,1.0,0.0,0.0,1.0,0.0,0.0,False,False,False
PH,2000,129,0,129,0,0,129,0,2006.0,15.0,0.0,0.0,1.0,0.0,0.0,1.0,0.0,0.0,False,False,False
PH,2001,159,0,159,0,0,159,0,2238.0,13.0,0.0,0.0,1.0,0.0,0.0,1.0,0.0,0.0,False,False,False
PH,2002,190,0,190,0,0,190,0,2194.0,8.0,0.0,0.0,1.0,0.0,0.0,1.0,0.0,0.0,False,False,False
PH,2003,166,0,166,0,0,166,0,2131.0,12.0,0.0,0.0,1.0,0.0,0.0,1.0,0.0,0.0,False,False,False
PH,2004,179,0,179,0,0,179,0,2727.0,15.0,0.0,0.0,1.0,0.0,0.0,1.0,0.0,0.0,False,False,False
PH,2005,175,0,175,0,0,175,0,2894.0,17.0,0.0,0.0,1.0,0.0,0.0,1.0,0.0,0.0,False,False,False
PH,2006,196,0,196,0,0,196,0,2941.0,14.0,0.0,0.0,1.0,0.0,0.0,1.0,0.0,0.0,False,False,False
PH,2007,193,0,193,0,0,193,0,3097.0,14.0,0.0,0.0,1.0,0.0,0.0,1.0,0.0,0.0,False,False,False
PH,2008,193,0,193,0,0,193,0,3087.0,14.0,0.0,0.0,1.0,0.0,0.0,1.0,0.0,0.0,False,False,False
PH,2009,201,0,201,0,0,201,0,2834.0,13.0,0.0,0.0,1.0,0.0,0.0,1.0,0.0,0.0,False,False,False
PH,2010,202,0,202,0,0,202,0,2823.0,13.0,0.0,0.0,1.0,0.0,0.0,1.0,0.0,0.0,False,False,False
PH,2011,181,0,181,0,0,181,0,2804.0,17.0,0.0,0.0,1.0,0.0,0.0,1.0,0.0,0.0,False,False,False
PH,2012,191,0,191,0,0,191,0,2836.0,13.0,0.0,0.0,1.0,0.0,0.0,1.0,0.0,0.0,False,False,False
PH,2013,178,0,178,0,0,178,0,2569.0,13.0,0.0,0.0,1.0,0.0,0.0,1.0,0.0,0.0,False,False,False
PH,2014,195,0,195,0,0,195,0,2771.0,14.0,0.0,0.0,1.0,0.0,0.0,1.0,0.0,0.0,False,False,False
PH,2015,212,0,212,0,0,212,0,3264.0,17.0,0.0,0.0,1.0,0.0,0.0,1.0,0.0,0.0,False,False,False
PH,2016,260,0,260,0,0,260,0,4302.0,16.0,0.0,0.0,1.0,0.0,0.0,1.0,0.0,0.0,False,False,False
PH,2017,231,0,231,0,0,231,0,4329.0,17.0,0.0,0.0,1.0,0.0,0.0,1.0,0.0,0.0,False,False,False
PH,2018,205,0,205,0,0,205,0,4200.0,18.0,0.0,0.0,1.0,0.0,0.0,1.0,0.0,0.0,False,False,False
PH,2019,180,0,180,0,0,180,0,4381.0,22.0,0.0,0.0,1.0,0.0,0.0,1.0,0.0,0.0,False,False,False
PH,2020,173,0,173,0,0,173,0,2444.0,6.0,0.0,0.0,1.0,0.0,0.0,1.0,0.0,0.0,True,False,False
PH,2021,201,0,201,0,0,201,0,1672.0,4.0,0.0,0.0,1.0,0.0,0.0,1.0,0.0,0.0,True,False,False
PH,2022,210,0,210,0,0,210,0,3328.0,11.0,0.0,0.0,1.0,0.0,0.0,1.0,0.0,0.0,False,False,False
PH,2023,176,0,176,0,0,176,0,3683.0,18.0,0.0,0.0,1.0,0.0,0.0,1.0,0.0,0.0,False,False,False
PH,2024,189,0,189,0,0,189,0,3716.0,18.0,0.0,0.0,1.0,0.0,0.0,1.0,0.0,0.0,False,False,False
PH,2025,173,0,173,0,0,173,0,3690.0,15.0,0.0,0.0,1.0,0.0,0.0,1.0,0.0,0.0,False,False,False
PK,1990,131,0,131,0,0,131,0,814.0,6.0,0.0,0.0,1.0,0.0,0.0,1.0,0.0,0.0,False,False,False
PK,1991,141,0,141,0,0,141,0,808.0,5.0,0.0,0.0,1.0,0.0,0.0,1.0,0.0,0.0,False,False,False
PK,1992,147,0,147,0,0,147,0,837.0,5.0,0.0,0.0,1.0,0.0,0.0,1.0,0.0,0.0,False,False,False
PK,1993,140,0,140,0,0,140,0,773.0,5.0,0.0,0.0,1.0,0.0,0.0,1.0,0.0,0.0,False,False,False
PK,1994,151,0,151,0,0,151,0,939.0,5.0,0.0,0.0,1.0,0.0,0.0,1.0,0.0,0.0,False,False,False
PK,1995,122,0,122,0,0,122,0,730.0,5.0,0.0,0.0,1.0,0.0,0.0,1.0,0.0,0.0,False,False,False
PK,1996,125,0,125,0,0,125,0,732.0,5.0,0.0,0.0,1.0,0.0,0.0,1.0,0.0,0.0,False,False,False
PK,1997,136,0,136,0,0,136,0,751.0,5.0,0.0,0.0,1.0,0.0,0.0,1.0,0.0,0.0,False,False,False
PK,1998,140,0,140,0,0,140,0,728.0,4.0,0.0,0.0,1.0,0.0,0.0,1.0,0.0,0.0,False,False,False
PK,1999,88,0,88,0,0,88,0,600.0,5.0,0.0,0.0,1.0,0.0,0.0,1.0,0.0,0.0,False,False,False
PK,2000,88,0,88,0,0,88,0,726.0,7.0,0.0,0.0,1.0,0.0,0.0,1.0,0.0,0.0,False,False,False
PK,2001,70,0,70,0,0,70,0,606.0,10.0,0.0,0.0,1.0,0.0,0.0,1.0,0.0,0.0,False,False,False
PK,2002,48,0,48,0,0,48,0,460.0,10.0,0.0,0.0,1.0,0.0,0.0,1.0,0.0,0.0,False,False,False
PK,2003,62,0,62,0,0,62,0,608.0,9.0,0.0,0.0,1.0,0.0,0.0,1.0,0.0,0.0,False,False,False
PK,2004,104,0,104,0,0,104,0,778.0,8.0,0.0,0.0,1.0,0.0,0.0,1.0,0.0,0.0,False,False,False
PK,2005,118,0,118,0,0,118,0,750.0,6.0,0.0,0.0,1.0,0.0,0.0,1.0,0.0,0.0,False,False,False
PK,2006,100,0,100,0,0,100,0,790.0,8.0,0.0,0.0,1.0,0.0,0.0,1.0,0.0,0.0,False,False,False
PK,2007,42,0,42,0,0,42,0,500.0,10.0,0.0,0.0,1.0,0.0,0.0,1.0,0.0,0.0,False,False,False
PK,2008,24,0,24,0,0,24,0,268.0,12.0,0.0,0.0,1.0,0.0,0.0,1.0,0.0,0.0,False,False,False
PK,2009,24,0,24,0,0,24,0,226.0,9.0,0.0,0.0,1.0,0.0,0.0,1.0,0.0,0.0,False,False,False
PK,2010,38,0,38,0,0,38,0,391.0,9.0,0.0,0.0,1.0,0.0,0.0,1.0,0.0,0.0,False,False,False
PK,2011,48,0,48,0,0,48,0,526.0,10.5,0.0,0.0,1.0,0.0,0.0,1.0,0.0,0.0,False,False,False
PK,2012,30,0,30,0,0,30,0,356.0,13.0,0.0,0.0,1.0,0.0,0.0,1.0,0.0,0.0,False,False,False
PK,2013,24,0,24,0,0,24,0,284.0,13.0,0.0,0.0,1.0,0.0,0.0,1.0,0.0,0.0,False,False,False
PK,2014,24,0,24,0,0,24,0,208.0,9.0,0.0,0.0,1.0,0.0,0.0,1.0,0.0,0.0,False,False,False
PK,2015,24,0,24,0,0,24,0,208.0,9.0,0.0,0.0,1.0,0.0,0.0,1.0,0.0,0.0,False,False,False
PK,2016,24,0,24,0,0,24,0,206.0,9.0,0.0,0.0,1.0,0.0,0.0,1.0,0.0,0.0,False,False,False
PK,2017,20,0,20,0,0,20,0,150.0,7.0,0.0,0.0,1.0,0.0,0.0,1.0,0.0,0.0,False,False,False
PK,2018,12,0,12,0,0,12,0,326.0,27.5,326.0,0.0,1.0,0.0,0.0,1.0,0.0,1.0,False,False,False
PK,2019,25,0,25,0,0,25,0,1420.0,47.0,1420.0,0.0,1.0,0.0,0.0,1.0,0.0,1.0,False,False,False
PK,2020,2,0,2,0,0,2,0,48.0,24.0,48.0,0.0,1.0,0.0,0.0,1.0,0.0,1.0,True,False,False
PL,1990,86,0,86,0,0,86,0,1002.0,12.0,0.0,0.0,1.0,0.0,0.0,1.0,0.0,0.0,False,False,False
PL,1991,136,0,136,0,0,136,0,952.0,5.0,0.0,0.0,1.0,0.0,0.0,1.0,0.0,0.0,False,False,False
PL,1992,134,0,134,0,0,134,0,1015.0,8.0,0.0,0.0,1.0,0.0,0.0,1.0,0.0,0.0,False,False,False
PL,1993,140,0,140,0,0,140,0,1155.0,8.0,0.0,0.0,1.0,0.0,0.0,1.0,0.0,0.0,False,False,False
PL,1994,152,0,152,0,0,152,0,1204.0,7.0,0.0,0.0,1.0,0.0,0.0,1.0,0.0,0.0,False,False,False
PL,1995,152,0,152,0,0,152,0,1458.0,8.5,0.0,0.0,1.0,0.0,0.0,1.0,0.0,0.0,False,False,False
PL,1996,184,0,184,0,0,184,0,1706.0,6.0,0.0,0.0,1.0,0.0,0.0,1.0,0.0,0.0,False,False,False
PL,1997,170,0,170,0,0,170,0,1862.0,7.0,0.0,0.0,1.0,0.0,0.0,1.0,0.0,0.0,False,False,False
PL,1998,171,0,171,0,0,171,0,1787.0,6.0,0.0,0.0,1.0,0.0,0.0,1.0,0.0,0.0,False,False,False
PL,1999,207,0,207,0,0,207,0,2058.0,8.0,0.0,0.0,1.0,0.0,0.0,1.0,0.0,0.0,False,False,False
PL,2000,247,0,247,0,0,247,0,1981.0,5.0,0.0,0.0,1.0,0.0,0.0,1.0,0.0,0.0,False,False,False
PL,2001,240,0,240,0,0,240,0,2159.0,7.0,0.0,0.0,1.0,0.0,0.0,1.0,0.0,0.0,False,False,False
PL,2002,198,0,198,0,0,198,0,1891.0,9.0,0.0,0.0,1.0,0.0,0.0,1.0,0.0,0.0,False,False,False
PL,2003,202,0,202,0,0,202,0,1878.0,8.0,0.0,0.0,1.0,0.0,0.0,1.0,0.0,0.0,False,False,False
PL,2004,202,0,202,0,0,202,0,1901.0,8.0,0.0,0.0,1.0,0.0,0.0,1.0,0.0,0.0,False,False,False
PL,2005,212,0,212,0,0,212,0,2126.0,8.0,0.0,0.0,1.0,0.0,0.0,1.0,0.0,0.0,False,False,False
PL,2006,215,0,215,0,0,215,0,2499.0,9.0,0.0,0.0,1.0,0.0,0.0,1.0,0.0,0.0,False,False,False
PL,2007,225,0,225,0,0,225,0,2547.0,6.0,0.0,0.0,1.0,0.0,0.0,1.0,0.0,0.0,False,False,False
PL,2008,223,0,223,0,0,223,0,2291.0,7.0,0.0,0.0,1.0,0.0,0.0,1.0,0.0,0.0,False,False,False
PL,2009,115,0,115,0,0,115,0,1892.0,16.0,0.0,0.0,1.0,0.0,0.0,1.0,0.0,0.0,False,False,False
PL,2010,118,0,118,0,0,118,0,1968.0,16.0,0.0,0.0,1.0,0.0,0.0,1.0,0.0,0.0,False,False,False
PL,2011,74,0,74,0,0,74,0,1637.0,20.0,0.0,0.0,1.0,0.0,0.0,1.0,0.0,0.0,False,False,False
PL,2012,69,0,69,0,0,69,0,1537.0,21.0,0.0,0.0,1.0,0.0,0.0,1.0,0.0,0.0,False,False,False
PL,2013,71,0,71,0,0,71,0,1490.0,19.0,0.0,0.0,1.0,0.0,0.0,1.0,0.0,0.0,False,False,False
PL,2014,50,0,50,0,0,50,0,1553.0,30.0,0.0,0.0,1.0,0.0,0.0,1.0,0.0,0.0,False,False,False
PL,2015,48,0,48,0,0,48,0,1396.0,23.0,0.0,0.0,1.0,0.0,0.0,1.0,0.0,0.0,False,False,False
PL,2016,48,0,48,0,0,48,0,1782.0,33.5,0.0,0.0,1.0,0.0,0.0,1.0,0.0,0.0,False,False,False
PL,2017,108,0,108,0,0,108,0,2304.0,19.5,0.0,0.0,1.0,0.0,0.0,1.0,0.0,0.0,False,False,False
PL,2018,244,0,244,0,0,244,0,3062.0,13.0,0.0,0.0,1.0,0.0,0.0,1.0,0.0,0.0,False,False,False
PL,2019,375,0,375,0,0,375,0,3650.0,7.0,0.0,0.0,1.0,0.0,0.0,1.0,0.0,0.0,False,False,False
PL,2020,160,0,160,0,0,160,0,1077.0,5.0,0.0,0.0,1.0,0.0,0.0,1.0,0.0,0.0,True,False,False
PL,2021,201,0,201,0,0,201,0,1769.0,7.0,0.0,0.0,1.0,0.0,0.0,1.0,0.0,0.0,True,False,False
PL,2022,313,0,313,0,0,313,0,3247.0,8.0,0.0,0.0,1.0,0.0,0.0,1.0,0.0,0.0,False,False,False
PL,2023,327,0,327,0,0,327,0,3338.0,7.0,0.0,0.0,1.0,0.0,0.0,1.0,0.0,0.0,False,False,False
PL,2024,321,0,321,0,0,321,0,3145.0,8.0,0.0,0.0,1.0,0.0,0.0,1.0,0.0,0.0,False,False,False
PL,2025,345,0,345,0,0,345,0,3502.0,8.0,0.0,0.0,1.0,0.0,0.0,1.0,0.0,0.0,False,False,False
PT,1990,173,0,173,0,0,173,0,1070.0,4.0,62.0,0.0,1.0,0.0,0.0,1.0,0.0,0.05794392523364486,False,False,False
PT,1991,151,0,151,0,0,151,0,946.0,5.0,28.0,0.0,1.0,0.0,0.0,1.0,0.0,0.02959830866807611,False,False,False
PT,1992,156,0,156,0,0,156,0,1059.0,5.0,8.0,0.0,1.0,0.0,0.0,1.0,0.0,0.007554296506137866,False,False,False
PT,1993,157,0,157,0,0,157,0,1053.0,5.0,0.0,0.0,1.0,0.0,0.0,1.0,0.0,0.0,False,False,False
PT,1994,144,0,144,0,0,144,0,943.0,5.0,10.0,0.0,1.0,0.0,0.0,1.0,0.0,0.010604453870625663,False,False,False
PT,1995,30,0,30,0,0,30,0,610.0,18.0,2.0,0.0,1.0,0.0,0.0,1.0,0.0,0.003278688524590164,False,False,False
PT,1996,51,0,51,0,0,51,0,844.0,14.0,0.0,0.0,1.0,0.0,0.0,1.0,0.0,0.0,False,False,False
PT,1997,84,0,84,0,0,84,0,1030.0,9.0,8.0,0.0,1.0,0.0,0.0,1.0,0.0,0.007766990291262136,False,False,False
PT,1998,85,0,85,0,0,85,0,1100.0,10.0,12.0,0.0,1.0,0.0,0.0,1.0,0.0,0.01090909090909091,False,False,False
PT,1999,108,0,108,0,0,108,0,1394.0,7.0,14.0,0.0,1.0,0.0,0.0,1.0,0.0,0.010043041606886656,False,False,False
PT,2000,124,0,124,0,0,124,0,1315.0,4.0,0.0,0.0,1.0,0.0,0.0,1.0,0.0,0.0,False,False,False
PT,2001,79,0,79,0,0,79,0,1109.0,14.0,0.0,0.0,1.0,0.0,0.0,1.0,0.0,0.0,False,False,False
PT,2002,88,0,88,0,0,88,0,963.0,10.5,58.0,0.0,1.0,0.0,0.0,1.0,0.0,0.060228452751817235,False,False,False
PT,2003,70,0,70,0,0,70,0,873.0,6.0,94.0,0.0,1.0,0.0,0.0,1.0,0.0,0.10767468499427263,False,False,False
PT,2004,79,0,79,0,0,79,0,926.0,6.0,104.0,0.0,1.0,0.0,0.0,1.0,0.0,0.11231101511879049,False,False,False
PT,2005,73,0,73,0,0,73,0,1001.0,11.0,136.0,0.0,1.0,0.0,0.0,1.0,0.0,0.13586413586413587,False,False,False
PT,2006,80,0,80,0,0,80,0,1215.0,12.0,142.0,0.0,1.0,0.0,0.0,1.0,0.0,0.1168724279835391,False,False,False
PT,2007,104,0,104,0,0,104,0,1351.0,12.0,170.0,0.0,1.0,0.0,0.0,1.0,0.0,0.12583271650629163,False,False,False
PT,2008,97,0,97,0,0,97,0,1098.0,10.0,124.0,0.0,1.0,0.0,0.0,1.0,0.0,0.11293260473588343,False,False,False
PT,2009,121,0,121,0,0,121,0,1299.0,9.0,206.0,0.0,1.0,0.0,0.0,1.0,0.0,0.1585835257890685,False,False,False
PT,2010,119,0,119,0,0,119,0,1430.0,10.0,240.0,0.0,1.0,0.0,0.0,1.0,0.0,0.16783216783216784,False,False,False
PT,2011,140,0,140,0,0,140,0,1661.0,10.0,234.0,0.0,1.0,0.0,0.0,1.0,0.0,0.14087898856110775,False,False,False
PT,2012,157,0,157,0,0,157,0,1804.0,10.0,232.0,0.0,1.0,0.0,0.0,1.0,0.0,0.1286031042128603,False,False,False
PT,2013,163,0,163,0,0,163,0,1823.0,11.0,216.0,0.0,1.0,0.0,0.0,1.0,0.0,0.11848601206801974,False,False,False
PT,2014,166,0,166,0,0,166,0,1944.0,11.0,188.0,0.0,1.0,0.0,0.0,1.0,0.0,0.09670781893004116,False,False,False
PT,2015,183,0,183,0,0,183,0,1907.0,9.0,150.0,0.0,1.0,0.0,0.0,1.0,0.0,0.07865757734661773,False,False,False
PT,2016,215,0,215,0,0,215,0,2797.0,9.0,150.0,0.0,1.0,0.0,0.0,1.0,0.0,0.053628888094386845,False,False,False
PT,2017,273,0,273,0,0,273,0,3739.0,9.0,116.0,0.0,1.0,0.0,0.0,1.0,0.0,0.03102433805830436,False,False,False
PT,2018,271,0,271,0,0,271,0,3704.0,9.0,88.0,0.0,1.0,0.0,0.0,1.0,0.0,0.023758099352051837,False,False,False
PT,2019,283,0,283,0,0,283,0,4853.0,19.0,131.0,0.0,1.0,0.0,0.0,1.0,0.0,0.026993612198640018,False,False,False
PT,2020,191,0,191,0,0,191,0,2096.0,9.0,61.0,0.0,1.0,0.0,0.0,1.0,0.0,0.029103053435114504,True,False,False
PT,2021,207,0,207,0,0,207,0,3359.0,13.0,0.0,0.0,1.0,0.0,0.0,1.0,0.0,0.0,True,False,False
PT,2022,309,0,309,0,0,309,0,5845.0,16.0,0.0,0.0,1.0,0.0,0.0,1.0,0.0,0.0,False,False,False
PT,2023,353,0,353,0,0,353,0,7706.0,20.0,0.0,0.0,1.0,0.0,0.0,1.0,0.0,0.0,False,False,False
PT,2024,407,0,407,0,0,407,0,8689.0,18.0,0.0,0.0,1.0,0.0,0.0,1.0,0.0,0.0,False,False,False
PT,2025,391,0,391,0,0,391,0,8692.0,18.0,0.0,0.0,1.0,0.0,0.0,1.0,0.0,0.0,False,False,False
PY,1990,52,0,52,0,0,52,0,336.0,5.0,0.0,0.0,1.0,0.0,0.0,1.0,0.0,0.0,False,False,False
PY,1991,55,0,55,0,0,55,0,335.0,6.0,0.0,0.0,1.0,0.0,0.0,1.0,0.0,0.0,False,False,False
PY,1992,51,0,51,0,0,51,0,351.0,5.0,0.0,0.0,1.0,0.0,0.0,1.0,0.0,0.0,False,False,False
PY,1993,26,0,26,0,0,26,0,346.0,13.0,0.0,0.0,1.0,0.0,0.0,1.0,0.0,0.0,False,False,False
PY,1994,6,0,6,0,0,6,0,71.0,14.5,0.0,0.0,1.0,0.0,0.0,1.0,0.0,0.0,False,False,False
QA,2007,26,0,26,0,0,26,0,566.0,22.0,0.0,0.0,1.0,0.0,0.0,1.0,0.0,0.0,False,False,False
QA,2008,50,0,50,0,0,50,0,1330.0,30.0,0.0,0.0,1.0,0.0,0.0,1.0,0.0,0.0,False,False,False
QA,2009,68,0,68,0,0,68,0,2014.0,31.0,0.0,0.0,1.0,0.0,0.0,1.0,0.0,0.0,False,False,False
QA,2010,72,0,72,0,0,72,0,2190.0,31.0,0.0,0.0,1.0,0.0,0.0,1.0,0.0,0.0,False,False,False
QA,2011,72,0,72,0,0,72,0,2184.0,30.5,0.0,0.0,1.0,0.0,0.0,1.0,0.0,0.0,False,False,False
QA,2012,72,0,72,0,0,72,0,2196.0,31.0,0.0,0.0,1.0,0.0,0.0,1.0,0.0,0.0,False,False,False
QA,2013,90,0,90,0,0,90,0,2660.0,31.0,0.0,0.0,1.0,0.0,0.0,1.0,0.0,0.0,False,False,False
QA,2014,140,0,140,0,0,140,0,4194.0,31.0,0.0,0.0,1.0,0.0,0.0,1.0,0.0,0.0,False,False,False
QA,2015,168,0,168,0,0,168,0,5138.0,31.0,0.0,0.0,1.0,0.0,0.0,1.0,0.0,0.0,False,False,False
QA,2016,224,0,224,0,0,224,0,7238.0,31.0,0.0,0.0,1.0,0.0,0.0,1.0,0.0,0.0,False,False,False
QA,2017,240,0,240,0,0,240,0,7974.0,31.0,0.0,0.0,1.0,0.0,0.0,1.0,0.0,0.0,False,False,False
QA,2018,240,0,240,0,0,240,0,8008.0,31.0,0.0,0.0,1.0,0.0,0.0,1.0,0.0,0.0,False,False,False
QA,2019,240,0,240,0,0,240,0,7888.0,31.0,0.0,0.0,1.0,0.0,0.0,1.0,0.0,0.0,False,False,False
QA,2020,160,0,160,0,0,160,0,4452.0,29.5,0.0,0.0,1.0,0.0,0.0,1.0,0.0,0.0,True,False,False
QA,2021,274,0,274,0,0,274,0,7974.0,30.0,0.0,0.0,1.0,0.0,0.0,1.0,0.0,0.0,True,False,False
QA,2022,288,0,288,0,0,288,0,9422.0,31.0,0.0,0.0,1.0,0.0,0.0,1.0,0.0,0.0,False,False,False
QA,2023,284,0,284,0,0,284,0,9480.0,31.0,0.0,0.0,1.0,0.0,0.0,1.0,0.0,0.0,False,False,False
QA,2024,264,0,264,0,0,264,0,10948.0,31.0,0.0,0.0,1.0,0.0,0.0,1.0,0.0,0.0,False,False,False
QA,2025,339,0,339,0,0,339,0,10696.0,31.0,0.0,0.0,1.0,0.0,0.0,1.0,0.0,0.0,False,False,False
RO,1990,54,0,54,0,0,54,0,267.0,4.0,0.0,0.0,1.0,0.0,0.0,1.0,0.0,0.0,False,False,False
RO,1991,71,0,71,0,0,71,0,459.0,5.0,0.0,0.0,1.0,0.0,0.0,1.0,0.0,0.0,False,False,False
RO,1992,60,0,60,0,0,60,0,394.0,7.5,0.0,0.0,1.0,0.0,0.0,1.0,0.0,0.0,False,False,False
RO,1993,61,0,61,0,0,61,0,345.0,5.0,0.0,0.0,1.0,0.0,0.0,1.0,0.0,0.0,False,False,False
RO,1994,53,0,53,0,0,53,0,460.0,8.0,0.0,0.0,1.0,0.0,0.0,1.0,0.0,0.0,False,False,False
RO,1995,60,0,60,0,0,60,0,446.0,8.0,0.0,0.0,1.0,0.0,0.0,1.0,0.0,0.0,False,False,False
RO,1996,49,0,49,0,0,49,0,313.0,5.0,0.0,0.0,1.0,0.0,0.0,1.0,0.0,0.0,False,False,False
RO,1997,73,0,73,0,0,73,0,350.0,4.0,0.0,0.0,1.0,0.0,0.0,1.0,0.0,0.0,False,False,False
RO,1998,106,0,106,0,0,106,0,452.0,4.0,0.0,0.0,1.0,0.0,0.0,1.0,0.0,0.0,False,False,False
RO,1999,120,0,120,0,0,120,0,529.0,4.0,0.0,0.0,1.0,0.0,0.0,1.0,0.0,0.0,False,False,False
RO,2000,122,0,122,0,0,122,0,520.0,4.0,0.0,0.0,1.0,0.0,0.0,1.0,0.0,0.0,False,False,False
RO,2001,72,0,72,0,0,72,0,346.0,4.0,0.0,0.0,1.0,0.0,0.0,1.0,0.0,0.0,False,False,False
RO,2002,52,0,52,0,0,52,0,370.0,8.0,0.0,0.0,1.0,0.0,0.0,1.0,0.0,0.0,False,False,False
RO,2003,44,0,44,0,0,44,0,344.0,8.0,0.0,0.0,1.0,0.0,0.0,1.0,0.0,0.0,False,False,False
RS,2016,14,0,14,0,0,14,0,248.0,22.0,0.0,0.0,1.0,0.0,0.0,1.0,0.0,0.0,False,False,False
RS,2017,24,0,24,0,0,24,0,377.0,13.0,0.0,0.0,1.0,0.0,0.0,1.0,0.0,0.0,False,False,False
RS,2018,24,0,24,0,0,24,0,389.0,13.5,0.0,0.0,1.0,0.0,0.0,1.0,0.0,0.0,False,False,False
RS,2019,24,0,24,0,0,24,0,361.0,12.5,0.0,0.0,1.0,0.0,0.0,1.0,0.0,0.0,False,False,False
RS,2020,20,0,20,0,0,20,0,246.0,12.5,0.0,0.0,1.0,0.0,0.0,1.0,0.0,0.0,True,False,False
RS,2021,24,0,24,0,0,24,0,332.0,12.5,0.0,0.0,1.0,0.0,0.0,1.0,0.0,0.0,True,False,False
RS,2022,24,0,24,0,0,24,0,390.0,15.0,0.0,0.0,1.0,0.0,0.0,1.0,0.0,0.0,False,False,False
RS,2023,24,0,24,0,0,24,0,438.0,14.5,0.0,0.0,1.0,0.0,0.0,1.0,0.0,0.0,False,False,False
RS,2024,24,0,24,0,0,24,0,418.0,14.5,0.0,0.0,1.0,0.0,0.0,1.0,0.0,0.0,False,False,False
RS,2025,24,0,24,0,0,24,0,442.0,15.5,0.0,0.0,1.0,0.0,0.0,1.0,0.0,0.0,False,False,False
RU,1990,165,0,165,0,0,165,0,1188.0,5.0,1188.0,0.0,1.0,0.0,0.0,1.0,0.0,1.0,False,True,False
RU,1991,134,0,134,0,0,134,0,1014.0,6.0,1014.0,0.0,1.0,0.0,0.0,1.0,0.0,1.0,False,True,False
RU,1992,151,0,151,0,0,151,0,1295.0,5.0,747.0,0.0,1.0,0.0,0.0,1.0,0.0,0.5768339768339769,False,True,False
RU,1993,159,0,159,0,0,159,0,1514.0,9.0,0.0,0.0,1.0,0.0,0.0,1.0,0.0,0.0,False,True,False
RU,1994,160,0,160,0,0,160,0,1225.0,5.0,0.0,0.0,1.0,0.0,0.0,1.0,0.0,0.0,False,True,False
RU,1995,319,0,319,0,0,319,0,2758.0,5.0,83.0,0.0,1.0,0.0,0.0,1.0,0.0,0.03009427121102248,False,True,False
RU,1996,428,0,428,0,0,428,0,3218.0,5.0,156.0,0.0,1.0,0.0,0.0,1.0,0.0,0.048477315102548164,False,True,False
RU,1997,342,0,342,0,0,342,0,2831.0,7.0,248.0,0.0,1.0,0.0,0.0,1.0,0.0,0.08760155422112328,False,True,False
RU,1998,324,0,324,0,0,324,0,2932.0,8.0,304.0,0.0,1.0,0.0,0.0,1.0,0.0,0.10368349249658936,False,True,False
RU,1999,270,0,270,0,0,270,0,2734.0,9.0,340.0,0.0,1.0,0.0,0.0,1.0,0.0,0.12435991221653256,False,True,False
RU,2000,195,0,195,0,0,195,0,2115.0,9.0,403.0,0.0,1.0,0.0,0.0,1.0,0.0,0.19054373522458629,False,True,False
RU,2001,179,0,179,0,0,179,0,1925.0,10.0,357.0,0.0,1.0,0.0,0.0,1.0,0.0,0.18545454545454546,False,True,False
RU,2002,175,0,175,0,0,175,0,1675.0,9.0,290.0,0.0,1.0,0.0,0.0,1.0,0.0,0.17313432835820897,False,True,False
RU,2003,164,0,164,0,0,164,0,1658.0,8.5,284.0,0.0,1.0,0.0,0.0,1.0,0.0,0.1712907117008444,False,True,False
RU,2004,126,0,126,0,0,126,0,1628.0,10.0,158.0,0.0,1.0,0.0,0.0,1.0,0.0,0.09705159705159705,False,True,False
RU,2005,80,0,80,0,0,80,0,1370.0,13.0,0.0,0.0,1.0,0.0,0.0,1.0,0.0,0.0,False,True,False
RU,2006,60,0,60,0,0,60,0,1254.0,22.5,0.0,0.0,1.0,0.0,0.0,1.0,0.0,0.0,False,True,False
RU,2007,90,0,90,0,0,90,0,2013.0,22.0,710.0,0.0,1.0,0.0,0.0,1.0,0.0,0.35270740188772975,False,True,False
RU,2008,85,0,85,0,0,85,0,1629.0,18.0,300.0,0.0,1.0,0.0,0.0,1.0,0.0,0.1841620626151013,False,True,False
RU,2009,75,0,75,0,0,75,0,1272.0,17.0,0.0,0.0,1.0,0.0,0.0,1.0,0.0,0.0,False,True,False
RU,2010,89,0,89,0,0,89,0,1405.0,17.0,0.0,0.0,1.0,0.0,0.0,1.0,0.0,0.0,False,True,False
RU,2011,123,0,123,0,0,123,0,1681.0,14.0,0.0,0.0,1.0,0.0,0.0,1.0,0.0,0.0,False,True,False
RU,2012,129,0,129,0,0,129,0,2253.0,10.0,0.0,0.0,1.0,0.0,0.0,1.0,0.0,0.0,False,True,False
RU,2013,341,0,341,0,0,341,0,17778.0,26.0,14754.0,0.0,1.0,0.0,0.0,1.0,0.0,0.8299021262234222,False,True,False
RU,2014,455,0,455,0,0,455,0,29786.0,37.0,26713.0,0.0,1.0,0.0,0.0,1.0,0.0,0.8968307258443564,False,True,False
RU,2015,427,0,427,0,0,427,0,27974.0,51.0,24933.0,0.0,1.0,0.0,0.0,1.0,0.0,0.8912919139200687,False,True,False
RU,2016,502,0,502,0,0,502,0,32181.0,34.5,29503.0,0.0,1.0,0.0,0.0,1.0,0.0,0.9167831950529816,False,True,False
RU,2017,563,0,563,0,0,563,0,36241.0,31.0,33069.0,0.0,1.0,0.0,0.0,1.0,0.0,0.9124748213349522,False,True,False
RU,2018,557,0,557,0,0,557,0,41120.0,59.0,37754.0,0.0,1.0,0.0,0.0,1.0,0.0,0.9181420233463035,False,True,False
RU,2019,584,0,584,0,0,584,0,44459.0,62.0,41248.0,0.0,1.0,0.0,0.0,1.0,0.0,0.927776153309791,False,True,False
RU,2020,322,0,322,0,0,322,0,14602.0,28.0,13640.0,0.0,1.0,0.0,0.0,1.0,0.0,0.9341186138885085,True,True,False
RU,2021,144,0,144,0,0,144,0,2878.0,14.5,1325.0,0.0,1.0,0.0,0.0,1.0,0.0,0.4603891591382905,True,True,False
RU,2022,66,0,66,0,0,66,0,1446.0,27.0,1206.0,0.0,1.0,0.0,0.0,1.0,0.0,0.8340248962655602,False,True,False
RU,2023,156,0,156,0,0,156,0,3715.0,18.0,3715.0,0.0,1.0,0.0,0.0,1.0,0.0,1.0,False,True,False
RU,2024,180,0,180,0,0,180,0,4377.0,17.0,4377.0,0.0,1.0,0.0,0.0,1.0,0.0,1.0,False,True,False
RU,2025,306,0,306,0,0,306,0,5410.0,13.0,5410.0,0.0,1.0,0.0,0.0,1.0,0.0,1.0,False,True,False
SA,1990,59,0,59,0,0,59,0,378.0,6.0,0.0,0.0,1.0,0.0,0.0,1.0,0.0,0.0,False,False,False
SA,1991,58,0,58,0,0,58,0,386.0,7.0,0.0,0.0,1.0,0.0,0.0,1.0,0.0,0.0,False,False,False
SA,1992,84,0,84,0,0,84,0,401.0,4.0,29.0,0.0,1.0,0.0,0.0,1.0,0.0,0.07231920199501247,False,False,False
SA,1993,65,0,65,0,0,65,0,419.0,5.0,10.0,0.0,1.0,0.0,0.0,1.0,0.0,0.02386634844868735,False,False,False
SA,1994,71,0,71,0,0,71,0,422.0,4.0,0.0,0.0,1.0,0.0,0.0,1.0,0.0,0.0,False,False,False
SA,1995,70,0,70,0,0,70,0,408.0,4.0,0.0,0.0,1.0,0.0,0.0,1.0,0.0,0.0,False,False,False
SA,1996,85,0,85,0,0,85,0,421.0,4.0,0.0,0.0,1.0,0.0,0.0,1.0,0.0,0.0,False,False,False
SA,1997,78,0,78,0,0,78,0,432.0,4.0,0.0,0.0,1.0,0.0,0.0,1.0,0.0,0.0,False,False,False
SA,1998,77,0,77,0,0,77,0,484.0,5.0,0.0,0.0,1.0,0.0,0.0,1.0,0.0,0.0,False,False,False
SA,1999,68,0,68,0,0,68,0,532.0,5.0,0.0,0.0,1.0,0.0,0.0,1.0,0.0,0.0,False,False,False
SA,2000,62,0,62,0,0,62,0,540.0,5.5,0.0,0.0,1.0,0.0,0.0,1.0,0.0,0.0,False,False,False
SA,2001,67,0,67,0,0,67,0,452.0,5.0,0.0,0.0,1.0,0.0,0.0,1.0,0.0,0.0,False,False,False
SA,2002,33,0,33,0,0,33,0,236.0,8.0,0.0,0.0,1.0,0.0,0.0,1.0,0.0,0.0,False,False,False
SA,2003,29,0,29,0,0,29,0,220.0,9.0,0.0,0.0,1.0,0.0,0.0,1.0,0.0,0.0,False,False,False
SA,2004,29,0,29,0,0,29,0,237.0,9.0,0.0,0.0,1.0,0.0,0.0,1.0,0.0,0.0,False,False,False
SA,2005,28,0,28,0,0,28,0,260.0,9.0,0.0,0.0,1.0,0.0,0.0,1.0,0.0,0.0,False,False,False
SA,2006,33,0,33,0,0,33,0,270.0,9.0,0.0,0.0,1.0,0.0,0.0,1.0,0.0,0.0,False,False,False
SA,2007,77,0,77,0,0,77,0,346.0,4.0,0.0,0.0,1.0,0.0,0.0,1.0,0.0,0.0,False,False,False
SA,2008,93,0,93,0,0,93,0,423.0,4.0,0.0,0.0,1.0,0.0,0.0,1.0,0.0,0.0,False,False,False
SA,2009,96,0,96,0,0,96,0,570.0,5.0,0.0,0.0,1.0,0.0,0.0,1.0,0.0,0.0,False,False,False
SA,2010,86,0,86,0,0,86,0,589.0,8.0,0.0,0.0,1.0,0.0,0.0,1.0,0.0,0.0,False,False,False
SA,2011,100,0,100,0,0,100,0,833.0,8.0,0.0,0.0,1.0,0.0,0.0,1.0,0.0,0.0,False,False,False
SA,2012,99,0,99,0,0,99,0,1195.0,13.0,0.0,0.0,1.0,0.0,0.0,1.0,0.0,0.0,False,False,False
SA,2013,127,0,127,0,0,127,0,1399.0,12.0,0.0,0.0,1.0,0.0,0.0,1.0,0.0,0.0,False,False,False
SA,2014,121,0,121,0,0,121,0,1692.0,13.0,0.0,0.0,1.0,0.0,0.0,1.0,0.0,0.0,False,False,False
SA,2015,124,0,124,0,0,124,0,1768.0,14.0,0.0,0.0,1.0,0.0,0.0,1.0,0.0,0.0,False,False,False
SA,2016,128,0,128,0,0,128,0,1850.0,14.0,0.0,0.0,1.0,0.0,0.0,1.0,0.0,0.0,False,False,False
SA,2017,130,0,130,0,0,130,0,1808.0,14.0,0.0,0.0,1.0,0.0,0.0,1.0,0.0,0.0,False,False,False
SA,2018,123,0,123,0,0,123,0,1748.0,13.0,0.0,0.0,1.0,0.0,0.0,1.0,0.0,0.0,False,False,False
SA,2019,125,0,125,0,0,125,0,1765.0,13.0,0.0,0.0,1.0,0.0,0.0,1.0,0.0,0.0,False,False,False
SA,2020,109,0,109,0,0,109,0,755.0,6.0,0.0,0.0,1.0,0.0,0.0,1.0,0.0,0.0,True,False,False
SA,2021,87,0,87,0,0,87,0,815.0,9.0,0.0,0.0,1.0,0.0,0.0,1.0,0.0,0.0,True,False,False
SA,2022,120,0,120,0,0,120,0,1565.0,13.0,0.0,0.0,1.0,0.0,0.0,1.0,0.0,0.0,False,False,False
SA,2023,80,0,80,0,0,80,0,1051.0,13.0,0.0,0.0,1.0,0.0,0.0,1.0,0.0,0.0,False,False,False
SA,2024,115,0,115,0,0,115,0,1617.0,14.0,0.0,0.0,1.0,0.0,0.0,1.0,0.0,0.0,False,False,False
SA,2025,120,0,120,0,0,120,0,1690.0,13.0,0.0,0.0,1.0,0.0,0.0,1.0,0.0,0.0,False,False,False
SE,1990,285,0,285,0,0,285,0,5319.0,20.0,474.0,0.0,1.0,0.0,0.0,1.0,0.0,0.08911449520586577,False,False,False
SE,1991,226,0,226,0,0,226,0,4355.0,22.0,473.0,0.0,1.0,0.0,0.0,1.0,0.0,0.10861079219288175,False,False,False
SE,1992,210,0,210,0,0,210,0,4272.0,22.5,478.0,0.0,1.0,0.0,0.0,1.0,0.0,0.11189138576779026,False,False,False
SE,1993,189,0,189,0,0,189,0,4331.0,28.0,419.0,0.0,1.0,0.0,0.0,1.0,0.0,0.09674440083121681,False,False,False
SE,1994,162,0,162,0,0,162,0,4024.0,30.0,430.0,0.0,1.0,0.0,0.0,1.0,0.0,0.10685884691848907,False,False,False
SE,1995,167,0,167,0,0,167,0,4004.0,27.0,668.0,0.0,1.0,0.0,0.0,1.0,0.0,0.16683316683316685,False,False,False
SE,1996,181,0,181,0,0,181,0,4158.0,28.0,581.0,0.0,1.0,0.0,0.0,1.0,0.0,0.13973063973063973,False,False,False
SE,1997,140,0,140,0,0,140,0,3958.0,30.0,194.0,0.0,1.0,0.0,0.0,1.0,0.0,0.04901465386558868,False,False,False
SE,1998,140,0,140,0,0,140,0,4204.0,30.0,0.0,0.0,1.0,0.0,0.0,1.0,0.0,0.0,False,False,False
SE,1999,144,0,144,0,0,144,0,4915.0,31.0,0.0,0.0,1.0,0.0,0.0,1.0,0.0,0.0,False,False,False
SE,2000,146,0,146,0,0,146,0,4869.0,30.0,0.0,0.0,1.0,0.0,0.0,1.0,0.0,0.0,False,False,False
SE,2001,171,0,171,0,0,171,0,4925.0,30.0,0.0,0.0,1.0,0.0,0.0,1.0,0.0,0.0,False,False,False
SE,2002,163,0,163,0,0,163,0,4752.0,30.0,0.0,0.0,1.0,0.0,0.0,1.0,0.0,0.0,False,False,False
SE,2003,217,0,217,0,0,217,0,5038.0,28.0,0.0,0.0,1.0,0.0,0.0,1.0,0.0,0.0,False,False,False
SE,2004,197,0,197,0,0,197,0,4517.0,28.0,0.0,0.0,1.0,0.0,0.0,1.0,0.0,0.0,False,False,False
SE,2005,201,0,201,0,0,201,0,4156.0,27.0,0.0,0.0,1.0,0.0,0.0,1.0,0.0,0.0,False,False,False
SE,2006,195,0,195,0,0,195,0,3938.0,25.0,0.0,0.0,1.0,0.0,0.0,1.0,0.0,0.0,False,False,False
SE,2007,221,0,221,0,0,221,0,4005.0,21.0,0.0,0.0,1.0,0.0,0.0,1.0,0.0,0.0,False,False,False
SE,2008,190,0,190,0,0,190,0,3852.0,23.0,0.0,0.0,1.0,0.0,0.0,1.0,0.0,0.0,False,False,False
SE,2009,194,0,194,0,0,194,0,3334.0,20.0,0.0,0.0,1.0,0.0,0.0,1.0,0.0,0.0,False,False,False
SE,2010,200,0,200,0,0,200,0,3257.0,19.0,0.0,0.0,1.0,0.0,0.0,1.0,0.0,0.0,False,False,False
SE,2011,205,0,205,0,0,205,0,3843.0,22.0,0.0,0.0,1.0,0.0,0.0,1.0,0.0,0.0,False,False,False
SE,2012,199,0,199,0,0,199,0,3856.0,22.0,0.0,0.0,1.0,0.0,0.0,1.0,0.0,0.0,False,False,False
SE,2013,248,0,248,0,0,248,0,4490.0,21.0,0.0,0.0,1.0,0.0,0.0,1.0,0.0,0.0,False,False,False
SE,2014,238,0,238,0,0,238,0,5136.0,25.0,0.0,0.0,1.0,0.0,0.0,1.0,0.0,0.0,False,False,False
SE,2015,299,0,299,0,0,299,0,5497.0,23.0,0.0,0.0,1.0,0.0,0.0,1.0,0.0,0.0,False,False,False
SE,2016,318,0,318,0,0,318,0,6666.0,25.0,0.0,0.0,1.0,0.0,0.0,1.0,0.0,0.0,False,False,False
SE,2017,386,0,386,0,0,386,0,7107.0,24.0,0.0,0.0,1.0,0.0,0.0,1.0,0.0,0.0,False,False,False
SE,2018,403,0,403,0,0,403,0,6624.0,16.0,0.0,0.0,1.0,0.0,0.0,1.0,0.0,0.0,False,False,False
SE,2019,391,0,391,0,0,391,0,6531.0,19.0,0.0,0.0,1.0,0.0,0.0,1.0,0.0,0.0,False,False,False
SE,2020,165,0,165,0,0,165,0,2097.0,9.0,0.0,0.0,1.0,0.0,0.0,1.0,0.0,0.0,True,False,False
SE,2021,205,0,205,0,0,205,0,2649.0,9.0,0.0,0.0,1.0,0.0,0.0,1.0,0.0,0.0,True,False,False
SE,2022,339,0,339,0,0,339,0,5640.0,16.0,0.0,0.0,1.0,0.0,0.0,1.0,0.0,0.0,False,False,False
SE,2023,387,0,387,0,0,387,0,7088.0,22.0,0.0,0.0,1.0,0.0,0.0,1.0,0.0,0.0,False,False,False
SE,2024,322,0,322,0,0,322,0,7137.0,25.0,0.0,0.0,1.0,0.0,0.0,1.0,0.0,0.0,False,False,False
SE,2025,338,0,338,0,0,338,0,7278.0,25.0,0.0,0.0,1.0,0.0,0.0,1.0,0.0,0.0,False,False,False
SG,1990,74,0,74,0,0,74,0,1771.0,30.0,0.0,0.0,1.0,0.0,0.0,1.0,0.0,0.0,False,False,False
SG,1991,80,0,80,0,0,80,0,1782.0,30.0,0.0,0.0,1.0,0.0,0.0,1.0,0.0,0.0,False,False,False
SG,1992,110,0,110,0,0,110,0,2249.0,22.0,0.0,0.0,1.0,0.0,0.0,1.0,0.0,0.0,False,False,False
SG,1993,124,0,124,0,0,124,0,2768.0,24.0,0.0,0.0,1.0,0.0,0.0,1.0,0.0,0.0,False,False,False
SG,1994,123,0,123,0,0,123,0,2896.0,30.0,0.0,0.0,1.0,0.0,0.0,1.0,0.0,0.0,False,False,False
SG,1995,132,0,132,0,0,132,0,3070.0,29.0,0.0,0.0,1.0,0.0,0.0,1.0,0.0,0.0,False,False,False
SG,1996,144,0,144,0,0,144,0,3396.0,26.0,0.0,0.0,1.0,0.0,0.0,1.0,0.0,0.0,False,False,False
SG,1997,145,0,145,0,0,145,0,3446.0,23.0,0.0,0.0,1.0,0.0,0.0,1.0,0.0,0.0,False,False,False
SG,1998,152,0,152,0,0,152,0,3683.0,30.0,0.0,0.0,1.0,0.0,0.0,1.0,0.0,0.0,False,False,False
SG,1999,144,0,144,0,0,144,0,3890.0,30.0,0.0,0.0,1.0,0.0,0.0,1.0,0.0,0.0,False,False,False
SG,2000,144,0,144,0,0,144,0,4078.0,30.0,0.0,0.0,1.0,0.0,0.0,1.0,0.0,0.0,False,False,False
SG,2001,155,0,155,0,0,155,0,4048.0,30.0,0.0,0.0,1.0,0.0,0.0,1.0,0.0,0.0,False,False,False
SG,2002,172,0,172,0,0,172,0,4221.0,30.0,0.0,0.0,1.0,0.0,0.0,1.0,0.0,0.0,False,False,False
SG,2003,170,0,170,0,0,170,0,4209.0,30.0,0.0,0.0,1.0,0.0,0.0,1.0,0.0,0.0,False,False,False
SG,2004,168,0,168,0,0,168,0,4904.0,31.0,0.0,0.0,1.0,0.0,0.0,1.0,0.0,0.0,False,False,False
SG,2005,170,0,170,0,0,170,0,5110.0,31.0,0.0,0.0,1.0,0.0,0.0,1.0,0.0,0.0,False,False,False
SG,2006,170,0,170,0,0,170,0,5108.0,31.0,0.0,0.0,1.0,0.0,0.0,1.0,0.0,0.0,False,False,False
SG,2007,186,0,186,0,0,186,0,5110.0,30.0,0.0,0.0,1.0,0.0,0.0,1.0,0.0,0.0,False,False,False
SG,2008,178,0,178,0,0,178,0,4796.0,30.0,0.0,0.0,1.0,0.0,0.0,1.0,0.0,0.0,False,False,False
SG,2009,170,0,170,0,0,170,0,4484.0,30.0,0.0,0.0,1.0,0.0,0.0,1.0,0.0,0.0,False,False,False
SG,2010,170,0,170,0,0,170,0,4734.0,30.0,0.0,0.0,1.0,0.0,0.0,1.0,0.0,0.0,False,False,False
SG,2011,172,0,172,0,0,172,0,4948.0,30.0,0.0,0.0,1.0,0.0,0.0,1.0,0.0,0.0,False,False,False
SG,2012,174,0,174,0,0,174,0,4689.0,30.0,0.0,0.0,1.0,0.0,0.0,1.0,0.0,0.0,False,False,False
SG,2013,166,0,166,0,0,166,0,4449.0,30.0,0.0,0.0,1.0,0.0,0.0,1.0,0.0,0.0,False,False,False
SG,2014,120,0,120,0,0,120,0,3461.0,30.0,0.0,0.0,1.0,0.0,0.0,1.0,0.0,0.0,False,False,False
SG,2015,120,0,120,0,0,120,0,3439.0,30.0,0.0,0.0,1.0,0.0,0.0,1.0,0.0,0.0,False,False,False
SG,2016,132,0,132,0,0,132,0,3591.0,30.0,0.0,0.0,1.0,0.0,0.0,1.0,0.0,0.0,False,False,False
SG,2017,146,0,146,0,0,146,0,4155.0,30.0,0.0,0.0,1.0,0.0,0.0,1.0,0.0,0.0,False,False,False
SG,2018,152,0,152,0,0,152,0,4406.0,30.0,0.0,0.0,1.0,0.0,0.0,1.0,0.0,0.0,False,False,False
SG,2019,176,0,176,0,0,176,0,5634.0,31.0,0.0,0.0,1.0,0.0,0.0,1.0,0.0,0.0,False,False,False
SG,2020,66,0,66,0,0,66,0,1529.0,22.0,0.0,0.0,1.0,0.0,0.0,1.0,0.0,0.0,True,False,False
SG,2021,66,0,66,0,0,66,0,1838.0,30.0,0.0,0.0,1.0,0.0,0.0,1.0,0.0,0.0,True,False,False
SG,2022,173,0,173,0,0,173,0,5318.0,30.0,0.0,0.0,1.0,0.0,0.0,1.0,0.0,0.0,False,False,False
SG,2023,230,0,230,0,0,230,0,7127.0,30.0,0.0,0.0,1.0,0.0,0.0,1.0,0.0,0.0,False,False,False
SG,2024,264,0,264,0,0,264,0,7536.0,30.0,0.0,0.0,1.0,0.0,0.0,1.0,0.0,0.0,False,False,False
SG,2025,212,0,212,0,0,212,0,6168.0,31.0,0.0,0.0,1.0,0.0,0.0,1.0,0.0,0.0,False,False,False
SR,1990,45,0,45,0,0,45,0,173.0,4.0,0.0,0.0,1.0,0.0,0.0,1.0,0.0,0.0,False,False,False
SR,1991,48,0,48,0,0,48,0,238.0,4.0,0.0,0.0,1.0,0.0,0.0,1.0,0.0,0.0,False,False,False
SR,1992,36,0,36,0,0,36,0,213.0,5.0,0.0,0.0,1.0,0.0,0.0,1.0,0.0,0.0,False,False,False
SR,1993,8,0,8,0,0,8,0,70.0,9.0,0.0,0.0,1.0,0.0,0.0,1.0,0.0,0.0,False,False,False
SR,2000,2,0,2,0,0,2,0,17.0,8.5,0.0,0.0,1.0,0.0,0.0,1.0,0.0,0.0,False,False,False
SR,2001,36,0,36,0,0,36,0,208.0,6.5,0.0,0.0,1.0,0.0,0.0,1.0,0.0,0.0,False,False,False
SR,2002,10,0,10,0,0,10,0,51.0,5.0,0.0,0.0,1.0,0.0,0.0,1.0,0.0,0.0,False,False,False
SR,2010,18,0,18,0,0,18,0,207.0,12.0,0.0,0.0,1.0,0.0,0.0,1.0,0.0,0.0,False,False,False
SR,2011,24,0,24,0,0,24,0,295.0,13.0,0.0,0.0,1.0,0.0,0.0,1.0,0.0,0.0,False,False,False
SR,2012,42,0,42,0,0,42,0,453.0,11.0,0.0,0.0,1.0,0.0,0.0,1.0,0.0,0.0,False,False,False
SR,2013,48,0,48,0,0,48,0,495.0,9.0,0.0,0.0,1.0,0.0,0.0,1.0,0.0,0.0,False,False,False
SR,2014,48,0,48,0,0,48,0,530.0,12.0,0.0,0.0,1.0,0.0,0.0,1.0,0.0,0.0,False,False,False
SR,2015,56,0,56,0,0,56,0,549.0,9.0,0.0,0.0,1.0,0.0,0.0,1.0,0.0,0.0,False,False,False
SR,2016,58,0,58,0,0,58,0,641.0,13.0,0.0,0.0,1.0,0.0,0.0,1.0,0.0,0.0,False,False,False
SR,2017,80,0,80,0,0,80,0,664.0,8.0,0.0,0.0,1.0,0.0,0.0,1.0,0.0,0.0,False,False,False
SR,2018,57,0,57,0,0,57,0,543.0,10.0,0.0,0.0,1.0,0.0,0.0,1.0,0.0,0.0,False,False,False
SR,2019,62,0,62,0,0,62,0,566.0,9.0,0.0,0.0,1.0,0.0,0.0,1.0,0.0,0.0,False,False,False
SR,2020,28,0,28,0,0,28,0,129.0,3.0,0.0,0.0,1.0,0.0,0.0,1.0,0.0,0.0,True,False,False
SR,2021,33,0,33,0,0,33,0,140.0,4.0,0.0,0.0,1.0,0.0,0.0,1.0,0.0,0.0,True,False,False
SR,2022,27,0,27,0,0,27,0,182.0,8.0,0.0,0.0,1.0,0.0,0.0,1.0,0.0,0.0,False,False,False
SR,2023,26,0,26,0,0,26,0,325.0,13.0,0.0,0.0,1.0,0.0,0.0,1.0,0.0,0.0,False,False,False
SR,2024,44,0,44,0,0,44,0,632.0,13.0,0.0,0.0,1.0,0.0,0.0,1.0,0.0,0.0,False,False,False
SR,2025,32,0,32,0,0,32,0,400.0,13.0,0.0,0.0,1.0,0.0,0.0,1.0,0.0,0.0,False,False,False
TG,2023,1,0,1,0,0,1,0,1.0,1.0,1.0,0.0,1.0,0.0,0.0,1.0,0.0,1.0,False,False,False
TG,2024,7,0,7,0,0,7,0,7.0,1.0,7.0,0.0,1.0,0.0,0.0,1.0,0.0,1.0,False,False,False
TG,2025,6,0,6,0,0,6,0,6.0,1.0,6.0,0.0,1.0,0.0,0.0,1.0,0.0,1.0,False,False,False
TH,1990,58,0,58,0,0,58,0,750.0,13.5,0.0,0.0,1.0,0.0,0.0,1.0,0.0,0.0,False,False,False
TH,1991,90,0,90,0,0,90,0,1483.0,16.0,0.0,0.0,1.0,0.0,0.0,1.0,0.0,0.0,False,False,False
TH,1992,103,0,103,0,0,103,0,1311.0,13.0,0.0,0.0,1.0,0.0,0.0,1.0,0.0,0.0,False,False,False
TH,1993,68,0,68,0,0,68,0,846.0,13.0,0.0,0.0,1.0,0.0,0.0,1.0,0.0,0.0,False,False,False
TH,1994,25,0,25,0,0,25,0,418.0,17.0,0.0,0.0,1.0,0.0,0.0,1.0,0.0,0.0,False,False,False
TH,1995,24,0,24,0,0,24,0,416.0,17.0,0.0,0.0,1.0,0.0,0.0,1.0,0.0,0.0,False,False,False
TH,1996,25,0,25,0,0,25,0,417.0,17.0,0.0,0.0,1.0,0.0,0.0,1.0,0.0,0.0,False,False,False
TH,1997,40,0,40,0,0,40,0,626.0,17.0,0.0,0.0,1.0,0.0,0.0,1.0,0.0,0.0,False,False,False
TH,1998,30,0,30,0,0,30,0,728.0,30.0,0.0,0.0,1.0,0.0,0.0,1.0,0.0,0.0,False,False,False
TH,1999,44,0,44,0,0,44,0,730.0,17.0,0.0,0.0,1.0,0.0,0.0,1.0,0.0,0.0,False,False,False
TH,2000,48,0,48,0,0,48,0,733.0,15.0,0.0,0.0,1.0,0.0,0.0,1.0,0.0,0.0,False,False,False
TH,2001,48,0,48,0,0,48,0,711.0,14.0,0.0,0.0,1.0,0.0,0.0,1.0,0.0,0.0,False,False,False
TH,2002,45,0,45,0,0,45,0,641.0,14.0,0.0,0.0,1.0,0.0,0.0,1.0,0.0,0.0,False,False,False
TH,2003,44,0,44,0,0,44,0,650.0,13.5,0.0,0.0,1.0,0.0,0.0,1.0,0.0,0.0,False,False,False
TH,2004,30,0,30,0,0,30,0,494.0,17.0,0.0,0.0,1.0,0.0,0.0,1.0,0.0,0.0,False,False,False
TH,2005,51,0,51,0,0,51,0,806.0,18.0,0.0,0.0,1.0,0.0,0.0,1.0,0.0,0.0,False,False,False
TH,2006,54,0,54,0,0,54,0,812.0,17.0,0.0,0.0,1.0,0.0,0.0,1.0,0.0,0.0,False,False,False
TH,2007,60,0,60,0,0,60,0,1324.0,27.0,0.0,0.0,1.0,0.0,0.0,1.0,0.0,0.0,False,False,False
TH,2008,46,0,46,0,0,46,0,1098.0,22.0,0.0,0.0,1.0,0.0,0.0,1.0,0.0,0.0,False,False,False
TH,2009,24,0,24,0,0,24,0,492.0,20.5,0.0,0.0,1.0,0.0,0.0,1.0,0.0,0.0,False,False,False
TH,2010,24,0,24,0,0,24,0,730.0,31.0,0.0,0.0,1.0,0.0,0.0,1.0,0.0,0.0,False,False,False
TH,2011,24,0,24,0,0,24,0,728.0,31.0,0.0,0.0,1.0,0.0,0.0,1.0,0.0,0.0,False,False,False
TH,2012,28,0,28,0,0,28,0,470.0,18.0,0.0,0.0,1.0,0.0,0.0,1.0,0.0,0.0,False,False,False
TH,2013,24,0,24,0,0,24,0,418.0,17.5,0.0,0.0,1.0,0.0,0.0,1.0,0.0,0.0,False,False,False
TH,2014,32,0,32,0,0,32,0,417.0,16.0,0.0,0.0,1.0,0.0,0.0,1.0,0.0,0.0,False,False,False
TH,2015,22,0,22,0,0,22,0,339.0,17.0,0.0,0.0,1.0,0.0,0.0,1.0,0.0,0.0,False,False,False
TR,1990,26,0,26,0,0,26,0,368.0,13.0,0.0,0.0,1.0,0.0,0.0,1.0,0.0,0.0,False,False,False
TR,1991,34,0,34,0,0,34,0,496.0,16.0,0.0,0.0,1.0,0.0,0.0,1.0,0.0,0.0,False,False,False
TR,1992,42,0,42,0,0,42,0,788.0,18.0,0.0,0.0,1.0,0.0,0.0,1.0,0.0,0.0,False,False,False
TR,1993,24,0,24,0,0,24,0,654.0,30.0,0.0,0.0,1.0,0.0,0.0,1.0,0.0,0.0,False,False,False
TR,1994,30,0,30,0,0,30,0,726.0,30.0,0.0,0.0,1.0,0.0,0.0,1.0,0.0,0.0,False,False,False
TR,1995,37,0,37,0,0,37,0,728.0,23.0,0.0,0.0,1.0,0.0,0.0,1.0,0.0,0.0,False,False,False
TR,1996,29,0,29,0,0,29,0,732.0,30.0,0.0,0.0,1.0,0.0,0.0,1.0,0.0,0.0,False,False,False
TR,1997,40,0,40,0,0,40,0,942.0,30.0,0.0,0.0,1.0,0.0,0.0,1.0,0.0,0.0,False,False,False
TR,1998,48,0,48,0,0,48,0,1042.0,21.0,0.0,0.0,1.0,0.0,0.0,1.0,0.0,0.0,False,False,False
TR,1999,66,0,66,0,0,66,0,1212.0,13.0,0.0,0.0,1.0,0.0,0.0,1.0,0.0,0.0,False,False,False
TR,2000,76,0,76,0,0,76,0,1452.0,15.5,0.0,0.0,1.0,0.0,0.0,1.0,0.0,0.0,False,False,False
TR,2001,66,0,66,0,0,66,0,1416.0,22.0,0.0,0.0,1.0,0.0,0.0,1.0,0.0,0.0,False,False,False
TR,2002,48,0,48,0,0,48,0,1022.0,18.0,0.0,0.0,1.0,0.0,0.0,1.0,0.0,0.0,False,False,False
TR,2003,48,0,48,0,0,48,0,1083.0,23.5,0.0,0.0,1.0,0.0,0.0,1.0,0.0,0.0,False,False,False
TR,2004,48,0,48,0,0,48,0,1086.0,23.0,0.0,0.0,1.0,0.0,0.0,1.0,0.0,0.0,False,False,False
TR,2005,48,0,48,0,0,48,0,1092.0,23.5,0.0,0.0,1.0,0.0,0.0,1.0,0.0,0.0,False,False,False
TR,2006,52,0,52,0,0,52,0,1072.0,14.0,0.0,0.0,1.0,0.0,0.0,1.0,0.0,0.0,False,False,False
TR,2007,76,0,76,0,0,76,0,1138.0,13.0,0.0,0.0,1.0,0.0,0.0,1.0,0.0,0.0,False,False,False
TR,2008,82,0,82,0,0,82,0,1100.0,13.0,0.0,0.0,1.0,0.0,0.0,1.0,0.0,0.0,False,False,False
TR,2009,94,0,94,0,0,94,0,1334.0,12.0,0.0,0.0,1.0,0.0,0.0,1.0,0.0,0.0,False,False,False
TR,2010,102,0,102,0,0,102,0,1608.0,15.0,0.0,0.0,1.0,0.0,0.0,1.0,0.0,0.0,False,False,False
TR,2011,154,0,154,0,0,154,0,2842.0,17.0,0.0,0.0,1.0,0.0,0.0,1.0,0.0,0.0,False,False,False
TR,2012,138,0,138,0,0,138,0,3726.0,30.0,0.0,0.0,1.0,0.0,0.0,1.0,0.0,0.0,False,False,False
TR,2013,162,0,162,0,0,162,0,4568.0,30.0,0.0,0.0,1.0,0.0,0.0,1.0,0.0,0.0,False,False,False
TR,2014,178,0,178,0,0,178,0,5235.0,31.0,0.0,0.0,1.0,0.0,0.0,1.0,0.0,0.0,False,False,False
TR,2015,208,0,208,0,0,208,0,6301.0,30.0,0.0,0.0,1.0,0.0,0.0,1.0,0.0,0.0,False,False,False
TR,2016,252,0,252,0,0,252,0,7519.0,30.0,0.0,0.0,1.0,0.0,0.0,1.0,0.0,0.0,False,False,False
TR,2017,246,0,246,0,0,246,0,7065.0,30.0,0.0,0.0,1.0,0.0,0.0,1.0,0.0,0.0,False,False,False
TR,2018,240,0,240,0,0,240,0,7277.0,30.0,0.0,0.0,1.0,0.0,0.0,1.0,0.0,0.0,False,False,False
TR,2019,262,0,262,0,0,262,0,7319.0,30.0,0.0,0.0,1.0,0.0,0.0,1.0,0.0,0.0,False,False,False
TR,2020,242,0,242,0,0,242,0,3645.0,14.5,0.0,0.0,1.0,0.0,0.0,1.0,0.0,0.0,True,False,False
TR,2021,388,0,388,0,0,388,0,7860.0,18.0,0.0,0.0,1.0,0.0,0.0,1.0,0.0,0.0,True,False,False
TR,2022,467,0,467,0,0,467,0,11627.0,26.0,0.0,0.0,1.0,0.0,0.0,1.0,0.0,0.0,False,False,False
TR,2023,526,0,526,0,0,526,0,12588.0,26.0,0.0,0.0,1.0,0.0,0.0,1.0,0.0,0.0,False,False,False
TR,2024,641,0,641,0,0,641,0,14189.0,22.0,0.0,0.0,1.0,0.0,0.0,1.0,0.0,0.0,False,False,False
TR,2025,654,0,654,0,0,654,0,15313.0,25.0,0.0,0.0,1.0,0.0,0.0,1.0,0.0,0.0,False,False,False
TT,1990,342,0,342,0,0,342,0,4957.0,11.0,0.0,0.0,1.0,0.0,0.0,1.0,0.0,0.0,False,False,False
TT,1991,341,0,341,0,0,341,0,5412.0,13.0,0.0,0.0,1.0,0.0,0.0,1.0,0.0,0.0,False,False,False
TT,1992,288,0,288,0,0,288,0,5132.0,16.5,0.0,0.0,1.0,0.0,0.0,1.0,0.0,0.0,False,False,False
TT,1993,155,0,155,0,0,155,0,3603.0,29.0,0.0,0.0,1.0,0.0,0.0,1.0,0.0,0.0,False,False,False
TT,1994,192,0,192,0,0,192,0,3204.0,16.5,0.0,0.0,1.0,0.0,0.0,1.0,0.0,0.0,False,False,False
TT,1995,177,0,177,0,0,177,0,3701.0,27.0,0.0,0.0,1.0,0.0,0.0,1.0,0.0,0.0,False,False,False
TT,1996,261,0,261,0,0,261,0,3507.0,11.0,0.0,0.0,1.0,0.0,0.0,1.0,0.0,0.0,False,False,False
TT,1997,250,0,250,0,0,250,0,3461.0,14.0,0.0,0.0,1.0,0.0,0.0,1.0,0.0,0.0,False,False,False
TT,1998,227,0,227,0,0,227,0,3502.0,16.0,0.0,0.0,1.0,0.0,0.0,1.0,0.0,0.0,False,False,False
TT,1999,263,0,263,0,0,263,0,3675.0,9.0,0.0,0.0,1.0,0.0,0.0,1.0,0.0,0.0,False,False,False
TT,2000,255,0,255,0,0,255,0,4063.0,9.0,0.0,0.0,1.0,0.0,0.0,1.0,0.0,0.0,False,False,False
TT,2001,246,0,246,0,0,246,0,4336.0,13.0,0.0,0.0,1.0,0.0,0.0,1.0,0.0,0.0,False,False,False
TT,2002,239,0,239,0,0,239,0,3941.0,13.0,0.0,0.0,1.0,0.0,0.0,1.0,0.0,0.0,False,False,False
TT,2003,192,0,192,0,0,192,0,3407.0,14.5,0.0,0.0,1.0,0.0,0.0,1.0,0.0,0.0,False,False,False
TT,2004,199,0,199,0,0,199,0,3544.0,13.0,0.0,0.0,1.0,0.0,0.0,1.0,0.0,0.0,False,False,False
TT,2005,207,0,207,0,0,207,0,3480.0,11.0,0.0,0.0,1.0,0.0,0.0,1.0,0.0,0.0,False,False,False
TT,2006,185,0,185,0,0,185,0,3407.0,21.0,0.0,0.0,1.0,0.0,0.0,1.0,0.0,0.0,False,False,False
TT,2007,57,0,57,0,0,57,0,1752.0,31.0,0.0,0.0,1.0,0.0,0.0,1.0,0.0,0.0,False,False,False
TT,2008,64,0,64,0,0,64,0,2868.0,31.0,0.0,0.0,1.0,0.0,0.0,1.0,0.0,0.0,False,False,False
TT,2009,78,0,78,0,0,78,0,3730.0,31.0,0.0,0.0,1.0,0.0,0.0,1.0,0.0,0.0,False,False,False
TT,2010,90,0,90,0,0,90,0,4005.0,31.0,0.0,0.0,1.0,0.0,0.0,1.0,0.0,0.0,False,False,False
TT,2011,253,0,253,0,0,253,0,7452.0,26.0,0.0,0.0,1.0,0.0,0.0,1.0,0.0,0.0,False,False,False
TT,2012,328,0,328,0,0,328,0,9987.0,29.0,0.0,0.0,1.0,0.0,0.0,1.0,0.0,0.0,False,False,False
TT,2013,298,0,298,0,0,298,0,8023.0,26.0,0.0,0.0,1.0,0.0,0.0,1.0,0.0,0.0,False,False,False
TT,2014,300,0,300,0,0,300,0,8265.0,29.5,0.0,0.0,1.0,0.0,0.0,1.0,0.0,0.0,False,False,False
TT,2015,308,0,308,0,0,308,0,8175.0,30.0,0.0,0.0,1.0,0.0,0.0,1.0,0.0,0.0,False,False,False
TT,2016,265,0,265,0,0,265,0,7864.0,30.0,0.0,0.0,1.0,0.0,0.0,1.0,0.0,0.0,False,False,False
TT,2017,257,0,257,0,0,257,0,7589.0,30.0,0.0,0.0,1.0,0.0,0.0,1.0,0.0,0.0,False,False,False
TT,2018,273,0,273,0,0,273,0,7393.0,30.0,0.0,0.0,1.0,0.0,0.0,1.0,0.0,0.0,False,False,False
TT,2019,259,0,259,0,0,259,0,7006.0,30.0,0.0,0.0,1.0,0.0,0.0,1.0,0.0,0.0,False,False,False
TT,2020,115,0,115,0,0,115,0,2014.0,14.0,0.0,0.0,1.0,0.0,0.0,1.0,0.0,0.0,True,False,False
TT,2021,159,0,159,0,0,159,0,1821.0,9.0,0.0,0.0,1.0,0.0,0.0,1.0,0.0,0.0,True,False,False
TT,2022,288,0,288,0,0,288,0,3468.0,8.0,0.0,0.0,1.0,0.0,0.0,1.0,0.0,0.0,False,False,False
TT,2023,208,0,208,0,0,208,0,4033.0,18.0,0.0,0.0,1.0,0.0,0.0,1.0,0.0,0.0,False,False,False
TT,2024,219,0,219,0,0,219,0,4155.0,16.0,0.0,0.0,1.0,0.0,0.0,1.0,0.0,0.0,False,False,False
TT,2025,292,0,292,0,0,292,0,5613.0,16.5,0.0,0.0,1.0,0.0,0.0,1.0,0.0,0.0,False,False,False
TW,1990,136,0,136,0,0,136,0,1870.0,13.0,0.0,0.0,1.0,0.0,0.0,1.0,0.0,0.0,False,False,False
TW,1991,150,0,150,0,0,150,0,1820.0,12.0,0.0,0.0,1.0,0.0,0.0,1.0,0.0,0.0,False,False,False
TW,1992,162,0,162,0,0,162,0,2051.0,12.0,0.0,0.0,1.0,0.0,0.0,1.0,0.0,0.0,False,False,False
TW,1993,189,0,189,0,0,189,0,3523.0,21.0,0.0,0.0,1.0,0.0,0.0,1.0,0.0,0.0,False,False,False
TW,1994,263,0,263,0,0,263,0,5096.0,19.0,0.0,0.0,1.0,0.0,0.0,1.0,0.0,0.0,False,False,False
TW,1995,259,0,259,0,0,259,0,6176.0,22.0,0.0,0.0,1.0,0.0,0.0,1.0,0.0,0.0,False,False,False
TW,1996,312,0,312,0,0,312,0,6912.0,18.0,0.0,0.0,1.0,0.0,0.0,1.0,0.0,0.0,False,False,False
TW,1997,331,0,331,0,0,331,0,7007.0,18.0,0.0,0.0,1.0,0.0,0.0,1.0,0.0,0.0,False,False,False
TW,1998,305,0,305,0,0,305,0,7142.0,18.0,0.0,0.0,1.0,0.0,0.0,1.0,0.0,0.0,False,False,False
TW,1999,301,0,301,0,0,301,0,7119.0,21.0,0.0,0.0,1.0,0.0,0.0,1.0,0.0,0.0,False,False,False
TW,2000,270,0,270,0,0,270,0,7223.0,22.0,0.0,0.0,1.0,0.0,0.0,1.0,0.0,0.0,False,False,False
TW,2001,244,0,244,0,0,244,0,6482.0,22.0,0.0,0.0,1.0,0.0,0.0,1.0,0.0,0.0,False,False,False
TW,2002,240,0,240,0,0,240,0,6768.0,28.5,0.0,0.0,1.0,0.0,0.0,1.0,0.0,0.0,False,False,False
TW,2003,254,0,254,0,0,254,0,6707.0,25.0,0.0,0.0,1.0,0.0,0.0,1.0,0.0,0.0,False,False,False
TW,2004,278,0,278,0,0,278,0,7154.0,22.0,0.0,0.0,1.0,0.0,0.0,1.0,0.0,0.0,False,False,False
TW,2005,288,0,288,0,0,288,0,7646.0,22.0,0.0,0.0,1.0,0.0,0.0,1.0,0.0,0.0,False,False,False
TW,2006,297,0,297,0,0,297,0,7892.0,21.0,0.0,0.0,1.0,0.0,0.0,1.0,0.0,0.0,False,False,False
TW,2007,306,0,306,0,0,306,0,7742.0,19.0,0.0,0.0,1.0,0.0,0.0,1.0,0.0,0.0,False,False,False
TW,2008,321,0,321,0,0,321,0,7408.0,17.0,0.0,0.0,1.0,0.0,0.0,1.0,0.0,0.0,False,False,False
TW,2009,300,0,300,0,0,300,0,7109.0,15.0,0.0,0.0,1.0,0.0,0.0,1.0,0.0,0.0,False,False,False
TW,2010,279,0,279,0,0,279,0,6871.0,18.0,0.0,0.0,1.0,0.0,0.0,1.0,0.0,0.0,False,False,False
TW,2011,269,0,269,0,0,269,0,6811.0,18.0,0.0,0.0,1.0,0.0,0.0,1.0,0.0,0.0,False,False,False
TW,2012,276,0,276,0,0,276,0,7274.0,21.0,0.0,0.0,1.0,0.0,0.0,1.0,0.0,0.0,False,False,False
TW,2013,319,0,319,0,0,319,0,7854.0,20.0,0.0,0.0,1.0,0.0,0.0,1.0,0.0,0.0,False,False,False
TW,2014,337,0,337,0,0,337,0,8520.0,15.0,0.0,0.0,1.0,0.0,0.0,1.0,0.0,0.0,False,False,False
TW,2015,335,0,335,0,0,335,0,9106.0,18.0,0.0,0.0,1.0,0.0,0.0,1.0,0.0,0.0,False,False,False
TW,2016,332,0,332,0,0,332,0,10260.0,25.5,0.0,0.0,1.0,0.0,0.0,1.0,0.0,0.0,False,False,False
TW,2017,306,0,306,0,0,306,0,11394.0,31.0,0.0,0.0,1.0,0.0,0.0,1.0,0.0,0.0,False,False,False
TW,2018,288,0,288,0,0,288,0,10354.0,30.0,0.0,0.0,1.0,0.0,0.0,1.0,0.0,0.0,False,False,False
TW,2019,296,0,296,0,0,296,0,10257.0,30.0,0.0,0.0,1.0,0.0,0.0,1.0,0.0,0.0,False,False,False
TW,2020,231,0,231,0,0,231,0,5612.0,14.0,0.0,0.0,1.0,0.0,0.0,1.0,0.0,0.0,True,False,False
TW,2021,212,0,212,0,0,212,0,3697.0,9.0,0.0,0.0,1.0,0.0,0.0,1.0,0.0,0.0,True,False,False
TW,2022,219,0,219,0,0,219,0,5007.0,17.0,0.0,0.0,1.0,0.0,0.0,1.0,0.0,0.0,False,False,False
TW,2023,301,0,301,0,0,301,0,9729.0,30.0,0.0,0.0,1.0,0.0,0.0,1.0,0.0,0.0,False,False,False
TW,2024,336,0,336,0,0,336,0,10769.0,30.0,0.0,0.0,1.0,0.0,0.0,1.0,0.0,0.0,False,False,False
TW,2025,355,0,355,0,0,355,0,11204.0,28.0,0.0,0.0,1.0,0.0,0.0,1.0,0.0,0.0,False,False,False
UA,1993,4,0,4,0,0,4,0,54.0,13.5,0.0,0.0,1.0,0.0,0.0,1.0,0.0,0.0,False,False,False
UA,1994,40,0,40,0,0,40,0,400.0,12.5,0.0,0.0,1.0,0.0,0.0,1.0,0.0,0.0,False,False,False
UA,1995,31,0,31,0,0,31,0,336.0,12.0,0.0,0.0,1.0,0.0,0.0,1.0,0.0,0.0,False,False,False
UA,1996,37,0,37,0,0,37,0,250.0,7.0,0.0,0.0,1.0,0.0,0.0,1.0,0.0,0.0,False,False,False
UA,1997,33,0,33,0,0,33,0,250.0,8.0,0.0,0.0,1.0,0.0,0.0,1.0,0.0,0.0,False,False,False
UA,1998,37,0,37,0,0,37,0,258.0,7.0,0.0,0.0,1.0,0.0,0.0,1.0,0.0,0.0,False,False,False
UA,1999,6,0,6,0,0,6,0,23.0,3.0,0.0,0.0,1.0,0.0,0.0,1.0,0.0,0.0,False,False,False
UA,2003,20,0,20,0,0,20,0,190.0,9.0,0.0,0.0,1.0,0.0,0.0,1.0,0.0,0.0,False,False,False
UA,2004,24,0,24,0,0,24,0,308.0,13.0,0.0,0.0,1.0,0.0,0.0,1.0,0.0,0.0,False,False,False
UA,2005,24,0,24,0,0,24,0,396.0,15.0,0.0,0.0,1.0,0.0,0.0,1.0,0.0,0.0,False,False,False
UA,2006,24,0,24,0,0,24,0,422.0,17.5,0.0,0.0,1.0,0.0,0.0,1.0,0.0,0.0,False,False,False
UA,2007,24,0,24,0,0,24,0,432.0,17.5,0.0,0.0,1.0,0.0,0.0,1.0,0.0,0.0,False,False,False
UA,2008,23,0,23,0,0,23,0,444.0,18.0,0.0,0.0,1.0,0.0,0.0,1.0,0.0,0.0,False,False,False
UA,2009,24,0,24,0,0,24,0,428.0,18.0,0.0,0.0,1.0,0.0,0.0,1.0,0.0,0.0,False,False,False
UA,2010,22,0,22,0,0,22,0,440.0,20.0,0.0,0.0,1.0,0.0,0.0,1.0,0.0,0.0,False,False,False
UA,2011,24,0,24,0,0,24,0,518.0,20.5,0.0,0.0,1.0,0.0,0.0,1.0,0.0,0.0,False,False,False
UA,2012,24,0,24,0,0,24,0,512.0,19.0,0.0,0.0,1.0,0.0,0.0,1.0,0.0,0.0,False,False,False
UA,2013,2,0,2,0,0,2,0,26.0,13.0,0.0,0.0,1.0,0.0,0.0,1.0,0.0,0.0,False,False,False
UA,2014,9,0,9,0,0,9,0,141.0,17.0,0.0,0.0,1.0,0.0,0.0,1.0,0.0,0.0,False,False,False
UA,2015,24,0,24,0,0,24,0,446.0,19.0,0.0,0.0,1.0,0.0,0.0,1.0,0.0,0.0,False,False,False
UA,2016,21,0,21,0,0,21,0,517.0,25.0,0.0,0.0,1.0,0.0,0.0,1.0,0.0,0.0,False,False,False
UA,2017,24,0,24,0,0,24,0,647.0,28.0,0.0,0.0,1.0,0.0,0.0,1.0,0.0,0.0,False,False,False
UA,2018,24,0,24,0,0,24,0,657.0,29.0,0.0,0.0,1.0,0.0,0.0,1.0,0.0,0.0,False,False,False
UA,2019,24,0,24,0,0,24,0,639.0,30.0,0.0,0.0,1.0,0.0,0.0,1.0,0.0,0.0,False,False,False
UA,2020,10,0,10,0,0,10,0,104.0,11.5,0.0,0.0,1.0,0.0,0.0,1.0,0.0,0.0,True,False,False
UA,2022,16,0,16,0,0,16,0,612.0,41.5,612.0,0.0,1.0,0.0,0.0,1.0,0.0,1.0,False,False,False
UA,2023,24,0,24,0,0,24,0,976.0,39.0,976.0,0.0,1.0,0.0,0.0,1.0,0.0,1.0,False,False,False
UA,2024,34,0,34,0,0,34,0,1173.0,34.0,1173.0,0.0,1.0,0.0,0.0,1.0,0.0,1.0,False,False,False
UA,2025,48,0,48,0,0,48,0,1605.0,32.5,1605.0,0.0,1.0,0.0,0.0,1.0,0.0,1.0,False,False,False
US,1990,15441,15441,0,0,15441,0,0,336411.0,18.0,0.0,1.0,0.0,0.0,1.0,0.0,0.0,0.0,False,False,True
US,1991,16575,16575,0,0,16575,0,0,351574.0,18.0,0.0,1.0,0.0,0.0,1.0,0.0,0.0,0.0,False,False,True
US,1992,16598,16574,24,0,16574,24,0,400563.0,24.0,360.0,0.9985540426557417,0.0014459573442583444,0.0,0.9985540426557417,0.0014459573442583444,0.0,0.0008987350304446492,False,False,True
US,1993,16289,16237,52,0,16237,52,0,424180.0,27.0,1089.0,0.9968076616121309,0.0031923383878691143,0.0,0.9968076616121309,0.0031923383878691143,0.0,0.002567306332217455,False,False,True
US,1994,16327,16230,97,0,16230,97,0,427605.0,27.0,1670.0,0.9940589208060269,0.005941079193973174,0.0,0.9940589208060269,0.005941079193973174,0.0,0.0039054735094304323,False,False,True
US,1995,16949,16865,84,0,16865,84,0,453213.0,28.0,1606.0,0.9950439553955985,0.004956044604401439,0.0,0.9950439553955985,0.004956044604401439,0.0,0.003543587672904352,False,False,True
US,1996,17366,17286,80,0,17286,80,0,455017.0,28.0,1841.0,0.9953932972474951,0.004606702752504895,0.0,0.9953932972474951,0.004606702752504895,0.0,0.004046002676823064,False,False,True
US,1997,16824,16752,72,0,16752,72,0,460011.0,29.0,1869.0,0.9957203994293866,0.0042796005706134095,0.0,0.9957203994293866,0.0042796005706134095,0.0,0.00406294632084885,False,False,True
US,1998,17563,17483,80,0,17483,80,0,526225.0,29.0,1974.0,0.9954449695382338,0.004555030461766213,0.0,0.9954449695382338,0.004555030461766213,0.0,0.0037512470901230463,False,False,True
US,1999,18390,18318,72,0,18318,72,0,544226.0,29.0,1820.0,0.9960848287112561,0.003915171288743882,0.0,0.9960848287112561,0.003915171288743882,0.0,0.0033441989173615375,False,False,True
US,2000,19978,19903,75,0,19903,75,0,599181.0,29.0,1861.0,0.9962458704575032,0.0037541295424967465,0.0,0.9962458704575032,0.0037541295424967465,0.0,0.0031059062286687995,False,False,True
US,2001,21141,21068,73,0,21069,72,0,605265.0,28.0,1764.0,0.9965469939927156,0.0034530060072844237,0.0,0.9965942954448701,0.0034057045551298426,0.0,0.0029144259126167877,False,False,True
US,2002,20288,20211,77,0,20211,77,0,598926.0,29.0,1988.0,0.9962046529968455,0.003795347003154574,0.0,0.9962046529968455,0.003795347003154574,0.0,0.0033192748352885,False,False,True
US,2003,23310,23246,64,0,23248,62,0,684632.0,27.0,1884.0,0.9972543972543972,0.0027456027456027455,0.0,0.9973401973401973,0.0026598026598026597,0.0,0.002751843326049615,False,False,True
US,2004,25746,25746,0,0,25746,0,0,737274.0,28.0,0.0,1.0,0.0,0.0,1.0,0.0,0.0,0.0,False,False,True
US,2005,28632,28631,1,0,28631,1,0,792741.0,26.0,0.0,0.9999650740430288,3.492595697122101e-05,0.0,0.9999650740430288,3.492595697122101e-05,0.0,0.0,False,False,True
US,2006,30883,30883,0,0,30883,0,0,813450.0,25.0,0.0,1.0,0.0,0.0,1.0,0.0,0.0,0.0,False,False,True
US,2007,32284,32277,7,0,32284,0,0,835714.0,22.0,0.0,0.9997831743278404,0.0002168256721595837,0.0,1.0,0.0,0.0,0.0,False,False,True
US,2008,32776,32776,0,0,32776,0,0,826366.0,22.0,0.0,1.0,0.0,0.0,1.0,0.0,0.0,0.0,False,False,True
US,2009,30663,30663,0,0,30663,0,0,775885.0,21.0,0.0,1.0,0.0,0.0,1.0,0.0,0.0,0.0,False,False,True
US,2010,31976,31976,0,0,31976,0,0,799151.0,21.0,0.0,1.0,0.0,0.0,1.0,0.0,0.0,0.0,False,False,True
US,2011,32579,32559,20,0,32579,0,0,809156.0,21.0,0.0,0.9993861076153351,0.0006138923846649683,0.0,1.0,0.0,0.0,0.0,False,False,True
US,2012,31848,31848,0,0,31848,0,0,822504.0,23.0,0.0,1.0,0.0,0.0,1.0,0.0,0.0,0.0,False,False,True
US,2013,32485,32468,17,0,32485,0,0,829734.0,22.0,0.0,0.9994766815453286,0.0005233184546713867,0.0,1.0,0.0,0.0,0.0,False,False,True
US,2014,34959,34947,12,0,34947,12,0,848084.0,20.0,216.0,0.999656740753454,0.00034325924654595385,0.0,0.999656740753454,0.00034325924654595385,0.0,0.00025469175223209023,False,False,True
US,2015,36733,36693,40,0,36693,40,0,837884.0,18.0,961.0,0.9989110608989192,0.0010889391010807721,0.0,0.9989110608989192,0.0010889391010807721,0.0,0.001146936807481704,False,False,True
US,2016,37918,37876,42,0,37876,42,0,842897.0,17.0,1035.0,0.9988923466427554,0.0011076533572445804,0.0,0.9988923466427554,0.0011076533572445804,0.0,0.0012279080362132028,False,False,True
US,2017,37356,37330,26,0,37331,25,0,846781.0,20.0,987.0,0.9993039940036407,0.0006960059963593533,0.0,0.9993307634650391,0.0006692365349609166,0.0,0.0011655906308715004,False,False,True
US,2018,36814,36784,30,0,36786,28,0,859449.0,22.0,1079.0,0.9991850926278046,0.0008149073721953605,0.0,0.999239419785951,0.0007605802140490031,0.0,0.0012554555302292515,False,False,True
US,2019,37927,37881,46,0,37881,46,0,870166.0,19.0,1318.0,0.9987871437234688,0.001212856276531231,0.0,0.9987871437234688,0.001212856276531231,0.0,0.0015146535258789703,False,False,True
US,2020,19520,19419,101,0,19419,101,0,349494.0,11.0,1203.0,0.9948258196721311,0.005174180327868852,0.0,0.9948258196721311,0.005174180327868852,0.0,0.0034421191780116397,True,False,True
US,2021,30186,30110,76,0,30111,75,0,557257.0,12.0,561.0,0.997482276552044,0.002517723447956006,0.0,0.9975154044921487,0.002484595507851322,0.0,0.001006716829039384,True,False,True
US,2022,38183,37889,294,0,37889,294,0,755967.0,13.0,3036.0,0.9923002383259566,0.007699761674043422,0.0,0.9923002383259566,0.007699761674043422,0.0,0.004016048319569505,False,False,True
US,2023,40727,40555,172,0,40555,172,0,851764.0,14.0,2863.0,0.9957767574336436,0.004223242566356471,0.0,0.9957767574336436,0.004223242566356471,0.0,0.0033612596916516783,False,False,True
US,2024,44148,44080,68,0,44080,68,0,910406.0,13.0,1303.0,0.9984597263749208,0.0015402736250792787,0.0,0.9984597263749208,0.0015402736250792787,0.0,0.0014312295832848202,False,False,True
US,2025,46502,46428,74,0,46429,73,0,917096.0,13.0,1196.0,0.9984086705948131,0.0015913294051868737,0.0,0.9984301750462345,0.0015698249537654295,0.0,0.0013041164719942077,False,False,True
UZ,1995,19,0,19,0,0,19,0,82.0,4.0,0.0,0.0,1.0,0.0,0.0,1.0,0.0,0.0,False,False,False
UZ,1996,24,0,24,0,0,24,0,148.0,5.0,0.0,0.0,1.0,0.0,0.0,1.0,0.0,0.0,False,False,False
UZ,1997,24,0,24,0,0,24,0,130.0,5.0,0.0,0.0,1.0,0.0,0.0,1.0,0.0,0.0,False,False,False
UZ,1998,24,0,24,0,0,24,0,134.0,5.0,0.0,0.0,1.0,0.0,0.0,1.0,0.0,0.0,False,False,False
UZ,1999,24,0,24,0,0,24,0,208.0,8.5,0.0,0.0,1.0,0.0,0.0,1.0,0.0,0.0,False,False,False
UZ,2000,24,0,24,0,0,24,0,244.0,9.0,0.0,0.0,1.0,0.0,0.0,1.0,0.0,0.0,False,False,False
UZ,2001,30,0,30,0,0,30,0,208.0,8.0,0.0,0.0,1.0,0.0,0.0,1.0,0.0,0.0,False,False,False
UZ,2002,24,0,24,0,0,24,0,220.0,9.0,0.0,0.0,1.0,0.0,0.0,1.0,0.0,0.0,False,False,False
UZ,2003,26,0,26,0,0,26,0,208.0,9.0,0.0,0.0,1.0,0.0,0.0,1.0,0.0,0.0,False,False,False
UZ,2004,26,0,26,0,0,26,0,208.0,9.0,0.0,0.0,1.0,0.0,0.0,1.0,0.0,0.0,False,False,False
UZ,2005,24,0,24,0,0,24,0,194.0,9.0,0.0,0.0,1.0,0.0,0.0,1.0,0.0,0.0,False,False,False
UZ,2006,24,0,24,0,0,24,0,160.0,6.5,0.0,0.0,1.0,0.0,0.0,1.0,0.0,0.0,False,False,False
UZ,2007,24,0,24,0,0,24,0,134.0,5.0,0.0,0.0,1.0,0.0,0.0,1.0,0.0,0.0,False,False,False
UZ,2008,22,0,22,0,0,22,0,94.0,4.0,0.0,0.0,1.0,0.0,0.0,1.0,0.0,0.0,False,False,False
UZ,2009,24,0,24,0,0,24,0,104.0,4.0,0.0,0.0,1.0,0.0,0.0,1.0,0.0,0.0,False,False,False
UZ,2010,24,0,24,0,0,24,0,138.0,5.0,0.0,0.0,1.0,0.0,0.0,1.0,0.0,0.0,False,False,False
UZ,2011,24,0,24,0,0,24,0,136.0,5.0,0.0,0.0,1.0,0.0,0.0,1.0,0.0,0.0,False,False,False
UZ,2012,24,0,24,0,0,24,0,136.0,5.0,0.0,0.0,1.0,0.0,0.0,1.0,0.0,0.0,False,False,False
UZ,2013,24,0,24,0,0,24,0,138.0,5.0,0.0,0.0,1.0,0.0,0.0,1.0,0.0,0.0,False,False,False
UZ,2014,24,0,24,0,0,24,0,144.0,5.0,0.0,0.0,1.0,0.0,0.0,1.0,0.0,0.0,False,False,False
UZ,2015,24,0,24,0,0,24,0,140.0,5.0,0.0,0.0,1.0,0.0,0.0,1.0,0.0,0.0,False,False,False
UZ,2016,24,0,24,0,0,24,0,164.0,7.5,0.0,0.0,1.0,0.0,0.0,1.0,0.0,0.0,False,False,False
UZ,2017,24,0,24,0,0,24,0,166.0,8.0,0.0,0.0,1.0,0.0,0.0,1.0,0.0,0.0,False,False,False
UZ,2018,24,0,24,0,0,24,0,216.0,9.0,0.0,0.0,1.0,0.0,0.0,1.0,0.0,0.0,False,False,False
UZ,2019,24,0,24,0,0,24,0,266.0,12.5,0.0,0.0,1.0,0.0,0.0,1.0,0.0,0.0,False,False,False
UZ,2020,20,0,20,0,0,20,0,86.0,3.5,0.0,0.0,1.0,0.0,0.0,1.0,0.0,0.0,True,False,False
UZ,2021,24,0,24,0,0,24,0,154.0,7.0,0.0,0.0,1.0,0.0,0.0,1.0,0.0,0.0,True,False,False
UZ,2022,24,0,24,0,0,24,0,268.0,13.0,0.0,0.0,1.0,0.0,0.0,1.0,0.0,0.0,False,False,False
UZ,2023,24,0,24,0,0,24,0,362.0,17.0,0.0,0.0,1.0,0.0,0.0,1.0,0.0,0.0,False,False,False
UZ,2024,24,0,24,0,0,24,0,378.0,14.5,0.0,0.0,1.0,0.0,0.0,1.0,0.0,0.0,False,False,False
UZ,2025,24,0,24,0,0,24,0,452.0,19.5,0.0,0.0,1.0,0.0,0.0,1.0,0.0,0.0,False,False,False
VE,1991,4,0,4,0,0,4,0,68.0,16.5,0.0,0.0,1.0,0.0,0.0,1.0,0.0,0.0,False,False,False
VE,1992,42,0,42,0,0,42,0,1130.0,27.0,0.0,0.0,1.0,0.0,0.0,1.0,0.0,0.0,False,False,False
VE,1993,36,0,36,0,0,36,0,1081.0,30.0,0.0,0.0,1.0,0.0,0.0,1.0,0.0,0.0,False,False,False
VE,1994,25,0,25,0,0,25,0,734.0,30.0,0.0,0.0,1.0,0.0,0.0,1.0,0.0,0.0,False,False,False
VE,1995,24,0,24,0,0,24,0,606.0,23.5,0.0,0.0,1.0,0.0,0.0,1.0,0.0,0.0,False,False,False
VE,1996,43,0,43,0,0,43,0,523.0,9.0,0.0,0.0,1.0,0.0,0.0,1.0,0.0,0.0,False,False,False
VE,1997,4,0,4,0,0,4,0,50.0,12.5,0.0,0.0,1.0,0.0,0.0,1.0,0.0,0.0,False,False,False
VE,2007,13,0,13,0,0,13,0,355.0,30.0,0.0,0.0,1.0,0.0,0.0,1.0,0.0,0.0,False,False,False
VE,2008,17,0,17,0,0,17,0,823.0,53.0,0.0,0.0,1.0,0.0,0.0,1.0,0.0,0.0,False,False,False
VE,2009,17,0,17,0,0,17,0,943.0,57.0,0.0,0.0,1.0,0.0,0.0,1.0,0.0,0.0,False,False,False
VE,2010,29,0,29,0,0,29,0,1437.0,57.0,0.0,0.0,1.0,0.0,0.0,1.0,0.0,0.0,False,False,False
VE,2011,24,0,24,0,0,24,0,1880.0,68.0,0.0,0.0,1.0,0.0,0.0,1.0,0.0,0.0,False,False,False
VE,2012,24,0,24,0,0,24,0,2136.0,90.0,0.0,0.0,1.0,0.0,0.0,1.0,0.0,0.0,False,False,False
VE,2013,24,0,24,0,0,24,0,2203.0,89.0,0.0,0.0,1.0,0.0,0.0,1.0,0.0,0.0,False,False,False
VE,2014,24,0,24,0,0,24,0,2178.0,91.0,0.0,0.0,1.0,0.0,0.0,1.0,0.0,0.0,False,False,False
VE,2015,24,0,24,0,0,24,0,2096.0,88.0,0.0,0.0,1.0,0.0,0.0,1.0,0.0,0.0,False,False,False
VE,2016,24,0,24,0,0,24,0,2091.0,88.5,0.0,0.0,1.0,0.0,0.0,1.0,0.0,0.0,False,False,False
VE,2017,22,0,22,0,0,22,0,895.0,42.5,0.0,0.0,1.0,0.0,0.0,1.0,0.0,0.0,False,False,False
WS,1990,20,0,20,0,0,20,0,380.0,20.0,0.0,0.0,1.0,0.0,0.0,1.0,0.0,0.0,False,False,False
WS,1991,24,0,24,0,0,24,0,334.0,13.0,0.0,0.0,1.0,0.0,0.0,1.0,0.0,0.0,False,False,False
WS,1992,26,0,26,0,0,26,0,393.0,15.0,0.0,0.0,1.0,0.0,0.0,1.0,0.0,0.0,False,False,False
WS,1993,56,0,56,0,0,56,0,640.0,11.0,0.0,0.0,1.0,0.0,0.0,1.0,0.0,0.0,False,False,False
WS,1994,51,0,51,0,0,51,0,474.0,8.0,0.0,0.0,1.0,0.0,0.0,1.0,0.0,0.0,False,False,False
WS,2000,4,0,4,0,0,4,0,22.0,5.5,0.0,0.0,1.0,0.0,0.0,1.0,0.0,0.0,False,False,False
WS,2001,24,0,24,0,0,24,0,136.0,5.0,0.0,0.0,1.0,0.0,0.0,1.0,0.0,0.0,False,False,False
WS,2002,41,0,41,0,0,41,0,1533.0,5.0,0.0,0.0,1.0,0.0,0.0,1.0,0.0,0.0,False,False,False
WS,2003,88,0,88,0,0,88,0,4994.0,14.0,0.0,0.0,1.0,0.0,0.0,1.0,0.0,0.0,False,False,False
WS,2004,105,0,105,0,0,105,0,6543.0,17.0,0.0,0.0,1.0,0.0,0.0,1.0,0.0,0.0,False,False,False
WS,2005,97,0,97,0,0,97,0,4123.0,10.0,0.0,0.0,1.0,0.0,0.0,1.0,0.0,0.0,False,False,False
WS,2006,91,0,91,0,0,91,0,3423.0,42.0,0.0,0.0,1.0,0.0,0.0,1.0,0.0,0.0,False,False,False
WS,2007,73,0,73,0,0,73,0,3528.0,45.0,0.0,0.0,1.0,0.0,0.0,1.0,0.0,0.0,False,False,False
WS,2008,33,0,33,0,0,33,0,3111.0,116.0,0.0,0.0,1.0,0.0,0.0,1.0,0.0,0.0,False,False,False
WS,2009,24,0,24,0,0,24,0,3797.0,167.0,0.0,0.0,1.0,0.0,0.0,1.0,0.0,0.0,False,False,False
WS,2010,22,0,22,0,0,22,0,3838.0,169.0,0.0,0.0,1.0,0.0,0.0,1.0,0.0,0.0,False,False,False
WS,2011,24,0,24,0,0,24,0,4242.0,171.5,0.0,0.0,1.0,0.0,0.0,1.0,0.0,0.0,False,False,False
WS,2012,24,0,24,0,0,24,0,4376.0,180.0,0.0,0.0,1.0,0.0,0.0,1.0,0.0,0.0,False,False,False
WS,2013,24,0,24,0,0,24,0,4438.0,179.5,0.0,0.0,1.0,0.0,0.0,1.0,0.0,0.0,False,False,False
WS,2014,25,0,25,0,0,25,0,5293.0,206.0,0.0,0.0,1.0,0.0,0.0,1.0,0.0,0.0,False,False,False
WS,2015,24,0,24,0,0,24,0,6370.0,263.0,0.0,0.0,1.0,0.0,0.0,1.0,0.0,0.0,False,False,False
WS,2016,24,0,24,0,0,24,0,6592.0,266.5,0.0,0.0,1.0,0.0,0.0,1.0,0.0,0.0,False,False,False
WS,2017,24,0,24,0,0,24,0,5792.0,235.5,0.0,0.0,1.0,0.0,0.0,1.0,0.0,0.0,False,False,False
WS,2018,24,0,24,0,0,24,0,6140.0,245.5,0.0,0.0,1.0,0.0,0.0,1.0,0.0,0.0,False,False,False
WS,2019,24,0,24,0,0,24,0,5654.0,226.0,0.0,0.0,1.0,0.0,0.0,1.0,0.0,0.0,False,False,False
WS,2020,12,0,12,0,0,12,0,758.0,43.5,0.0,0.0,1.0,0.0,0.0,1.0,0.0,0.0,True,False,False
WS,2021,17,0,17,0,0,17,0,217.0,1.0,0.0,0.0,1.0,0.0,0.0,1.0,0.0,0.0,True,False,False
WS,2022,7,0,7,0,0,7,0,128.0,17.0,0.0,0.0,1.0,0.0,0.0,1.0,0.0,0.0,False,False,False
ZA,1991,6,0,6,0,0,6,0,44.0,8.0,0.0,0.0,1.0,0.0,0.0,1.0,0.0,0.0,False,False,False
ZA,1992,41,0,41,0,0,41,0,364.0,11.0,0.0,0.0,1.0,0.0,0.0,1.0,0.0,0.0,False,False,False
ZA,1993,74,0,74,0,0,74,0,524.0,5.0,0.0,0.0,1.0,0.0,0.0,1.0,0.0,0.0,False,False,False
ZA,1994,74,0,74,0,0,74,0,601.0,8.0,0.0,0.0,1.0,0.0,0.0,1.0,0.0,0.0,False,False,False
ZA,1995,72,0,72,0,0,72,0,632.0,9.0,0.0,0.0,1.0,0.0,0.0,1.0,0.0,0.0,False,False,False
ZA,1996,76,0,76,0,0,76,0,832.0,11.0,0.0,0.0,1.0,0.0,0.0,1.0,0.0,0.0,False,False,False
ZA,1997,72,0,72,0,0,72,0,1158.0,19.0,0.0,0.0,1.0,0.0,0.0,1.0,0.0,0.0,False,False,False
ZA,1998,72,0,72,0,0,72,0,1280.0,22.0,0.0,0.0,1.0,0.0,0.0,1.0,0.0,0.0,False,False,False
ZA,1999,70,0,70,0,0,70,0,1452.0,26.0,0.0,0.0,1.0,0.0,0.0,1.0,0.0,0.0,False,False,False
ZA,2000,83,0,83,0,0,83,0,1462.0,17.0,0.0,0.0,1.0,0.0,0.0,1.0,0.0,0.0,False,False,False
ZA,2001,103,0,103,0,0,103,0,1626.0,14.0,0.0,0.0,1.0,0.0,0.0,1.0,0.0,0.0,False,False,False
ZA,2002,74,0,74,0,0,74,0,1287.0,17.0,0.0,0.0,1.0,0.0,0.0,1.0,0.0,0.0,False,False,False
ZA,2003,77,0,77,0,0,77,0,1416.0,17.0,0.0,0.0,1.0,0.0,0.0,1.0,0.0,0.0,False,False,False
ZA,2004,66,0,66,0,0,66,0,1460.0,18.0,0.0,0.0,1.0,0.0,0.0,1.0,0.0,0.0,False,False,False
ZA,2005,61,0,61,0,0,61,0,1639.0,30.0,0.0,0.0,1.0,0.0,0.0,1.0,0.0,0.0,False,False,False
ZA,2006,64,0,64,0,0,64,0,1664.0,30.0,0.0,0.0,1.0,0.0,0.0,1.0,0.0,0.0,False,False,False
ZA,2007,52,0,52,0,0,52,0,1453.0,31.0,0.0,0.0,1.0,0.0,0.0,1.0,0.0,0.0,False,False,False
ZA,2008,53,0,53,0,0,53,0,1561.0,30.0,0.0,0.0,1.0,0.0,0.0,1.0,0.0,0.0,False,False,False
ZA,2009,48,0,48,0,0,48,0,1266.0,26.5,0.0,0.0,1.0,0.0,0.0,1.0,0.0,0.0,False,False,False
ZA,2010,48,0,48,0,0,48,0,1363.0,30.0,0.0,0.0,1.0,0.0,0.0,1.0,0.0,0.0,False,False,False
ZA,2011,48,0,48,0,0,48,0,1452.0,30.0,0.0,0.0,1.0,0.0,0.0,1.0,0.0,0.0,False,False,False
ZA,2012,48,0,48,0,0,48,0,1440.0,30.0,0.0,0.0,1.0,0.0,0.0,1.0,0.0,0.0,False,False,False
ZA,2013,48,0,48,0,0,48,0,1441.0,30.0,0.0,0.0,1.0,0.0,0.0,1.0,0.0,0.0,False,False,False
ZA,2014,48,0,48,0,0,48,0,1460.0,31.0,0.0,0.0,1.0,0.0,0.0,1.0,0.0,0.0,False,False,False
ZA,2015,58,0,58,0,0,58,0,1492.0,30.0,0.0,0.0,1.0,0.0,0.0,1.0,0.0,0.0,False,False,False
ZA,2016,72,0,72,0,0,72,0,1458.0,17.0,0.0,0.0,1.0,0.0,0.0,1.0,0.0,0.0,False,False,False
ZA,2017,72,0,72,0,0,72,0,1452.0,17.0,0.0,0.0,1.0,0.0,0.0,1.0,0.0,0.0,False,False,False
ZA,2018,72,0,72,0,0,72,0,1440.0,18.0,0.0,0.0,1.0,0.0,0.0,1.0,0.0,0.0,False,False,False
ZA,2019,65,0,65,0,0,65,0,1426.0,22.0,0.0,0.0,1.0,0.0,0.0,1.0,0.0,0.0,False,False,False
ZA,2020,12,0,12,0,0,12,0,302.0,26.0,0.0,0.0,1.0,0.0,0.0,1.0,0.0,0.0,True,False,False
ZM,1990,169,0,169,0,0,169,0,1687.0,8.0,1687.0,0.0,1.0,0.0,0.0,1.0,0.0,1.0,False,False,False
ZM,1991,146,0,146,0,0,146,0,1576.0,9.0,1576.0,0.0,1.0,0.0,0.0,1.0,0.0,1.0,False,False,False
ZM,1992,136,0,136,0,0,136,0,1746.0,9.0,1746.0,0.0,1.0,0.0,0.0,1.0,0.0,1.0,False,False,False
ZM,1993,142,0,142,0,0,142,0,1662.0,10.0,1662.0,0.0,1.0,0.0,0.0,1.0,0.0,1.0,False,False,False
ZM,1994,131,0,131,0,0,131,0,1477.0,10.0,1477.0,0.0,1.0,0.0,0.0,1.0,0.0,1.0,False,False,False
ZM,1995,108,0,108,0,0,108,0,1523.0,9.0,1523.0,0.0,1.0,0.0,0.0,1.0,0.0,1.0,False,False,False
ZM,1996,149,0,149,0,0,149,0,1459.0,8.0,1459.0,0.0,1.0,0.0,0.0,1.0,0.0,1.0,False,False,False
ZM,1997,177,0,177,0,0,177,0,1623.0,6.0,1623.0,0.0,1.0,0.0,0.0,1.0,0.0,1.0,False,False,False
ZM,1998,148,0,148,0,0,148,0,1700.0,8.0,1700.0,0.0,1.0,0.0,0.0,1.0,0.0,1.0,False,False,False
ZM,1999,131,0,131,0,0,131,0,1724.0,9.0,1724.0,0.0,1.0,0.0,0.0,1.0,0.0,1.0,False,False,False
ZM,2000,85,0,85,0,0,85,0,1757.0,9.0,1757.0,0.0,1.0,0.0,0.0,1.0,0.0,1.0,False,False,False
ZM,2001,78,0,78,0,0,78,0,1858.0,22.0,1858.0,0.0,1.0,0.0,0.0,1.0,0.0,1.0,False,False,False
ZM,2002,80,0,80,0,0,80,0,1237.0,12.0,1237.0,0.0,1.0,0.0,0.0,1.0,0.0,1.0,False,False,False
ZM,2003,58,0,58,0,0,58,0,2042.0,35.0,2042.0,0.0,1.0,0.0,0.0,1.0,0.0,1.0,False,False,False
ZM,2004,12,0,12,0,0,12,0,356.0,28.5,356.0,0.0,1.0,0.0,0.0,1.0,0.0,1.0,False,False,False
