origin,dest,nation,n,p1,p99,n_clipped,cutoff_computed_on,sample
ACA,ATL,US,5,-6.820138009049765,20.166095238095245,2,full 1990-2025 sample for this route (not by-year),US carriers' airborne time on US-touching international segments
ACA,DFW,US,162,-5.298252337814144,7.638897849462367,4,full 1990-2025 sample for this route (not by-year),US carriers' airborne time on US-touching international segments
ACA,EWR,US,26,-17.314285714285724,17.412499999999994,2,full 1990-2025 sample for this route (not by-year),US carriers' airborne time on US-touching international segments
ACA,IAH,US,349,-7.049094348775148,8.237681159420292,8,full 1990-2025 sample for this route (not by-year),US carriers' airborne time on US-touching international segments
ACA,LAX,US,67,-12.237931034482765,13.9934846574191,2,full 1990-2025 sample for this route (not by-year),US carriers' airborne time on US-touching international segments
ACA,MSP,US,42,-13.153250000000002,13.20690476190476,2,full 1990-2025 sample for this route (not by-year),US carriers' airborne time on US-touching international segments
ACA,ORD,US,55,-12.049285714285704,16.454333333333338,2,full 1990-2025 sample for this route (not by-year),US carriers' airborne time on US-touching international segments
ACA,PHX,US,143,-15.441230769230772,11.520000000000024,4,full 1990-2025 sample for this route (not by-year),US carriers' airborne time on US-touching international segments
ACC,ATL,US,4,5.000916375291423,15.758809523809632,2,full 1990-2025 sample for this route (not by-year),US carriers' airborne time on US-touching international segments
ACC,IAD,US,25,-13.00776556776556,10.098398067128088,2,full 1990-2025 sample for this route (not by-year),US carriers' airborne time on US-touching international segments
ACC,JFK,US,195,-21.569499702911454,16.167209159261812,4,full 1990-2025 sample for this route (not by-year),US carriers' airborne time on US-touching international segments
AGP,EWR,US,4,-1.2937488479262635,14.79679858366271,2,full 1990-2025 sample for this route (not by-year),US carriers' airborne time on US-touching international segments
AGP,JFK,US,38,-21.161092838321093,10.066774193548376,2,full 1990-2025 sample for this route (not by-year),US carriers' airborne time on US-touching international segments
AGU,DFW,US,251,-17.73387096774195,7.438526109763728,6,full 1990-2025 sample for this route (not by-year),US carriers' airborne time on US-touching international segments
AGU,IAH,US,257,-19.977307749351127,10.157419354838714,6,full 1990-2025 sample for this route (not by-year),US carriers' airborne time on US-touching international segments
AGU,LAX,US,4,-0.3505103364377692,6.403102136088547,2,full 1990-2025 sample for this route (not by-year),US carriers' airborne time on US-touching international segments
AKL,DFW,US,7,-26.00712940304043,7.324499552880107,2,full 1990-2025 sample for this route (not by-year),US carriers' airborne time on US-touching international segments
AKL,HNL,US,90,-12.723115481010286,17.88169871794872,2,full 1990-2025 sample for this route (not by-year),US carriers' airborne time on US-touching international segments
AKL,LAX,US,128,-13.381982944011831,16.621584108115847,4,full 1990-2025 sample for this route (not by-year),US carriers' airborne time on US-touching international segments
AKL,SFO,US,25,-14.602059225123671,14.642093045997441,2,full 1990-2025 sample for this route (not by-year),US carriers' airborne time on US-touching international segments
ALB,YOW,US,4,-1.3879374819671806,2.4182783575585027,2,full 1990-2025 sample for this route (not by-year),US carriers' airborne time on US-touching international segments
ALB,YUL,US,4,-0.09888131639924545,1.5244871963456335,2,full 1990-2025 sample for this route (not by-year),US carriers' airborne time on US-touching international segments
ALB,YYZ,US,11,-10.291662914321455,11.456418990119163,2,full 1990-2025 sample for this route (not by-year),US carriers' airborne time on US-touching international segments
AMM,IAD,US,3,4.690659340659238,24.80464535464536,2,full 1990-2025 sample for this route (not by-year),US carriers' airborne time on US-touching international segments
AMM,JFK,US,12,-26.666754018023024,9.181930497198914,2,full 1990-2025 sample for this route (not by-year),US carriers' airborne time on US-touching international segments
AMS,ATL,US,382,-24.131267414006615,26.48613978494627,8,full 1990-2025 sample for this route (not by-year),US carriers' airborne time on US-touching international segments
AMS,BOS,US,385,-23.60560756730537,24.644136518530253,8,full 1990-2025 sample for this route (not by-year),US carriers' airborne time on US-touching international segments
AMS,CVG,US,18,-15.3203650149715,12.561489247311771,2,full 1990-2025 sample for this route (not by-year),US carriers' airborne time on US-touching international segments
AMS,DFW,US,25,-34.2658064516129,14.737172060123829,2,full 1990-2025 sample for this route (not by-year),US carriers' airborne time on US-touching international segments
AMS,DTW,US,319,-27.793988538343363,28.122156505238824,8,full 1990-2025 sample for this route (not by-year),US carriers' airborne time on US-touching international segments
AMS,EWR,US,299,-31.91927549128662,25.699999999999893,6,full 1990-2025 sample for this route (not by-year),US carriers' airborne time on US-touching international segments
AMS,IAD,US,316,-30.48486388384758,44.848214285714455,8,full 1990-2025 sample for this route (not by-year),US carriers' airborne time on US-touching international segments
AMS,IAH,US,219,-28.768512820512814,25.8602609248371,6,full 1990-2025 sample for this route (not by-year),US carriers' airborne time on US-touching international segments
AMS,JFK,US,380,-33.402928112684286,26.631691919191898,8,full 1990-2025 sample for this route (not by-year),US carriers' airborne time on US-touching international segments
AMS,MCO,US,7,-16.05028302102055,6.439011981566765,2,full 1990-2025 sample for this route (not by-year),US carriers' airborne time on US-touching international segments
AMS,MEM,US,87,-24.986356204130335,32.344014336917624,2,full 1990-2025 sample for this route (not by-year),US carriers' airborne time on US-touching international segments
AMS,MSP,US,318,-19.257018633115596,22.563823486852417,8,full 1990-2025 sample for this route (not by-year),US carriers' airborne time on US-touching international segments
AMS,ORD,US,230,-30.638267425679956,26.83467952314161,6,full 1990-2025 sample for this route (not by-year),US carriers' airborne time on US-touching international segments
AMS,PDX,US,126,-17.548412698412676,28.609765553731023,4,full 1990-2025 sample for this route (not by-year),US carriers' airborne time on US-touching international segments
AMS,PHL,US,254,-39.69327791563279,27.21329523809525,6,full 1990-2025 sample for this route (not by-year),US carriers' airborne time on US-touching international segments
AMS,SEA,US,286,-20.41123360170912,21.092936596217996,6,full 1990-2025 sample for this route (not by-year),US carriers' airborne time on US-touching international segments
AMS,SFO,US,14,-3.5503448275861818,11.580711104269309,2,full 1990-2025 sample for this route (not by-year),US carriers' airborne time on US-touching international segments
AMS,SLC,US,66,-25.64207568959049,14.884973118279614,2,full 1990-2025 sample for this route (not by-year),US carriers' airborne time on US-touching international segments
ANC,GDX,US,22,-15.169250000000002,22.98207070707068,2,full 1990-2025 sample for this route (not by-year),US carriers' airborne time on US-touching international segments
ANC,HKG,US,1,8.95192307692298,8.95192307692298,0,full 1990-2025 sample for this route (not by-year),US carriers' airborne time on US-touching international segments
ANC,NRT,US,7,-8.319136363636366,19.849249999999998,2,full 1990-2025 sample for this route (not by-year),US carriers' airborne time on US-touching international segments
ANC,PKC,US,3,-15.93850000000001,-2.28499999999999,2,full 1990-2025 sample for this route (not by-year),US carriers' airborne time on US-touching international segments
ANC,SEL,US,1,9.674999999999955,9.674999999999955,0,full 1990-2025 sample for this route (not by-year),US carriers' airborne time on US-touching international segments
ANC,YVR,US,15,-10.930245981227744,13.01981658986175,2,full 1990-2025 sample for this route (not by-year),US carriers' airborne time on US-touching international segments
ANU,ATL,US,120,-18.95800000000001,12.337333333333335,4,full 1990-2025 sample for this route (not by-year),US carriers' airborne time on US-touching international segments
ANU,CLT,US,146,-14.902500000000002,17.322500000000016,4,full 1990-2025 sample for this route (not by-year),US carriers' airborne time on US-touching international segments
ANU,EWR,US,326,-13.695248868778279,15.132032967032949,8,full 1990-2025 sample for this route (not by-year),US carriers' airborne time on US-touching international segments
ANU,JFK,US,162,-11.862186507936498,10.349467787114849,4,full 1990-2025 sample for this route (not by-year),US carriers' airborne time on US-touching international segments
ANU,MIA,US,184,-6.711463536463529,9.594545612114569,4,full 1990-2025 sample for this route (not by-year),US carriers' airborne time on US-touching international segments
ANU,PHL,US,21,-9.690000000000008,18.690000000000012,2,full 1990-2025 sample for this route (not by-year),US carriers' airborne time on US-touching international segments
ANU,SJU,US,269,-11.54029434804434,16.44600968923547,6,full 1990-2025 sample for this route (not by-year),US carriers' airborne time on US-touching international segments
APW,HNL,US,8,-8.65575000000002,4.431499999999998,2,full 1990-2025 sample for this route (not by-year),US carriers' airborne time on US-touching international segments
APW,PPG,US,2,-1.0770670778630227,0.6057789217172265,2,full 1990-2025 sample for this route (not by-year),US carriers' airborne time on US-touching international segments
ARN,EWR,US,123,-27.457200000000046,23.07366502463052,4,full 1990-2025 sample for this route (not by-year),US carriers' airborne time on US-touching international segments
ARN,JFK,US,83,-19.542703533026142,15.50929411764702,2,full 1990-2025 sample for this route (not by-year),US carriers' airborne time on US-touching international segments
ARN,ORD,US,117,-22.086200964034074,12.038666666666646,4,full 1990-2025 sample for this route (not by-year),US carriers' airborne time on US-touching international segments
ARN,PHL,US,9,-2.5152982456140283,19.435187584345506,2,full 1990-2025 sample for this route (not by-year),US carriers' airborne time on US-touching international segments
ASD,FLL,US,46,-7.050735294117647,9.101470588235287,2,full 1990-2025 sample for this route (not by-year),US carriers' airborne time on US-touching international segments
ASD,FXE,US,18,-30.753252164502168,21.55244047619044,2,full 1990-2025 sample for this route (not by-year),US carriers' airborne time on US-touching international segments
ASU,MIA,US,4,-2.2552879901960785,6.850594771241839,2,full 1990-2025 sample for this route (not by-year),US carriers' airborne time on US-touching international segments
ATH,ATL,US,31,-14.527933815350366,25.300186818889483,2,full 1990-2025 sample for this route (not by-year),US carriers' airborne time on US-touching international segments
ATH,BOS,US,11,-5.5128878205128675,10.49671629445826,2,full 1990-2025 sample for this route (not by-year),US carriers' airborne time on US-touching international segments
ATH,EWR,US,46,-23.67931312569521,26.374238728750946,2,full 1990-2025 sample for this route (not by-year),US carriers' airborne time on US-touching international segments
ATH,IAD,US,11,-7.315316377171189,10.848998887652943,2,full 1990-2025 sample for this route (not by-year),US carriers' airborne time on US-touching international segments
ATH,JFK,US,291,-25.59763301214914,22.650708109719698,6,full 1990-2025 sample for this route (not by-year),US carriers' airborne time on US-touching international segments
ATH,ORD,US,11,-18.227538461538394,6.3406643288525295,2,full 1990-2025 sample for this route (not by-year),US carriers' airborne time on US-touching international segments
ATH,PHL,US,68,-27.800575610172356,12.052221198156696,2,full 1990-2025 sample for this route (not by-year),US carriers' airborne time on US-touching international segments
ATL,ACA,US,5,-17.607999999999993,11.012122171945695,2,full 1990-2025 sample for this route (not by-year),US carriers' airborne time on US-touching international segments
ATL,ACC,US,3,4.971309523809523,18.24528388278391,2,full 1990-2025 sample for this route (not by-year),US carriers' airborne time on US-touching international segments
ATL,AMS,US,382,-23.309630901660732,25.830000000000005,8,full 1990-2025 sample for this route (not by-year),US carriers' airborne time on US-touching international segments
ATL,ANU,US,119,-10.913928571428569,15.548888888888873,4,full 1990-2025 sample for this route (not by-year),US carriers' airborne time on US-touching international segments
ATL,ATH,US,31,-15.869339477726578,26.018054242650983,2,full 1990-2025 sample for this route (not by-year),US carriers' airborne time on US-touching international segments
ATL,AUA,US,266,-5.185053036907891,7.137636392069889,6,full 1990-2025 sample for this route (not by-year),US carriers' airborne time on US-touching international segments
ATL,BCN,US,136,-19.608026960784322,18.600975232198138,4,full 1990-2025 sample for this route (not by-year),US carriers' airborne time on US-touching international segments
ATL,BDA,US,385,-4.883066666666655,7.174531309297879,8,full 1990-2025 sample for this route (not by-year),US carriers' airborne time on US-touching international segments
ATL,BGI,US,37,-6.367809523809523,8.436153846153848,2,full 1990-2025 sample for this route (not by-year),US carriers' airborne time on US-touching international segments
ATL,BJX,US,21,-6.93849462365593,8.015164998146094,2,full 1990-2025 sample for this route (not by-year),US carriers' airborne time on US-touching international segments
ATL,BOG,US,251,-7.973526140155727,10.19996639784948,6,full 1990-2025 sample for this route (not by-year),US carriers' airborne time on US-touching international segments
ATL,BON,US,156,-10.829464285714288,7.824999999999994,4,full 1990-2025 sample for this route (not by-year),US carriers' airborne time on US-touching international segments
ATL,BRU,US,287,-22.862417027417045,28.766352153593523,6,full 1990-2025 sample for this route (not by-year),US carriers' airborne time on US-touching international segments
ATL,BSB,US,48,-17.160613274008167,15.295056395217708,2,full 1990-2025 sample for this route (not by-year),US carriers' airborne time on US-touching international segments
ATL,BZE,US,201,-6.814285714285717,10.400000000000006,4,full 1990-2025 sample for this route (not by-year),US carriers' airborne time on US-touching international segments
ATL,CCS,US,208,-6.870477650063853,8.975612903225807,6,full 1990-2025 sample for this route (not by-year),US carriers' airborne time on US-touching international segments
ATL,CDG,US,300,-22.24616129032254,25.45391998191684,6,full 1990-2025 sample for this route (not by-year),US carriers' airborne time on US-touching international segments
ATL,CPH,US,33,-20.65858064516124,26.23752657004837,2,full 1990-2025 sample for this route (not by-year),US carriers' airborne time on US-touching international segments
ATL,CPT,US,13,-5.453186813186712,17.54820512820512,2,full 1990-2025 sample for this route (not by-year),US carriers' airborne time on US-touching international segments
ATL,CTG,US,29,-9.192111111111105,5.779103641456585,2,full 1990-2025 sample for this route (not by-year),US carriers' airborne time on US-touching international segments
ATL,CUN,US,266,-7.635567025640958,9.421269560748897,6,full 1990-2025 sample for this route (not by-year),US carriers' airborne time on US-touching international segments
ATL,CUR,US,4,-8.855250000000005,10.740092165898615,2,full 1990-2025 sample for this route (not by-year),US carriers' airborne time on US-touching international segments
ATL,CZM,US,157,-9.025327812284319,8.685333333333338,4,full 1990-2025 sample for this route (not by-year),US carriers' airborne time on US-touching international segments
ATL,DKR,US,9,-7.864644334160432,1.3999078341013842,2,full 1990-2025 sample for this route (not by-year),US carriers' airborne time on US-touching international segments
ATL,DUB,US,277,-18.84405753386401,27.181642633228865,6,full 1990-2025 sample for this route (not by-year),US carriers' airborne time on US-touching international segments
ATL,DUS,US,144,-25.343219696969683,21.52392857142855,4,full 1990-2025 sample for this route (not by-year),US carriers' airborne time on US-touching international segments
ATL,DXB,US,81,-13.962312033947136,37.281433691756305,2,full 1990-2025 sample for this route (not by-year),US carriers' airborne time on US-touching international segments
ATL,EDI,US,5,-14.259612403100805,2.8496237392681723,2,full 1990-2025 sample for this route (not by-year),US carriers' airborne time on US-touching international segments
ATL,ELH,US,58,-2.639550318102952,5.553619909502259,2,full 1990-2025 sample for this route (not by-year),US carriers' airborne time on US-touching international segments
ATL,EZE,US,200,-12.771451612903325,14.539666666666632,4,full 1990-2025 sample for this route (not by-year),US carriers' airborne time on US-touching international segments
ATL,FCO,US,267,-22.783870967741894,24.59678677383993,6,full 1990-2025 sample for this route (not by-year),US carriers' airborne time on US-touching international segments
ATL,FPO,US,169,-3.527157894736848,6.028965517241381,4,full 1990-2025 sample for this route (not by-year),US carriers' airborne time on US-touching international segments
ATL,FRA,US,387,-22.57676307007786,26.656586462189292,8,full 1990-2025 sample for this route (not by-year),US carriers' airborne time on US-touching international segments
ATL,GCM,US,265,-4.676717376605814,8.818956682027677,6,full 1990-2025 sample for this route (not by-year),US carriers' airborne time on US-touching international segments
ATL,GDL,US,267,-11.347756868131874,13.722203193033334,6,full 1990-2025 sample for this route (not by-year),US carriers' airborne time on US-touching international segments
ATL,GGT,US,134,-3.732735507246382,5.660911172161157,4,full 1990-2025 sample for this route (not by-year),US carriers' airborne time on US-touching international segments
ATL,GIG,US,158,-16.159749103942644,11.973967602892088,4,full 1990-2025 sample for this route (not by-year),US carriers' airborne time on US-touching international segments
ATL,GND,US,15,-6.895,6.243833333333359,2,full 1990-2025 sample for this route (not by-year),US carriers' airborne time on US-touching international segments
ATL,GRU,US,295,-13.175123152709375,15.075359447004665,6,full 1990-2025 sample for this route (not by-year),US carriers' airborne time on US-touching international segments
ATL,GUA,US,283,-6.485535714285716,7.296024809985017,6,full 1990-2025 sample for this route (not by-year),US carriers' airborne time on US-touching international segments
ATL,GYE,US,12,-11.301765260545903,5.517076923076916,2,full 1990-2025 sample for this route (not by-year),US carriers' airborne time on US-touching international segments
ATL,HAM,US,30,-16.31381421744326,17.252096774193586,2,full 1990-2025 sample for this route (not by-year),US carriers' airborne time on US-touching international segments
ATL,HAV,US,16,-3.5054569892472975,4.247741935483862,2,full 1990-2025 sample for this route (not by-year),US carriers' airborne time on US-touching international segments
ATL,HND,US,24,-19.328515840819097,20.006437065148635,2,full 1990-2025 sample for this route (not by-year),US carriers' airborne time on US-touching international segments
ATL,ICN,US,59,-25.186042114695297,60.6058370941258,2,full 1990-2025 sample for this route (not by-year),US carriers' airborne time on US-touching international segments
ATL,JNB,US,139,-21.84989682539688,16.173964809384206,4,full 1990-2025 sample for this route (not by-year),US carriers' airborne time on US-touching international segments
ATL,KIN,US,125,-6.039715719063554,5.602309220191583,4,full 1990-2025 sample for this route (not by-year),US carriers' airborne time on US-touching international segments
ATL,LGW,US,244,-22.191683393680044,25.858195340501794,6,full 1990-2025 sample for this route (not by-year),US carriers' airborne time on US-touching international segments
ATL,LHR,US,168,-21.57075806451612,18.854863634386945,4,full 1990-2025 sample for this route (not by-year),US carriers' airborne time on US-touching international segments
ATL,LIM,US,279,-14.50701970443351,13.71346236559137,6,full 1990-2025 sample for this route (not by-year),US carriers' airborne time on US-touching international segments
ATL,LIR,US,226,-7.5482974910394205,8.982442705947797,6,full 1990-2025 sample for this route (not by-year),US carriers' airborne time on US-touching international segments
ATL,LOS,US,166,-43.518290229885096,30.45992473118276,4,full 1990-2025 sample for this route (not by-year),US carriers' airborne time on US-touching international segments
ATL,MAD,US,337,-28.21417216117218,30.35022873900291,8,full 1990-2025 sample for this route (not by-year),US carriers' airborne time on US-touching international segments
ATL,MAN,US,262,-24.168236185133253,31.55602591561365,6,full 1990-2025 sample for this route (not by-year),US carriers' airborne time on US-touching international segments
ATL,MAO,US,2,-4.254860602360597,-2.0089774114774435,2,full 1990-2025 sample for this route (not by-year),US carriers' airborne time on US-touching international segments
ATL,MBJ,US,237,-5.056427412344254,4.993104642014158,6,full 1990-2025 sample for this route (not by-year),US carriers' airborne time on US-touching international segments
ATL,MEX,US,388,-9.125185062789154,12.046039343784416,8,full 1990-2025 sample for this route (not by-year),US carriers' airborne time on US-touching international segments
ATL,MGA,US,148,-7.305473118279569,8.563771347248592,4,full 1990-2025 sample for this route (not by-year),US carriers' airborne time on US-touching international segments
ATL,MHH,US,36,-2.765183239962642,5.711222222222226,2,full 1990-2025 sample for this route (not by-year),US carriers' airborne time on US-touching international segments
ATL,MTY,US,252,-11.402164874551959,8.123293141592924,6,full 1990-2025 sample for this route (not by-year),US carriers' airborne time on US-touching international segments
ATL,MUC,US,369,-30.310967741935496,27.853095238095236,8,full 1990-2025 sample for this route (not by-year),US carriers' airborne time on US-touching international segments
ATL,MXP,US,140,-18.41793238674776,21.04511111111109,4,full 1990-2025 sample for this route (not by-year),US carriers' airborne time on US-touching international segments
ATL,NAS,US,382,-4.250282339028949,5.688791788856307,8,full 1990-2025 sample for this route (not by-year),US carriers' airborne time on US-touching international segments
ATL,NCE,US,5,-22.161715888467306,4.55363440860212,2,full 1990-2025 sample for this route (not by-year),US carriers' airborne time on US-touching international segments
ATL,NRT,US,238,-35.57878341013827,27.03646551724137,6,full 1990-2025 sample for this route (not by-year),US carriers' airborne time on US-touching international segments
ATL,ORY,US,64,-37.13749202817946,28.885908787541673,2,full 1990-2025 sample for this route (not by-year),US carriers' airborne time on US-touching international segments
ATL,PAP,US,70,-8.508099999999988,5.16628784119108,2,full 1990-2025 sample for this route (not by-year),US carriers' airborne time on US-touching international segments
ATL,PLS,US,218,-6.924278195488728,7.8716517857142705,6,full 1990-2025 sample for this route (not by-year),US carriers' airborne time on US-touching international segments
ATL,POP,US,20,-5.1362499999999995,6.684017959533031,2,full 1990-2025 sample for this route (not by-year),US carriers' airborne time on US-touching international segments
ATL,POS,US,10,-5.584537913067311,5.014680744092496,2,full 1990-2025 sample for this route (not by-year),US carriers' airborne time on US-touching international segments
ATL,PRG,US,12,-18.993506069094227,15.701561747505998,2,full 1990-2025 sample for this route (not by-year),US carriers' airborne time on US-touching international segments
ATL,PTY,US,282,-7.76603205128203,9.020176515572857,6,full 1990-2025 sample for this route (not by-year),US carriers' airborne time on US-touching international segments
ATL,PUJ,US,195,-5.1831166293610105,6.669171296296295,4,full 1990-2025 sample for this route (not by-year),US carriers' airborne time on US-touching international segments
ATL,PVG,US,3,-8.811905228758164,4.5059032258064144,2,full 1990-2025 sample for this route (not by-year),US carriers' airborne time on US-touching international segments
ATL,PVR,US,185,-12.375440860215058,16.381708061002172,4,full 1990-2025 sample for this route (not by-year),US carriers' airborne time on US-touching international segments
ATL,RTB,US,171,-11.434615384615384,12.707500000000033,4,full 1990-2025 sample for this route (not by-year),US carriers' airborne time on US-touching international segments
ATL,SAL,US,283,-7.358834677419346,7.593593980154765,6,full 1990-2025 sample for this route (not by-year),US carriers' airborne time on US-touching international segments
ATL,SAP,US,187,-9.427211981566817,9.986433059245213,4,full 1990-2025 sample for this route (not by-year),US carriers' airborne time on US-touching international segments
ATL,SCL,US,250,-14.002602150537646,11.381129032258116,6,full 1990-2025 sample for this route (not by-year),US carriers' airborne time on US-touching international segments
ATL,SDQ,US,189,-4.929791271347227,7.65506810035843,4,full 1990-2025 sample for this route (not by-year),US carriers' airborne time on US-touching international segments
ATL,SJD,US,213,-13.61446811594201,13.059743589743565,6,full 1990-2025 sample for this route (not by-year),US carriers' airborne time on US-touching international segments
ATL,SJO,US,282,-6.580535983091049,7.345682062561086,6,full 1990-2025 sample for this route (not by-year),US carriers' airborne time on US-touching international segments
ATL,SKB,US,90,-15.486500000000001,12.723250000000009,2,full 1990-2025 sample for this route (not by-year),US carriers' airborne time on US-touching international segments
ATL,SNN,US,193,-22.591524384112667,28.769477124183027,4,full 1990-2025 sample for this route (not by-year),US carriers' airborne time on US-touching international segments
ATL,STI,US,8,-2.168499999999989,5.289583333333343,2,full 1990-2025 sample for this route (not by-year),US carriers' airborne time on US-touching international segments
ATL,STR,US,250,-24.12566029863857,25.34516129032258,6,full 1990-2025 sample for this route (not by-year),US carriers' airborne time on US-touching international segments
ATL,SVO,US,43,-19.325014231499075,24.541069716775574,2,full 1990-2025 sample for this route (not by-year),US carriers' airborne time on US-touching international segments
ATL,SXM,US,222,-7.138822580645165,10.974499999999997,6,full 1990-2025 sample for this route (not by-year),US carriers' airborne time on US-touching international segments
ATL,TAB,US,2,-9.669000000000006,0.7189999999999885,2,full 1990-2025 sample for this route (not by-year),US carriers' airborne time on US-touching international segments
ATL,TGU,US,112,-8.353731182795713,7.387701981868014,4,full 1990-2025 sample for this route (not by-year),US carriers' airborne time on US-touching international segments
ATL,TLV,US,42,-17.73348070841241,20.734964157706045,2,full 1990-2025 sample for this route (not by-year),US carriers' airborne time on US-touching international segments
ATL,UIO,US,183,-9.291999999999975,9.127992610837435,4,full 1990-2025 sample for this route (not by-year),US carriers' airborne time on US-touching international segments
ATL,UVF,US,214,-7.328068181818184,8.946527243589728,6,full 1990-2025 sample for this route (not by-year),US carriers' airborne time on US-touching international segments
ATL,VCE,US,58,-16.81215506715508,12.863919930875575,2,full 1990-2025 sample for this route (not by-year),US carriers' airborne time on US-touching international segments
ATL,VIE,US,17,-24.048258064516197,11.213677419354816,2,full 1990-2025 sample for this route (not by-year),US carriers' airborne time on US-touching international segments
ATL,YHZ,US,8,-119.97,7.228000000000019,2,full 1990-2025 sample for this route (not by-year),US carriers' airborne time on US-touching international segments
ATL,YOW,US,66,-4.777637949130205,5.6465216816499195,2,full 1990-2025 sample for this route (not by-year),US carriers' airborne time on US-touching international segments
ATL,YUL,US,316,-6.732180710717104,7.170852534562208,8,full 1990-2025 sample for this route (not by-year),US carriers' airborne time on US-touching international segments
ATL,YVR,US,60,-14.82591935483871,12.87429487179484,2,full 1990-2025 sample for this route (not by-year),US carriers' airborne time on US-touching international segments
ATL,YYZ,US,320,-5.2053845928134725,5.992402516233763,8,full 1990-2025 sample for this route (not by-year),US carriers' airborne time on US-touching international segments
ATL,ZRH,US,205,-24.82200475382001,22.69368335187247,6,full 1990-2025 sample for this route (not by-year),US carriers' airborne time on US-touching international segments
AUA,ATL,US,266,-9.025902457757295,8.3440034536542,6,full 1990-2025 sample for this route (not by-year),US carriers' airborne time on US-touching international segments
AUA,BOS,US,254,-8.84100846192133,11.288731781376535,6,full 1990-2025 sample for this route (not by-year),US carriers' airborne time on US-touching international segments
AUA,BWI,US,117,-10.423328671328663,7.2505454545454775,4,full 1990-2025 sample for this route (not by-year),US carriers' airborne time on US-touching international segments
AUA,CLT,US,243,-8.571505228605893,8.984640300564664,6,full 1990-2025 sample for this route (not by-year),US carriers' airborne time on US-touching international segments
AUA,DFW,US,12,-12.690499999999979,17.136500000000044,2,full 1990-2025 sample for this route (not by-year),US carriers' airborne time on US-touching international segments
AUA,EWR,US,254,-8.487094493320285,8.096863073123142,6,full 1990-2025 sample for this route (not by-year),US carriers' airborne time on US-touching international segments
AUA,FLL,US,168,-10.64182967032967,15.202500000000022,4,full 1990-2025 sample for this route (not by-year),US carriers' airborne time on US-touching international segments
AUA,HOU,US,9,-12.478000000000002,8.022000000000006,2,full 1990-2025 sample for this route (not by-year),US carriers' airborne time on US-touching international segments
AUA,IAD,US,169,-11.667272727272735,16.585999999999967,4,full 1990-2025 sample for this route (not by-year),US carriers' airborne time on US-touching international segments
AUA,IAH,US,179,-12.42650000000001,16.119999999999987,4,full 1990-2025 sample for this route (not by-year),US carriers' airborne time on US-touching international segments
AUA,JFK,US,374,-8.464625473870889,12.184492538005191,8,full 1990-2025 sample for this route (not by-year),US carriers' airborne time on US-touching international segments
AUA,LGA,US,58,-14.518125,18.485,2,full 1990-2025 sample for this route (not by-year),US carriers' airborne time on US-touching international segments
AUA,MCO,US,94,-9.605239119303652,5.632361111111107,2,full 1990-2025 sample for this route (not by-year),US carriers' airborne time on US-touching international segments
AUA,MDW,US,12,-4.5575,11.351499999999998,2,full 1990-2025 sample for this route (not by-year),US carriers' airborne time on US-touching international segments
AUA,MIA,US,351,-5.5446699134199235,5.7280392591751905,8,full 1990-2025 sample for this route (not by-year),US carriers' airborne time on US-touching international segments
AUA,MSP,US,16,-6.241965811965824,13.183749999999977,2,full 1990-2025 sample for this route (not by-year),US carriers' airborne time on US-touching international segments
AUA,ORD,US,192,-12.34,15.81519642857146,4,full 1990-2025 sample for this route (not by-year),US carriers' airborne time on US-touching international segments
AUA,PHL,US,252,-14.411499999999997,11.617365591397853,6,full 1990-2025 sample for this route (not by-year),US carriers' airborne time on US-touching international segments
AUA,SJU,US,200,-13.995226732520452,40.27790322580644,4,full 1990-2025 sample for this route (not by-year),US carriers' airborne time on US-touching international segments
AUS,CUN,US,105,-5.10353028613899,13.2171948051948,4,full 1990-2025 sample for this route (not by-year),US carriers' airborne time on US-touching international segments
AUS,CZM,US,2,-17.25221428571427,-10.46921428571429,2,full 1990-2025 sample for this route (not by-year),US carriers' airborne time on US-touching international segments
AUS,LIR,US,3,-5.13099816849819,3.0890659340659252,2,full 1990-2025 sample for this route (not by-year),US carriers' airborne time on US-touching international segments
AUS,PUJ,US,3,-7.727245098039212,6.071699346405226,2,full 1990-2025 sample for this route (not by-year),US carriers' airborne time on US-touching international segments
AUS,PVR,US,9,-4.239493464052284,7.575714285714291,2,full 1990-2025 sample for this route (not by-year),US carriers' airborne time on US-touching international segments
AUS,SJD,US,30,-6.826084776727192,5.5783571428571435,2,full 1990-2025 sample for this route (not by-year),US carriers' airborne time on US-touching international segments
AXA,MIA,US,22,-6.384076704545449,13.251935449975981,2,full 1990-2025 sample for this route (not by-year),US carriers' airborne time on US-touching international segments
AXA,SJU,US,337,-17.004732026143788,22.74594675212622,8,full 1990-2025 sample for this route (not by-year),US carriers' airborne time on US-touching international segments
AXA,STT,US,41,0.0,68.2000000000001,1,full 1990-2025 sample for this route (not by-year),US carriers' airborne time on US-touching international segments
AXM,FLL,US,144,-8.474500000000003,10.258425824175816,4,full 1990-2025 sample for this route (not by-year),US carriers' airborne time on US-touching international segments
AZS,JFK,US,18,-9.929583333333333,4.589097222222216,2,full 1990-2025 sample for this route (not by-year),US carriers' airborne time on US-touching international segments
BAQ,FLL,US,24,-3.1853014888337445,4.127385057471256,2,full 1990-2025 sample for this route (not by-year),US carriers' airborne time on US-touching international segments
BAQ,MIA,US,201,-22.951612903225794,7.47817460317458,4,full 1990-2025 sample for this route (not by-year),US carriers' airborne time on US-touching international segments
BCN,ATL,US,136,-24.62908496732026,23.473501069232853,4,full 1990-2025 sample for this route (not by-year),US carriers' airborne time on US-touching international segments
BCN,CLT,US,20,-21.521978494623674,13.887597330367123,2,full 1990-2025 sample for this route (not by-year),US carriers' airborne time on US-touching international segments
BCN,EWR,US,177,-35.966145299145296,22.89888888888891,4,full 1990-2025 sample for this route (not by-year),US carriers' airborne time on US-touching international segments
BCN,IAD,US,26,-19.343933735896982,21.389321468298107,2,full 1990-2025 sample for this route (not by-year),US carriers' airborne time on US-touching international segments
BCN,JFK,US,269,-24.346500579342656,22.11274074074072,6,full 1990-2025 sample for this route (not by-year),US carriers' airborne time on US-touching international segments
BCN,MIA,US,110,-30.650648275862096,25.845161290322554,4,full 1990-2025 sample for this route (not by-year),US carriers' airborne time on US-touching international segments
BCN,ORD,US,16,-11.535371387871459,9.441082245068065,2,full 1990-2025 sample for this route (not by-year),US carriers' airborne time on US-touching international segments
BCN,PHL,US,108,-21.184589371980657,16.32369892473117,4,full 1990-2025 sample for this route (not by-year),US carriers' airborne time on US-touching international segments
BDA,ATL,US,385,-9.798666666666678,15.138641366223911,8,full 1990-2025 sample for this route (not by-year),US carriers' airborne time on US-touching international segments
BDA,BOS,US,368,-6.9604432367149744,9.13105418719211,8,full 1990-2025 sample for this route (not by-year),US carriers' airborne time on US-touching international segments
BDA,BWI,US,146,-6.697521367521366,10.435604838709688,4,full 1990-2025 sample for this route (not by-year),US carriers' airborne time on US-touching international segments
BDA,CLT,US,119,-8.301120967741946,11.377904761904771,4,full 1990-2025 sample for this route (not by-year),US carriers' airborne time on US-touching international segments
BDA,DCA,US,70,-6.399532967032968,11.426500000000008,2,full 1990-2025 sample for this route (not by-year),US carriers' airborne time on US-touching international segments
BDA,EWR,US,319,-7.42156349898284,7.967522420108632,8,full 1990-2025 sample for this route (not by-year),US carriers' airborne time on US-touching international segments
BDA,JFK,US,384,-5.619544504767725,7.7879330985915525,8,full 1990-2025 sample for this route (not by-year),US carriers' airborne time on US-touching international segments
BDA,LGA,US,89,-7.093225806451614,9.01046774193549,2,full 1990-2025 sample for this route (not by-year),US carriers' airborne time on US-touching international segments
BDA,MCO,US,8,-8.846,14.272499999999985,2,full 1990-2025 sample for this route (not by-year),US carriers' airborne time on US-touching international segments
BDA,MIA,US,188,-10.785390910535504,11.367097208538592,4,full 1990-2025 sample for this route (not by-year),US carriers' airborne time on US-touching international segments
BDA,ORD,US,5,-6.029,8.385555555555555,2,full 1990-2025 sample for this route (not by-year),US carriers' airborne time on US-touching international segments
BDA,PHL,US,340,-7.148796370967738,11.271236559139792,8,full 1990-2025 sample for this route (not by-year),US carriers' airborne time on US-touching international segments
BDA,RDU,US,24,-3.095053763440849,8.420736559139774,2,full 1990-2025 sample for this route (not by-year),US carriers' airborne time on US-touching international segments
BDL,CUN,US,51,-11.275000000000006,16.099999999999994,2,full 1990-2025 sample for this route (not by-year),US carriers' airborne time on US-touching international segments
BDL,MBJ,US,1,9.048611111111114,9.048611111111114,0,full 1990-2025 sample for this route (not by-year),US carriers' airborne time on US-touching international segments
BDL,PUJ,US,4,-6.872250000000011,5.027749999999989,2,full 1990-2025 sample for this route (not by-year),US carriers' airborne time on US-touching international segments
BDL,YUL,US,24,-20.25038972549915,7.676454406005441,2,full 1990-2025 sample for this route (not by-year),US carriers' airborne time on US-touching international segments
BDL,YYZ,US,24,-33.28001621708132,6.469096411368781,2,full 1990-2025 sample for this route (not by-year),US carriers' airborne time on US-touching international segments
BER,EWR,US,21,-13.7609447004608,9.313681868743085,2,full 1990-2025 sample for this route (not by-year),US carriers' airborne time on US-touching international segments
BER,JFK,US,6,-14.3158010161881,10.247949507389167,2,full 1990-2025 sample for this route (not by-year),US carriers' airborne time on US-touching international segments
BFI,YBL,US,1,3.970588235294116,3.970588235294116,0,full 1990-2025 sample for this route (not by-year),US carriers' airborne time on US-touching international segments
BFS,EWR,US,116,-23.75472883295195,31.995526315789434,4,full 1990-2025 sample for this route (not by-year),US carriers' airborne time on US-touching international segments
BGA,FLL,US,9,-8.479615384615379,6.167462759462756,2,full 1990-2025 sample for this route (not by-year),US carriers' airborne time on US-touching international segments
BGI,ATL,US,36,-16.094583333333325,22.846191520467784,2,full 1990-2025 sample for this route (not by-year),US carriers' airborne time on US-touching international segments
BGI,BOS,US,58,-12.566888888888894,16.294249999999995,2,full 1990-2025 sample for this route (not by-year),US carriers' airborne time on US-touching international segments
BGI,CLT,US,133,-14.275238095238075,22.274000000000047,4,full 1990-2025 sample for this route (not by-year),US carriers' airborne time on US-touching international segments
BGI,EWR,US,20,-11.141250000000001,9.067283119658118,2,full 1990-2025 sample for this route (not by-year),US carriers' airborne time on US-touching international segments
BGI,FLL,US,23,-4.86971442125236,3.4247348906192143,2,full 1990-2025 sample for this route (not by-year),US carriers' airborne time on US-touching international segments
BGI,IAD,US,9,-11.20600000000001,8.17200000000002,2,full 1990-2025 sample for this route (not by-year),US carriers' airborne time on US-touching international segments
BGI,JFK,US,367,-10.876599144688912,12.245012406947888,8,full 1990-2025 sample for this route (not by-year),US carriers' airborne time on US-touching international segments
BGI,MIA,US,377,-8.537032258064507,10.169847198641767,8,full 1990-2025 sample for this route (not by-year),US carriers' airborne time on US-touching international segments
BGI,PHL,US,45,-13.164285714285704,18.85268965517242,2,full 1990-2025 sample for this route (not by-year),US carriers' airborne time on US-touching international segments
BGI,SJU,US,241,-8.423376623376631,50.26589543937708,6,full 1990-2025 sample for this route (not by-year),US carriers' airborne time on US-touching international segments
BHX,EWR,US,221,-24.508131868131873,28.936732995509406,6,full 1990-2025 sample for this route (not by-year),US carriers' airborne time on US-touching international segments
BHX,ORD,US,60,-20.314591397849455,12.766621351766513,2,full 1990-2025 sample for this route (not by-year),US carriers' airborne time on US-touching international segments
BIL,YVR,US,1,15.25,15.25,0,full 1990-2025 sample for this route (not by-year),US carriers' airborne time on US-touching international segments
BIM,FLL,US,182,-7.218350029815145,20.773391304347776,4,full 1990-2025 sample for this route (not by-year),US carriers' airborne time on US-touching international segments
BJX,ATL,US,21,-4.887956989247312,9.21261430079005,2,full 1990-2025 sample for this route (not by-year),US carriers' airborne time on US-touching international segments
BJX,DFW,US,329,-6.244826586706652,6.2559112825458,8,full 1990-2025 sample for this route (not by-year),US carriers' airborne time on US-touching international segments
BJX,IAH,US,359,-7.639157599882048,9.735483870967748,8,full 1990-2025 sample for this route (not by-year),US carriers' airborne time on US-touching international segments
BJX,LAX,US,86,-8.089418645870257,10.833863221039277,2,full 1990-2025 sample for this route (not by-year),US carriers' airborne time on US-touching international segments
BLI,YVR,US,30,-11.42013888888889,2.634000000000001,2,full 1990-2025 sample for this route (not by-year),US carriers' airborne time on US-touching international segments
BLI,YYJ,US,1,-0.8333333333333357,-0.8333333333333357,0,full 1990-2025 sample for this route (not by-year),US carriers' airborne time on US-touching international segments
BNA,CUN,US,99,-10.0505,18.954000000000004,2,full 1990-2025 sample for this route (not by-year),US carriers' airborne time on US-touching international segments
BNA,NAS,US,4,-0.9904166666666573,3.9842857142857113,2,full 1990-2025 sample for this route (not by-year),US carriers' airborne time on US-touching international segments
BNA,YYZ,US,41,-4.022881998934787,3.50818619582664,2,full 1990-2025 sample for this route (not by-year),US carriers' airborne time on US-touching international segments
BNE,GUM,US,22,-9.908493589743594,4.193234126984159,2,full 1990-2025 sample for this route (not by-year),US carriers' airborne time on US-touching international segments
BNE,HNL,US,64,-13.445090497737583,15.588508361203923,2,full 1990-2025 sample for this route (not by-year),US carriers' airborne time on US-touching international segments
BNE,LAX,US,1,-8.011363636363626,-8.011363636363626,0,full 1990-2025 sample for this route (not by-year),US carriers' airborne time on US-touching international segments
BNE,SFO,US,14,-4.415674506064956,15.446160633484158,2,full 1990-2025 sample for this route (not by-year),US carriers' airborne time on US-touching international segments
BOG,ATL,US,251,-7.951612903225779,8.16182795698927,6,full 1990-2025 sample for this route (not by-year),US carriers' airborne time on US-touching international segments
BOG,DFW,US,95,-19.501708935854627,11.292363787003008,2,full 1990-2025 sample for this route (not by-year),US carriers' airborne time on US-touching international segments
BOG,EWR,US,303,-10.284634408602136,11.707999835207826,8,full 1990-2025 sample for this route (not by-year),US carriers' airborne time on US-touching international segments
BOG,FLL,US,166,-9.052864445619608,7.387155172413775,4,full 1990-2025 sample for this route (not by-year),US carriers' airborne time on US-touching international segments
BOG,IAH,US,335,-16.723140279322706,13.445161290322591,8,full 1990-2025 sample for this route (not by-year),US carriers' airborne time on US-touching international segments
BOG,JFK,US,80,-11.113089605734778,9.466709770114962,2,full 1990-2025 sample for this route (not by-year),US carriers' airborne time on US-touching international segments
BOG,MCO,US,147,-7.888387096774184,9.003836136541038,4,full 1990-2025 sample for this route (not by-year),US carriers' airborne time on US-touching international segments
BOG,MIA,US,382,-5.849680197980362,8.146778813964618,8,full 1990-2025 sample for this route (not by-year),US carriers' airborne time on US-touching international segments
BOM,EWR,US,139,-23.563902113459424,17.274252873563302,4,full 1990-2025 sample for this route (not by-year),US carriers' airborne time on US-touching international segments
BON,ATL,US,154,-13.501999999999997,9.968874999999995,4,full 1990-2025 sample for this route (not by-year),US carriers' airborne time on US-touching international segments
BON,EWR,US,120,-17.598,17.706000000000017,4,full 1990-2025 sample for this route (not by-year),US carriers' airborne time on US-touching international segments
BON,IAH,US,173,-11.793000000000003,14.544000000000011,4,full 1990-2025 sample for this route (not by-year),US carriers' airborne time on US-touching international segments
BON,MIA,US,35,-6.735994047619052,4.7654195804195645,2,full 1990-2025 sample for this route (not by-year),US carriers' airborne time on US-touching international segments
BON,SJU,US,71,-6.017741935483874,9.37791666666665,2,full 1990-2025 sample for this route (not by-year),US carriers' airborne time on US-touching international segments
BOS,AMS,US,385,-19.539083191850583,23.906408602150506,8,full 1990-2025 sample for this route (not by-year),US carriers' airborne time on US-touching international segments
BOS,ATH,US,11,-14.677692307692348,5.3730958781361675,2,full 1990-2025 sample for this route (not by-year),US carriers' airborne time on US-touching international segments
BOS,AUA,US,254,-11.37053260869564,12.483153846153842,6,full 1990-2025 sample for this route (not by-year),US carriers' airborne time on US-touching international segments
BOS,BDA,US,368,-6.386967741935487,6.845754032258056,8,full 1990-2025 sample for this route (not by-year),US carriers' airborne time on US-touching international segments
BOS,BGI,US,58,-18.743690476190487,19.566749999999985,2,full 1990-2025 sample for this route (not by-year),US carriers' airborne time on US-touching international segments
BOS,CDG,US,209,-15.808761654363428,27.294781609195393,6,full 1990-2025 sample for this route (not by-year),US carriers' airborne time on US-touching international segments
BOS,CUN,US,223,-11.91034023287237,20.492500000000003,6,full 1990-2025 sample for this route (not by-year),US carriers' airborne time on US-touching international segments
BOS,DUB,US,27,-9.254958768007961,11.881073952161508,2,full 1990-2025 sample for this route (not by-year),US carriers' airborne time on US-touching international segments
BOS,EDI,US,11,-6.833069403714535,11.545430107526865,2,full 1990-2025 sample for this route (not by-year),US carriers' airborne time on US-touching international segments
BOS,FCO,US,16,-10.432471264367837,12.731966610780631,2,full 1990-2025 sample for this route (not by-year),US carriers' airborne time on US-touching international segments
BOS,FRA,US,66,-20.141773879142313,36.18124999999997,2,full 1990-2025 sample for this route (not by-year),US carriers' airborne time on US-touching international segments
BOS,GCM,US,44,-16.189250000000005,20.317500000000003,2,full 1990-2025 sample for this route (not by-year),US carriers' airborne time on US-touching international segments
BOS,GLA,US,30,-12.885493734335839,8.215311443932402,2,full 1990-2025 sample for this route (not by-year),US carriers' airborne time on US-touching international segments
BOS,LGW,US,59,-20.362747465437828,23.587241935483853,2,full 1990-2025 sample for this route (not by-year),US carriers' airborne time on US-touching international segments
BOS,LHR,US,376,-17.79058135733581,25.648605593516663,8,full 1990-2025 sample for this route (not by-year),US carriers' airborne time on US-touching international segments
BOS,LIR,US,36,-18.3875,25.748124999999987,2,full 1990-2025 sample for this route (not by-year),US carriers' airborne time on US-touching international segments
BOS,LIS,US,13,-9.766579903596622,8.346195773081199,2,full 1990-2025 sample for this route (not by-year),US carriers' airborne time on US-touching international segments
BOS,MAN,US,12,-11.18516129032258,15.97353130929791,2,full 1990-2025 sample for this route (not by-year),US carriers' airborne time on US-touching international segments
BOS,MBJ,US,131,-14.434090909090903,17.45749999999996,4,full 1990-2025 sample for this route (not by-year),US carriers' airborne time on US-touching international segments
BOS,NAS,US,130,-15.812896825396832,18.26020833333331,4,full 1990-2025 sample for this route (not by-year),US carriers' airborne time on US-touching international segments
BOS,ORY,US,17,-13.040941045606212,17.163718723331606,2,full 1990-2025 sample for this route (not by-year),US carriers' airborne time on US-touching international segments
BOS,PAP,US,33,-10.64128571428572,12.604222222222218,2,full 1990-2025 sample for this route (not by-year),US carriers' airborne time on US-touching international segments
BOS,PLS,US,117,-15.94094483294485,18.410000000000004,4,full 1990-2025 sample for this route (not by-year),US carriers' airborne time on US-touching international segments
BOS,POP,US,41,-14.884999999999996,18.150000000000013,2,full 1990-2025 sample for this route (not by-year),US carriers' airborne time on US-touching international segments
BOS,PUJ,US,158,-15.57295665949307,15.158783333333352,4,full 1990-2025 sample for this route (not by-year),US carriers' airborne time on US-touching international segments
BOS,SDQ,US,239,-10.866568100358425,12.443865384615393,6,full 1990-2025 sample for this route (not by-year),US carriers' airborne time on US-touching international segments
BOS,STI,US,127,-9.832204721204723,12.394411674347166,4,full 1990-2025 sample for this route (not by-year),US carriers' airborne time on US-touching international segments
BOS,SXM,US,85,-19.790102564102572,19.647999999999982,2,full 1990-2025 sample for this route (not by-year),US carriers' airborne time on US-touching international segments
BOS,UVF,US,43,-20.813500000000005,21.785999999999973,2,full 1990-2025 sample for this route (not by-year),US carriers' airborne time on US-touching international segments
BOS,YFC,US,29,-5.954781582351427,52.72833717357909,2,full 1990-2025 sample for this route (not by-year),US carriers' airborne time on US-touching international segments
BOS,YHZ,US,87,-28.539734731560575,6.191565756823824,2,full 1990-2025 sample for this route (not by-year),US carriers' airborne time on US-touching international segments
BOS,YOW,US,24,-23.57289819901743,5.113676408751593,2,full 1990-2025 sample for this route (not by-year),US carriers' airborne time on US-touching international segments
BOS,YQB,US,9,-24.964935606117695,-12.84977517251442,2,full 1990-2025 sample for this route (not by-year),US carriers' airborne time on US-touching international segments
BOS,YUL,US,82,-6.665874749793949,1.2766279112478405,2,full 1990-2025 sample for this route (not by-year),US carriers' airborne time on US-touching international segments
BOS,YVR,US,3,2.9872191323693165,10.892108775832808,2,full 1990-2025 sample for this route (not by-year),US carriers' airborne time on US-touching international segments
BOS,YYG,US,3,-5.2174839743589665,2.357786186931342,2,full 1990-2025 sample for this route (not by-year),US carriers' airborne time on US-touching international segments
BOS,YYZ,US,191,-5.9348786691811455,5.410249403848589,4,full 1990-2025 sample for this route (not by-year),US carriers' airborne time on US-touching international segments
BQN,SDQ,US,1,-0.2962184873949596,-0.2962184873949596,0,full 1990-2025 sample for this route (not by-year),US carriers' airborne time on US-touching international segments
BRS,EWR,US,43,-31.681196172248814,24.29199814051257,2,full 1990-2025 sample for this route (not by-year),US carriers' airborne time on US-touching international segments
BRU,ATL,US,287,-25.749929551353347,25.714542196155023,6,full 1990-2025 sample for this route (not by-year),US carriers' airborne time on US-touching international segments
BRU,EWR,US,272,-26.252613824884786,26.212832909582122,6,full 1990-2025 sample for this route (not by-year),US carriers' airborne time on US-touching international segments
BRU,IAD,US,356,-27.9752927120669,24.042906801207685,8,full 1990-2025 sample for this route (not by-year),US carriers' airborne time on US-touching international segments
BRU,JFK,US,357,-29.85140181445712,23.885137254901974,8,full 1990-2025 sample for this route (not by-year),US carriers' airborne time on US-touching international segments
BRU,ORD,US,381,-28.387629274692674,22.873722510340926,8,full 1990-2025 sample for this route (not by-year),US carriers' airborne time on US-touching international segments
BRU,PHL,US,80,-28.575578589500303,26.972932726771415,2,full 1990-2025 sample for this route (not by-year),US carriers' airborne time on US-touching international segments
BSB,ATL,US,48,-13.405943204868203,7.6998387096774366,2,full 1990-2025 sample for this route (not by-year),US carriers' airborne time on US-touching international segments
BSB,MIA,US,89,-9.23670750507096,10.90122687043577,2,full 1990-2025 sample for this route (not by-year),US carriers' airborne time on US-touching international segments
BUD,JFK,US,50,-30.62511217948713,34.32425000000001,2,full 1990-2025 sample for this route (not by-year),US carriers' airborne time on US-touching international segments
BUF,YUL,US,23,-2.9349047619047646,2.2080333704115644,2,full 1990-2025 sample for this route (not by-year),US carriers' airborne time on US-touching international segments
BUF,YYZ,US,18,-1.9750699784882348,0.08100751337584995,2,full 1990-2025 sample for this route (not by-year),US carriers' airborne time on US-touching international segments
BWI,AUA,US,118,-11.378047619047628,12.691666666666674,4,full 1990-2025 sample for this route (not by-year),US carriers' airborne time on US-touching international segments
BWI,BDA,US,146,-4.139784946236555,6.756179435483871,4,full 1990-2025 sample for this route (not by-year),US carriers' airborne time on US-touching international segments
BWI,CUN,US,219,-9.69804645354646,16.182501587301598,6,full 1990-2025 sample for this route (not by-year),US carriers' airborne time on US-touching international segments
BWI,FPO,US,13,-9.454236559139794,5.781218637992822,2,full 1990-2025 sample for this route (not by-year),US carriers' airborne time on US-touching international segments
BWI,GCM,US,2,-1.0110000000000112,2.810999999999994,2,full 1990-2025 sample for this route (not by-year),US carriers' airborne time on US-touching international segments
BWI,LGW,US,20,-20.53896428571426,26.45590756224452,2,full 1990-2025 sample for this route (not by-year),US carriers' airborne time on US-touching international segments
BWI,LIR,US,39,-12.335888888888885,12.284107142857124,2,full 1990-2025 sample for this route (not by-year),US carriers' airborne time on US-touching international segments
BWI,LRM,US,9,-10.424000000000015,12.193999999999988,2,full 1990-2025 sample for this route (not by-year),US carriers' airborne time on US-touching international segments
BWI,MBJ,US,144,-7.451907445495672,7.521375584508003,4,full 1990-2025 sample for this route (not by-year),US carriers' airborne time on US-touching international segments
BWI,NAS,US,131,-7.709532733633187,12.797674418604608,4,full 1990-2025 sample for this route (not by-year),US carriers' airborne time on US-touching international segments
BWI,PLS,US,3,1.6730000000000058,9.366,2,full 1990-2025 sample for this route (not by-year),US carriers' airborne time on US-touching international segments
BWI,PUJ,US,180,-7.307980373230362,12.801634408602144,4,full 1990-2025 sample for this route (not by-year),US carriers' airborne time on US-touching international segments
BWI,SJD,US,4,-10.59,19.122999999999994,2,full 1990-2025 sample for this route (not by-year),US carriers' airborne time on US-touching international segments
BWI,SJO,US,43,-14.55799999999998,14.666247311827952,2,full 1990-2025 sample for this route (not by-year),US carriers' airborne time on US-touching international segments
BWI,SXM,US,14,-5.545250000000001,14.25741071428571,2,full 1990-2025 sample for this route (not by-year),US carriers' airborne time on US-touching international segments
BWI,YOW,US,66,-3.2277069011105146,2.817663144234328,2,full 1990-2025 sample for this route (not by-year),US carriers' airborne time on US-touching international segments
BWI,YUL,US,28,-3.6186923711897725,2.316093786460708,2,full 1990-2025 sample for this route (not by-year),US carriers' airborne time on US-touching international segments
BZE,ATL,US,200,-11.180398193760256,12.95111747783436,4,full 1990-2025 sample for this route (not by-year),US carriers' airborne time on US-touching international segments
BZE,CLT,US,176,-11.499999999999986,14.125,4,full 1990-2025 sample for this route (not by-year),US carriers' airborne time on US-touching international segments
BZE,DEN,US,34,-15.338660714285705,37.11964285714287,2,full 1990-2025 sample for this route (not by-year),US carriers' airborne time on US-touching international segments
BZE,DFW,US,260,-5.6643831699346405,8.957047619047636,6,full 1990-2025 sample for this route (not by-year),US carriers' airborne time on US-touching international segments
BZE,EWR,US,82,-13.359772727272727,12.335624999999997,2,full 1990-2025 sample for this route (not by-year),US carriers' airborne time on US-touching international segments
BZE,FLL,US,10,-0.6769134355633202,6.4748589605734725,2,full 1990-2025 sample for this route (not by-year),US carriers' airborne time on US-touching international segments
BZE,HOU,US,60,-4.851166666666685,7.165607825567503,2,full 1990-2025 sample for this route (not by-year),US carriers' airborne time on US-touching international segments
BZE,IAH,US,368,-7.3315819327731075,9.650885050741568,8,full 1990-2025 sample for this route (not by-year),US carriers' airborne time on US-touching international segments
BZE,JFK,US,1,7.356818181818198,7.356818181818198,0,full 1990-2025 sample for this route (not by-year),US carriers' airborne time on US-touching international segments
BZE,LAX,US,72,-12.85,17.13541666666666,2,full 1990-2025 sample for this route (not by-year),US carriers' airborne time on US-touching international segments
BZE,MIA,US,352,-4.4778325123152705,5.6280645161290295,8,full 1990-2025 sample for this route (not by-year),US carriers' airborne time on US-touching international segments
BZE,MSP,US,14,-11.88875000000001,11.256696428571413,2,full 1990-2025 sample for this route (not by-year),US carriers' airborne time on US-touching international segments
BZE,ORD,US,28,-9.890750000000004,6.570098484848478,2,full 1990-2025 sample for this route (not by-year),US carriers' airborne time on US-touching international segments
BZE,SEA,US,11,-12.349090909090927,6.859558823529411,2,full 1990-2025 sample for this route (not by-year),US carriers' airborne time on US-touching international segments
CAI,JFK,US,71,-19.33201045404901,28.71595490716175,2,full 1990-2025 sample for this route (not by-year),US carriers' airborne time on US-touching international segments
CAP,FLL,US,12,-3.0914285714285743,11.89108501509615,2,full 1990-2025 sample for this route (not by-year),US carriers' airborne time on US-touching international segments
CAP,MIA,US,42,-5.071784946236559,3.9402743814295604,2,full 1990-2025 sample for this route (not by-year),US carriers' airborne time on US-touching international segments
CCS,ATL,US,209,-8.805677419354847,9.634952380952363,6,full 1990-2025 sample for this route (not by-year),US carriers' airborne time on US-touching international segments
CCS,DFW,US,167,-14.273857142857107,10.926695014662759,4,full 1990-2025 sample for this route (not by-year),US carriers' airborne time on US-touching international segments
CCS,EWR,US,83,-11.414494623655909,14.582785714285686,2,full 1990-2025 sample for this route (not by-year),US carriers' airborne time on US-touching international segments
CCS,IAH,US,211,-28.708695652173887,14.733847704714677,6,full 1990-2025 sample for this route (not by-year),US carriers' airborne time on US-touching international segments
CCS,JFK,US,257,-9.844788530465989,14.630621364357493,6,full 1990-2025 sample for this route (not by-year),US carriers' airborne time on US-touching international segments
CCS,MIA,US,327,-5.695419103980655,9.6551392368058,8,full 1990-2025 sample for this route (not by-year),US carriers' airborne time on US-touching international segments
CCS,SJU,US,182,-3.089897849462368,5.1882318548387,4,full 1990-2025 sample for this route (not by-year),US carriers' airborne time on US-touching international segments
CCZ,FXE,US,25,-36.42129606625259,56.44285714285713,2,full 1990-2025 sample for this route (not by-year),US carriers' airborne time on US-touching international segments
CDG,ATL,US,300,-29.28279545454551,24.099661520116204,6,full 1990-2025 sample for this route (not by-year),US carriers' airborne time on US-touching international segments
CDG,BOS,US,209,-26.636127804517283,30.59038737484593,6,full 1990-2025 sample for this route (not by-year),US carriers' airborne time on US-touching international segments
CDG,CLT,US,66,-13.003513693068632,18.657026143790844,2,full 1990-2025 sample for this route (not by-year),US carriers' airborne time on US-touching international segments
CDG,CVG,US,267,-23.744279569892445,29.04949820788527,6,full 1990-2025 sample for this route (not by-year),US carriers' airborne time on US-touching international segments
CDG,DFW,US,267,-33.213520226899476,30.93733333333324,6,full 1990-2025 sample for this route (not by-year),US carriers' airborne time on US-touching international segments
CDG,DTW,US,316,-24.919139784946235,22.541209677419317,8,full 1990-2025 sample for this route (not by-year),US carriers' airborne time on US-touching international segments
CDG,EWR,US,299,-28.395582922824286,25.102058178804803,6,full 1990-2025 sample for this route (not by-year),US carriers' airborne time on US-touching international segments
CDG,IAD,US,373,-42.12872459139214,35.386310030395094,8,full 1990-2025 sample for this route (not by-year),US carriers' airborne time on US-touching international segments
CDG,IAH,US,163,-16.94236781609188,30.98504148642527,4,full 1990-2025 sample for this route (not by-year),US carriers' airborne time on US-touching international segments
CDG,JFK,US,386,-26.129895570478933,25.58964261168379,8,full 1990-2025 sample for this route (not by-year),US carriers' airborne time on US-touching international segments
CDG,LAX,US,42,-33.14634330484323,30.291205604431386,2,full 1990-2025 sample for this route (not by-year),US carriers' airborne time on US-touching international segments
CDG,MIA,US,238,-27.95134404388712,18.702677419354867,6,full 1990-2025 sample for this route (not by-year),US carriers' airborne time on US-touching international segments
CDG,MSP,US,141,-28.23789541402441,23.145913978494665,4,full 1990-2025 sample for this route (not by-year),US carriers' airborne time on US-touching international segments
CDG,ORD,US,372,-27.600469634778026,23.51709677419349,8,full 1990-2025 sample for this route (not by-year),US carriers' airborne time on US-touching international segments
CDG,PHL,US,299,-23.975769230769234,24.738077030033324,6,full 1990-2025 sample for this route (not by-year),US carriers' airborne time on US-touching international segments
CDG,PIT,US,69,-23.77408496732025,20.301764442454058,2,full 1990-2025 sample for this route (not by-year),US carriers' airborne time on US-touching international segments
CDG,RDU,US,23,-17.79040603085557,15.267623188405748,2,full 1990-2025 sample for this route (not by-year),US carriers' airborne time on US-touching international segments
CDG,SEA,US,105,-25.87447619047616,18.253275362318895,4,full 1990-2025 sample for this route (not by-year),US carriers' airborne time on US-touching international segments
CDG,SFO,US,225,-47.725231465761226,38.82266666666663,6,full 1990-2025 sample for this route (not by-year),US carriers' airborne time on US-touching international segments
CDG,SLC,US,140,-27.67839228772707,18.00397619047621,4,full 1990-2025 sample for this route (not by-year),US carriers' airborne time on US-touching international segments
CDG,STL,US,49,-18.226279569892526,12.155879707611641,2,full 1990-2025 sample for this route (not by-year),US carriers' airborne time on US-touching international segments
CGN,EWR,US,4,-13.528732718893975,3.754694104560596,2,full 1990-2025 sample for this route (not by-year),US carriers' airborne time on US-touching international segments
CHC,SFO,US,1,10.833333333333371,10.833333333333371,0,full 1990-2025 sample for this route (not by-year),US carriers' airborne time on US-touching international segments
CIW,SJU,US,23,-13.309333333333338,7.969237012987022,2,full 1990-2025 sample for this route (not by-year),US carriers' airborne time on US-touching international segments
CLE,CUN,US,247,-11.440603174603178,12.831884615384617,6,full 1990-2025 sample for this route (not by-year),US carriers' airborne time on US-touching international segments
CLE,LGW,US,45,-15.625747497219097,19.46013793103447,2,full 1990-2025 sample for this route (not by-year),US carriers' airborne time on US-touching international segments
CLE,NAS,US,27,-9.279166666666658,12.75906349206347,2,full 1990-2025 sample for this route (not by-year),US carriers' airborne time on US-touching international segments
CLE,PUJ,US,64,-30.891483516483515,14.233571428571393,2,full 1990-2025 sample for this route (not by-year),US carriers' airborne time on US-touching international segments
CLE,PVR,US,1,4.225000000000023,4.225000000000023,0,full 1990-2025 sample for this route (not by-year),US carriers' airborne time on US-touching international segments
CLE,YQB,US,4,-6.45013888888889,-0.525,2,full 1990-2025 sample for this route (not by-year),US carriers' airborne time on US-touching international segments
CLE,YUL,US,177,-19.85773087280079,14.599597883597891,4,full 1990-2025 sample for this route (not by-year),US carriers' airborne time on US-touching international segments
CLE,YYZ,US,216,-19.56488711098524,9.685558097572338,6,full 1990-2025 sample for this route (not by-year),US carriers' airborne time on US-touching international segments
CLM,YYJ,US,66,-2.1849245308746874,4.428153653483439,2,full 1990-2025 sample for this route (not by-year),US carriers' airborne time on US-touching international segments
CLO,FLL,US,32,-4.237869501466298,5.233269230769226,2,full 1990-2025 sample for this route (not by-year),US carriers' airborne time on US-touching international segments
CLO,IAH,US,14,-3.056127450980435,8.81154570354345,2,full 1990-2025 sample for this route (not by-year),US carriers' airborne time on US-touching international segments
CLO,MIA,US,383,-7.008956361450612,9.325058823529421,8,full 1990-2025 sample for this route (not by-year),US carriers' airborne time on US-touching international segments
CLT,ANU,US,150,-17.1835,17.48849999999998,4,full 1990-2025 sample for this route (not by-year),US carriers' airborne time on US-touching international segments
CLT,AUA,US,243,-6.209922480620157,6.97510031763902,6,full 1990-2025 sample for this route (not by-year),US carriers' airborne time on US-touching international segments
CLT,BCN,US,20,-11.336682795698938,14.213946236559112,2,full 1990-2025 sample for this route (not by-year),US carriers' airborne time on US-touching international segments
CLT,BDA,US,119,-6.33513043478261,5.616445238095229,4,full 1990-2025 sample for this route (not by-year),US carriers' airborne time on US-touching international segments
CLT,BGI,US,134,-14.656999999999996,16.19237499999999,4,full 1990-2025 sample for this route (not by-year),US carriers' airborne time on US-touching international segments
CLT,BZE,US,177,-14.71077777777779,15.030000000000001,4,full 1990-2025 sample for this route (not by-year),US carriers' airborne time on US-touching international segments
CLT,CDG,US,67,-14.18165517241378,19.250016129032293,2,full 1990-2025 sample for this route (not by-year),US carriers' airborne time on US-touching international segments
CLT,CUN,US,317,-9.823853046594989,10.604488342822872,8,full 1990-2025 sample for this route (not by-year),US carriers' airborne time on US-touching international segments
CLT,CUR,US,46,-6.440624999999988,10.043749999999996,2,full 1990-2025 sample for this route (not by-year),US carriers' airborne time on US-touching international segments
CLT,CZM,US,200,-12.013333333333334,10.222788888888886,4,full 1990-2025 sample for this route (not by-year),US carriers' airborne time on US-touching international segments
CLT,DUB,US,51,-25.28333333333333,15.783333333333331,2,full 1990-2025 sample for this route (not by-year),US carriers' airborne time on US-touching international segments
CLT,ELH,US,23,-8.462264705882353,4.595496894409926,2,full 1990-2025 sample for this route (not by-year),US carriers' airborne time on US-touching international segments
CLT,FCO,US,66,-15.718103448275844,15.886046296296309,2,full 1990-2025 sample for this route (not by-year),US carriers' airborne time on US-touching international segments
CLT,FPO,US,180,-5.282749999999996,7.031250000000006,4,full 1990-2025 sample for this route (not by-year),US carriers' airborne time on US-touching international segments
CLT,FRA,US,254,-21.470193548387105,18.99957945630357,6,full 1990-2025 sample for this route (not by-year),US carriers' airborne time on US-touching international segments
CLT,GCM,US,313,-7.268012091038402,9.283904761904768,8,full 1990-2025 sample for this route (not by-year),US carriers' airborne time on US-touching international segments
CLT,GDL,US,2,-1.9309951159951237,4.203278388278413,2,full 1990-2025 sample for this route (not by-year),US carriers' airborne time on US-touching international segments
CLT,GGT,US,43,-6.905238095238099,6.00293939393939,2,full 1990-2025 sample for this route (not by-year),US carriers' airborne time on US-touching international segments
CLT,GIG,US,36,-24.096774193548406,9.327204301075259,2,full 1990-2025 sample for this route (not by-year),US carriers' airborne time on US-touching international segments
CLT,GND,US,7,-13.17450000000001,8.899499999999998,2,full 1990-2025 sample for this route (not by-year),US carriers' airborne time on US-touching international segments
CLT,GUA,US,10,-2.5356383701188427,7.8752374860956715,2,full 1990-2025 sample for this route (not by-year),US carriers' airborne time on US-touching international segments
CLT,LGW,US,167,-24.79075268817202,18.162666666666652,4,full 1990-2025 sample for this route (not by-year),US carriers' airborne time on US-touching international segments
CLT,LHR,US,101,-17.91082263120643,15.428981937602657,2,full 1990-2025 sample for this route (not by-year),US carriers' airborne time on US-touching international segments
CLT,LIR,US,145,-16.070000000000004,15.060000000000004,4,full 1990-2025 sample for this route (not by-year),US carriers' airborne time on US-touching international segments
CLT,MAD,US,50,-18.28998207885305,10.696892473118254,2,full 1990-2025 sample for this route (not by-year),US carriers' airborne time on US-touching international segments
CLT,MBJ,US,327,-8.514819777966803,6.336057971014495,8,full 1990-2025 sample for this route (not by-year),US carriers' airborne time on US-touching international segments
CLT,MEX,US,211,-12.512483612744305,12.88233990147781,6,full 1990-2025 sample for this route (not by-year),US carriers' airborne time on US-touching international segments
CLT,MHH,US,7,-6.161005376344088,0.6624965517241314,2,full 1990-2025 sample for this route (not by-year),US carriers' airborne time on US-touching international segments
CLT,MUC,US,26,-10.598041474654394,20.596053481958663,2,full 1990-2025 sample for this route (not by-year),US carriers' airborne time on US-touching international segments
CLT,NAS,US,384,-4.984391387255686,6.108561561561568,8,full 1990-2025 sample for this route (not by-year),US carriers' airborne time on US-touching international segments
CLT,PLS,US,229,-7.2098658159521944,8.29676686217008,6,full 1990-2025 sample for this route (not by-year),US carriers' airborne time on US-touching international segments
CLT,POP,US,52,-9.49,12.836999999999996,2,full 1990-2025 sample for this route (not by-year),US carriers' airborne time on US-touching international segments
CLT,PUJ,US,230,-7.3379705513784605,8.510891232423488,6,full 1990-2025 sample for this route (not by-year),US carriers' airborne time on US-touching international segments
CLT,SJD,US,98,-19.015,19.96831818181819,2,full 1990-2025 sample for this route (not by-year),US carriers' airborne time on US-touching international segments
CLT,SJO,US,188,-10.99369625042999,15.17636950146628,4,full 1990-2025 sample for this route (not by-year),US carriers' airborne time on US-touching international segments
CLT,SKB,US,151,-14.275000000000006,14.77222222222224,4,full 1990-2025 sample for this route (not by-year),US carriers' airborne time on US-touching international segments
CLT,SXM,US,274,-9.630261904761893,11.281821428571424,6,full 1990-2025 sample for this route (not by-year),US carriers' airborne time on US-touching international segments
CLT,UVF,US,156,-13.517500000000002,14.974999999999994,4,full 1990-2025 sample for this route (not by-year),US carriers' airborne time on US-touching international segments
CLT,YOW,US,36,-4.968293052887047,4.302562695924756,2,full 1990-2025 sample for this route (not by-year),US carriers' airborne time on US-touching international segments
CLT,YUL,US,158,-8.748806451612902,10.145811739820209,4,full 1990-2025 sample for this route (not by-year),US carriers' airborne time on US-touching international segments
CLT,YYZ,US,265,-4.915305860805867,14.703274424234067,6,full 1990-2025 sample for this route (not by-year),US carriers' airborne time on US-touching international segments
CME,IAH,US,137,-7.904166216430963,7.163416282642084,4,full 1990-2025 sample for this route (not by-year),US carriers' airborne time on US-touching international segments
CMH,CUN,US,71,-15.517738095238096,19.262499999999996,2,full 1990-2025 sample for this route (not by-year),US carriers' airborne time on US-touching international segments
CMW,FLL,US,15,-17.882644303363072,1.2165057471264402,2,full 1990-2025 sample for this route (not by-year),US carriers' airborne time on US-touching international segments
CMW,MIA,US,30,-2.9740176651305665,2.9186344086021494,2,full 1990-2025 sample for this route (not by-year),US carriers' airborne time on US-touching international segments
CNF,MIA,US,94,-8.847068965517249,11.173282952069679,2,full 1990-2025 sample for this route (not by-year),US carriers' airborne time on US-touching international segments
CNS,GUM,US,183,-12.857777777777773,11.77589743589741,4,full 1990-2025 sample for this route (not by-year),US carriers' airborne time on US-touching international segments
CPH,ATL,US,33,-19.00935064935064,20.88197849462367,2,full 1990-2025 sample for this route (not by-year),US carriers' airborne time on US-touching international segments
CPH,EWR,US,52,-35.70744927536232,24.409029411764738,2,full 1990-2025 sample for this route (not by-year),US carriers' airborne time on US-touching international segments
CPH,JFK,US,114,-29.80734920634926,19.58474896919718,4,full 1990-2025 sample for this route (not by-year),US carriers' airborne time on US-touching international segments
CPT,ATL,US,13,-20.311154477706214,12.76071794871808,2,full 1990-2025 sample for this route (not by-year),US carriers' airborne time on US-touching international segments
CPT,EWR,US,24,-14.53745920745925,14.171886446886482,2,full 1990-2025 sample for this route (not by-year),US carriers' airborne time on US-touching international segments
CPT,IAD,US,14,-18.74608100233103,11.69120879120878,2,full 1990-2025 sample for this route (not by-year),US carriers' airborne time on US-touching international segments
CTG,ATL,US,29,-7.663076923076927,8.431270396270392,2,full 1990-2025 sample for this route (not by-year),US carriers' airborne time on US-touching international segments
CTG,FLL,US,164,-6.154717251950958,5.321447128851542,4,full 1990-2025 sample for this route (not by-year),US carriers' airborne time on US-touching international segments
CTG,JFK,US,108,-10.490877192982472,11.42910465440357,4,full 1990-2025 sample for this route (not by-year),US carriers' airborne time on US-touching international segments
CTG,MCO,US,12,-2.148263888888893,9.756875,2,full 1990-2025 sample for this route (not by-year),US carriers' airborne time on US-touching international segments
CTG,MIA,US,48,-3.713550982573238,4.4922907641161665,2,full 1990-2025 sample for this route (not by-year),US carriers' airborne time on US-touching international segments
CTS,GUM,US,306,-15.25099206349206,11.821587301587302,8,full 1990-2025 sample for this route (not by-year),US carriers' airborne time on US-touching international segments
CTS,HNL,US,65,-26.552527472527498,12.081868131868124,2,full 1990-2025 sample for this route (not by-year),US carriers' airborne time on US-touching international segments
CTS,SPN,US,67,-10.961666666666677,23.590000000000003,2,full 1990-2025 sample for this route (not by-year),US carriers' airborne time on US-touching international segments
CTU,SFO,US,44,-19.997200917362242,14.814755244755206,2,full 1990-2025 sample for this route (not by-year),US carriers' airborne time on US-touching international segments
CUN,ATL,US,266,-7.066775254562453,9.498919690860223,6,full 1990-2025 sample for this route (not by-year),US carriers' airborne time on US-touching international segments
CUN,AUS,US,105,-9.64048903432899,10.67302673796789,4,full 1990-2025 sample for this route (not by-year),US carriers' airborne time on US-touching international segments
CUN,BDL,US,51,-12.1875,11.487499999999997,2,full 1990-2025 sample for this route (not by-year),US carriers' airborne time on US-touching international segments
CUN,BNA,US,100,-8.139166666666656,10.023761904761917,2,full 1990-2025 sample for this route (not by-year),US carriers' airborne time on US-touching international segments
CUN,BOS,US,224,-13.188573529411775,17.083916666666706,6,full 1990-2025 sample for this route (not by-year),US carriers' airborne time on US-touching international segments
CUN,BWI,US,220,-8.48479831932773,13.686029411764698,6,full 1990-2025 sample for this route (not by-year),US carriers' airborne time on US-touching international segments
CUN,CLE,US,246,-10.440972222222225,14.13178571428574,6,full 1990-2025 sample for this route (not by-year),US carriers' airborne time on US-touching international segments
CUN,CLT,US,317,-8.989944341372912,6.406666666666641,8,full 1990-2025 sample for this route (not by-year),US carriers' airborne time on US-touching international segments
CUN,CMH,US,69,-9.046000000000003,11.241999999999978,2,full 1990-2025 sample for this route (not by-year),US carriers' airborne time on US-touching international segments
CUN,CVG,US,177,-10.444769230769236,16.486727272727315,4,full 1990-2025 sample for this route (not by-year),US carriers' airborne time on US-touching international segments
CUN,DEN,US,230,-30.284312927385205,9.87466687276139,6,full 1990-2025 sample for this route (not by-year),US carriers' airborne time on US-touching international segments
CUN,DFW,US,388,-8.09624609431402,9.257610494515365,8,full 1990-2025 sample for this route (not by-year),US carriers' airborne time on US-touching international segments
CUN,DTW,US,219,-9.29618467991036,7.729653625844051,6,full 1990-2025 sample for this route (not by-year),US carriers' airborne time on US-touching international segments
CUN,EWR,US,382,-12.90474489795917,12.25699999999999,8,full 1990-2025 sample for this route (not by-year),US carriers' airborne time on US-touching international segments
CUN,FLL,US,218,-7.059411251977046,5.109049313882133,6,full 1990-2025 sample for this route (not by-year),US carriers' airborne time on US-touching international segments
CUN,HOU,US,76,-4.357699172192152,5.262945276689106,2,full 1990-2025 sample for this route (not by-year),US carriers' airborne time on US-touching international segments
CUN,HRL,US,4,0.4621527777777764,2.720138888888895,2,full 1990-2025 sample for this route (not by-year),US carriers' airborne time on US-touching international segments
CUN,IAD,US,215,-8.140580086580085,8.964475609756095,6,full 1990-2025 sample for this route (not by-year),US carriers' airborne time on US-touching international segments
CUN,IAH,US,387,-4.879477610251471,6.805208215157217,8,full 1990-2025 sample for this route (not by-year),US carriers' airborne time on US-touching international segments
CUN,IND,US,251,-12.5,16.05876068376068,6,full 1990-2025 sample for this route (not by-year),US carriers' airborne time on US-touching international segments
CUN,JFK,US,263,-10.33266532258064,11.136032853451459,6,full 1990-2025 sample for this route (not by-year),US carriers' airborne time on US-touching international segments
CUN,LAN,US,8,-8.269230769230779,7.2676581196580985,2,full 1990-2025 sample for this route (not by-year),US carriers' airborne time on US-touching international segments
CUN,LAX,US,247,-17.101285708012167,27.020222222222205,6,full 1990-2025 sample for this route (not by-year),US carriers' airborne time on US-touching international segments
CUN,MCI,US,157,-11.967035087719294,13.104,4,full 1990-2025 sample for this route (not by-year),US carriers' airborne time on US-touching international segments
CUN,MCO,US,169,-6.250702143385068,5.843603561910114,4,full 1990-2025 sample for this route (not by-year),US carriers' airborne time on US-touching international segments
CUN,MDW,US,160,-9.140394900497519,9.927543875879124,4,full 1990-2025 sample for this route (not by-year),US carriers' airborne time on US-touching international segments
CUN,MEM,US,180,-8.360499999999996,10.827500000000022,4,full 1990-2025 sample for this route (not by-year),US carriers' airborne time on US-touching international segments
CUN,MIA,US,388,-3.5420663291485615,3.6733600210652435,8,full 1990-2025 sample for this route (not by-year),US carriers' airborne time on US-touching international segments
CUN,MKE,US,98,-20.928549549549558,17.990994985117567,2,full 1990-2025 sample for this route (not by-year),US carriers' airborne time on US-touching international segments
CUN,MSP,US,243,-12.218240429505125,13.138731638418083,6,full 1990-2025 sample for this route (not by-year),US carriers' airborne time on US-touching international segments
CUN,MSY,US,55,-11.026571428571431,10.4715,2,full 1990-2025 sample for this route (not by-year),US carriers' airborne time on US-touching international segments
CUN,ORD,US,256,-5.9028263189322,10.104619490622076,6,full 1990-2025 sample for this route (not by-year),US carriers' airborne time on US-touching international segments
CUN,PDX,US,6,-1.8299999999999783,11.553750000000012,2,full 1990-2025 sample for this route (not by-year),US carriers' airborne time on US-touching international segments
CUN,PHL,US,298,-13.51407249466951,11.912299017395952,6,full 1990-2025 sample for this route (not by-year),US carriers' airborne time on US-touching international segments
CUN,PHX,US,223,-27.826516129032253,12.786806451612906,6,full 1990-2025 sample for this route (not by-year),US carriers' airborne time on US-touching international segments
CUN,PIT,US,147,-15.37902777777777,11.721676767676758,4,full 1990-2025 sample for this route (not by-year),US carriers' airborne time on US-touching international segments
CUN,RDU,US,120,-10.546607228195938,25.74903571428571,4,full 1990-2025 sample for this route (not by-year),US carriers' airborne time on US-touching international segments
CUN,SAN,US,3,7.870166666666621,14.774499999999978,2,full 1990-2025 sample for this route (not by-year),US carriers' airborne time on US-touching international segments
CUN,SAT,US,59,-11.505833333333335,22.578787878787885,2,full 1990-2025 sample for this route (not by-year),US carriers' airborne time on US-touching international segments
CUN,SEA,US,71,-12.503910718969848,12.954641909814328,2,full 1990-2025 sample for this route (not by-year),US carriers' airborne time on US-touching international segments
CUN,SFO,US,206,-13.766895292207767,25.967352941176458,6,full 1990-2025 sample for this route (not by-year),US carriers' airborne time on US-touching international segments
CUN,SJU,US,2,-2.8454999999999977,-0.8968076923076927,2,full 1990-2025 sample for this route (not by-year),US carriers' airborne time on US-touching international segments
CUN,SLC,US,186,-15.797329545454556,14.501163690476197,4,full 1990-2025 sample for this route (not by-year),US carriers' airborne time on US-touching international segments
CUN,STL,US,243,-11.944922222222214,14.5505385694249,6,full 1990-2025 sample for this route (not by-year),US carriers' airborne time on US-touching international segments
CUN,TPA,US,149,-10.512291316526614,6.852000000000023,4,full 1990-2025 sample for this route (not by-year),US carriers' airborne time on US-touching international segments
CUR,ATL,US,4,-8.471922811059914,7.384999999999998,2,full 1990-2025 sample for this route (not by-year),US carriers' airborne time on US-touching international segments
CUR,CLT,US,46,-11.236249999999995,14.882758620689653,2,full 1990-2025 sample for this route (not by-year),US carriers' airborne time on US-touching international segments
CUR,EWR,US,44,-16.296000000000006,20.520000000000003,2,full 1990-2025 sample for this route (not by-year),US carriers' airborne time on US-touching international segments
CUR,JFK,US,77,-12.679792429792442,12.196999999999973,2,full 1990-2025 sample for this route (not by-year),US carriers' airborne time on US-touching international segments
CUR,MIA,US,333,-5.538829248214893,7.813641025641031,8,full 1990-2025 sample for this route (not by-year),US carriers' airborne time on US-touching international segments
CUR,SJU,US,49,-7.609362007168456,7.412601419878302,2,full 1990-2025 sample for this route (not by-year),US carriers' airborne time on US-touching international segments
CUU,DFW,US,204,-4.635816992360615,4.15276867228937,6,full 1990-2025 sample for this route (not by-year),US carriers' airborne time on US-touching international segments
CUU,IAH,US,226,-22.201849733028226,18.17785083072903,6,full 1990-2025 sample for this route (not by-year),US carriers' airborne time on US-touching international segments
CVG,AMS,US,18,-6.054296536796538,20.208551373954624,2,full 1990-2025 sample for this route (not by-year),US carriers' airborne time on US-touching international segments
CVG,CDG,US,267,-25.768056426332286,30.604937996951197,6,full 1990-2025 sample for this route (not by-year),US carriers' airborne time on US-touching international segments
CVG,CUN,US,177,-12.179480519480512,14.057526315789477,4,full 1990-2025 sample for this route (not by-year),US carriers' airborne time on US-touching international segments
CVG,FCO,US,20,-8.609638487207933,15.751036866359364,2,full 1990-2025 sample for this route (not by-year),US carriers' airborne time on US-touching international segments
CVG,FRA,US,212,-27.0198271889401,26.826458333333363,6,full 1990-2025 sample for this route (not by-year),US carriers' airborne time on US-touching international segments
CVG,GCM,US,36,-257.94,837.99,2,full 1990-2025 sample for this route (not by-year),US carriers' airborne time on US-touching international segments
CVG,LGW,US,212,-25.820020599019493,30.138477822580615,6,full 1990-2025 sample for this route (not by-year),US carriers' airborne time on US-touching international segments
CVG,NAS,US,74,-8.44583333333334,17.271315866296845,2,full 1990-2025 sample for this route (not by-year),US carriers' airborne time on US-touching international segments
CVG,ORY,US,57,-39.72058467023173,15.662058823529414,2,full 1990-2025 sample for this route (not by-year),US carriers' airborne time on US-touching international segments
CVG,PUJ,US,41,-10.905000000000001,15.66,2,full 1990-2025 sample for this route (not by-year),US carriers' airborne time on US-touching international segments
CVG,YUL,US,154,-6.251432684436457,8.6645798875454,4,full 1990-2025 sample for this route (not by-year),US carriers' airborne time on US-touching international segments
CVG,YYZ,US,223,-5.007221994830627,4.876127041742291,6,full 1990-2025 sample for this route (not by-year),US carriers' airborne time on US-touching international segments
CVG,ZRH,US,63,-20.004111092778942,34.446750000000065,2,full 1990-2025 sample for this route (not by-year),US carriers' airborne time on US-touching international segments
CXI,HNL,US,3,0.3875,1.0245000000000055,2,full 1990-2025 sample for this route (not by-year),US carriers' airborne time on US-touching international segments
CXY,FLL,US,19,-3.4521978021978033,3.2211688311688316,2,full 1990-2025 sample for this route (not by-year),US carriers' airborne time on US-touching international segments
CZM,ATL,US,157,-15.282508960573479,19.29087301587301,4,full 1990-2025 sample for this route (not by-year),US carriers' airborne time on US-touching international segments
CZM,AUS,US,2,-18.283019480519478,-7.518928571428569,2,full 1990-2025 sample for this route (not by-year),US carriers' airborne time on US-touching international segments
CZM,CLT,US,198,-10.336388888888877,10.703363678804843,4,full 1990-2025 sample for this route (not by-year),US carriers' airborne time on US-touching international segments
CZM,DEN,US,78,-15.286750000000005,30.641666666666698,2,full 1990-2025 sample for this route (not by-year),US carriers' airborne time on US-touching international segments
CZM,DFW,US,219,-7.4921917502787245,10.537318401937027,6,full 1990-2025 sample for this route (not by-year),US carriers' airborne time on US-touching international segments
CZM,DTW,US,42,-14.721035714285712,13.99366666666667,2,full 1990-2025 sample for this route (not by-year),US carriers' airborne time on US-touching international segments
CZM,EWR,US,49,-16.792,18.495882352941173,2,full 1990-2025 sample for this route (not by-year),US carriers' airborne time on US-touching international segments
CZM,HOU,US,8,-2.767668831168847,5.5620970522803095,2,full 1990-2025 sample for this route (not by-year),US carriers' airborne time on US-touching international segments
CZM,IAH,US,384,-8.148555555555554,10.331988144094874,8,full 1990-2025 sample for this route (not by-year),US carriers' airborne time on US-touching international segments
CZM,MEM,US,3,-10.648,7.449333333333335,2,full 1990-2025 sample for this route (not by-year),US carriers' airborne time on US-touching international segments
CZM,MIA,US,82,-2.9324529220779123,3.020682561944834,2,full 1990-2025 sample for this route (not by-year),US carriers' airborne time on US-touching international segments
CZM,MKE,US,2,-11.43375,-4.94125,2,full 1990-2025 sample for this route (not by-year),US carriers' airborne time on US-touching international segments
CZM,MSP,US,112,-13.283154761904749,13.90563157894737,4,full 1990-2025 sample for this route (not by-year),US carriers' airborne time on US-touching international segments
CZM,ORD,US,71,-13.072500000000002,14.714166666666676,2,full 1990-2025 sample for this route (not by-year),US carriers' airborne time on US-touching international segments
DAB,MHH,US,42,-20.63116644568705,9.783959111639,2,full 1990-2025 sample for this route (not by-year),US carriers' airborne time on US-touching international segments
DAB,TCB,US,41,-7.725,12.799168831168831,2,full 1990-2025 sample for this route (not by-year),US carriers' airborne time on US-touching international segments
DBV,EWR,US,8,-11.237584464555038,11.24156944444445,2,full 1990-2025 sample for this route (not by-year),US carriers' airborne time on US-touching international segments
DCA,BDA,US,70,-4.3567619047619015,6.854999999999995,2,full 1990-2025 sample for this route (not by-year),US carriers' airborne time on US-touching international segments
DCA,NAS,US,183,-18.47067617866005,20.659210875331596,4,full 1990-2025 sample for this route (not by-year),US carriers' airborne time on US-touching international segments
DCA,YHZ,US,10,-7.990833333333337,7.275,2,full 1990-2025 sample for this route (not by-year),US carriers' airborne time on US-touching international segments
DCA,YUL,US,1,1.3775250836120563,1.3775250836120563,0,full 1990-2025 sample for this route (not by-year),US carriers' airborne time on US-touching international segments
DCA,YYZ,US,131,-21.282344440776704,4.290620408202869,4,full 1990-2025 sample for this route (not by-year),US carriers' airborne time on US-touching international segments
DEL,EWR,US,183,-22.014838709677374,62.386663651780864,4,full 1990-2025 sample for this route (not by-year),US carriers' airborne time on US-touching international segments
DEL,JFK,US,24,-26.04921428571426,17.423420745878328,2,full 1990-2025 sample for this route (not by-year),US carriers' airborne time on US-touching international segments
DEL,ORD,US,52,-27.934925472747505,-1.631655172413765,2,full 1990-2025 sample for this route (not by-year),US carriers' airborne time on US-touching international segments
DEN,BZE,US,35,-9.096785714285712,11.096176470588219,2,full 1990-2025 sample for this route (not by-year),US carriers' airborne time on US-touching international segments
DEN,CUN,US,230,-34.74012987012986,7.404231819645725,6,full 1990-2025 sample for this route (not by-year),US carriers' airborne time on US-touching international segments
DEN,CZM,US,80,-9.223333333333342,19.19999999999999,1,full 1990-2025 sample for this route (not by-year),US carriers' airborne time on US-touching international segments
DEN,FRA,US,26,-8.483333333333292,8.153480140549107,2,full 1990-2025 sample for this route (not by-year),US carriers' airborne time on US-touching international segments
DEN,LGW,US,39,-17.960128205128186,19.043287912087866,2,full 1990-2025 sample for this route (not by-year),US carriers' airborne time on US-touching international segments
DEN,LHR,US,27,-11.997378197997712,12.278449881538183,2,full 1990-2025 sample for this route (not by-year),US carriers' airborne time on US-touching international segments
DEN,LIR,US,72,-14.708392857142853,15.16449999999998,2,full 1990-2025 sample for this route (not by-year),US carriers' airborne time on US-touching international segments
DEN,MBJ,US,4,-2.9912499999999804,7.088166666666657,2,full 1990-2025 sample for this route (not by-year),US carriers' airborne time on US-touching international segments
DEN,MEX,US,76,-11.112499999999997,6.425000000000004,2,full 1990-2025 sample for this route (not by-year),US carriers' airborne time on US-touching international segments
DEN,MUC,US,21,-5.811379310344909,11.10273307790551,2,full 1990-2025 sample for this route (not by-year),US carriers' airborne time on US-touching international segments
DEN,MZT,US,61,-10.628571428571433,7.743589743589732,2,full 1990-2025 sample for this route (not by-year),US carriers' airborne time on US-touching international segments
DEN,NAS,US,16,-9.426250000000001,27.007499999999983,2,full 1990-2025 sample for this route (not by-year),US carriers' airborne time on US-touching international segments
DEN,NRT,US,68,-11.953160692950997,15.042109839857321,2,full 1990-2025 sample for this route (not by-year),US carriers' airborne time on US-touching international segments
DEN,PUJ,US,1,-2.0249999999999773,-2.0249999999999773,0,full 1990-2025 sample for this route (not by-year),US carriers' airborne time on US-touching international segments
DEN,PVR,US,217,-7.007667939903246,7.602370085530518,6,full 1990-2025 sample for this route (not by-year),US carriers' airborne time on US-touching international segments
DEN,RTB,US,9,-5.341000000000011,11.23,2,full 1990-2025 sample for this route (not by-year),US carriers' airborne time on US-touching international segments
DEN,SJD,US,218,-10.047945535551916,9.874410509031195,6,full 1990-2025 sample for this route (not by-year),US carriers' airborne time on US-touching international segments
DEN,SJO,US,70,-54.059799253034555,58.6749979053206,2,full 1990-2025 sample for this route (not by-year),US carriers' airborne time on US-touching international segments
DEN,YEG,US,210,-10.383785815289446,15.55883635292384,6,full 1990-2025 sample for this route (not by-year),US carriers' airborne time on US-touching international segments
DEN,YQR,US,44,-8.878826001509903,6.0892612982333185,2,full 1990-2025 sample for this route (not by-year),US carriers' airborne time on US-touching international segments
DEN,YVR,US,302,-10.768460082352718,11.565101564394878,8,full 1990-2025 sample for this route (not by-year),US carriers' airborne time on US-touching international segments
DEN,YWG,US,186,-4.998012044177265,6.215468124611674,4,full 1990-2025 sample for this route (not by-year),US carriers' airborne time on US-touching international segments
DEN,YXE,US,54,-31.2418073493241,6.608092165898617,2,full 1990-2025 sample for this route (not by-year),US carriers' airborne time on US-touching international segments
DEN,YYC,US,384,-7.850162261191047,9.323785891527821,8,full 1990-2025 sample for this route (not by-year),US carriers' airborne time on US-touching international segments
DEN,YYZ,US,168,-8.213472652293701,10.078819324911137,4,full 1990-2025 sample for this route (not by-year),US carriers' airborne time on US-touching international segments
DEN,ZIH,US,20,-6.851000000000003,14.85901960784312,2,full 1990-2025 sample for this route (not by-year),US carriers' airborne time on US-touching international segments
DFW,ACA,US,163,-6.933540157046429,7.732202797202783,4,full 1990-2025 sample for this route (not by-year),US carriers' airborne time on US-touching international segments
DFW,AGU,US,251,-15.29032258064516,6.306989247311826,6,full 1990-2025 sample for this route (not by-year),US carriers' airborne time on US-touching international segments
DFW,AKL,US,7,-31.60977249175244,0.7246515752200081,2,full 1990-2025 sample for this route (not by-year),US carriers' airborne time on US-touching international segments
DFW,AMS,US,25,-17.477450076804963,6.507954022988506,2,full 1990-2025 sample for this route (not by-year),US carriers' airborne time on US-touching international segments
DFW,AUA,US,12,-8.471499999999992,8.211500000000019,2,full 1990-2025 sample for this route (not by-year),US carriers' airborne time on US-touching international segments
DFW,BJX,US,329,-8.037664082687346,7.257563849164821,8,full 1990-2025 sample for this route (not by-year),US carriers' airborne time on US-touching international segments
DFW,BOG,US,95,-17.07240266963293,12.55776444726943,2,full 1990-2025 sample for this route (not by-year),US carriers' airborne time on US-touching international segments
DFW,BZE,US,260,-7.891920634920626,10.091065503432494,6,full 1990-2025 sample for this route (not by-year),US carriers' airborne time on US-touching international segments
DFW,CCS,US,169,-12.468064516129013,13.784714285714278,4,full 1990-2025 sample for this route (not by-year),US carriers' airborne time on US-touching international segments
DFW,CDG,US,267,-28.211010752688143,35.16685550082094,6,full 1990-2025 sample for this route (not by-year),US carriers' airborne time on US-touching international segments
DFW,CUN,US,388,-5.673559857069538,9.612125688852545,8,full 1990-2025 sample for this route (not by-year),US carriers' airborne time on US-touching international segments
DFW,CUU,US,204,-8.299396213657875,5.262854581858817,6,full 1990-2025 sample for this route (not by-year),US carriers' airborne time on US-touching international segments
DFW,CZM,US,218,-5.344070969278402,6.497688925378546,6,full 1990-2025 sample for this route (not by-year),US carriers' airborne time on US-touching international segments
DFW,DGO,US,26,-6.169990725790949,7.773041474654377,2,full 1990-2025 sample for this route (not by-year),US carriers' airborne time on US-touching international segments
DFW,DUB,US,13,-4.75866666666667,16.563623963133608,2,full 1990-2025 sample for this route (not by-year),US carriers' airborne time on US-touching international segments
DFW,EZE,US,201,-21.393333333333317,27.435483870967687,4,full 1990-2025 sample for this route (not by-year),US carriers' airborne time on US-touching international segments
DFW,FCO,US,29,-16.734518353726354,22.056112169312218,2,full 1990-2025 sample for this route (not by-year),US carriers' airborne time on US-touching international segments
DFW,FRA,US,388,-36.67546236559139,29.228344262295114,8,full 1990-2025 sample for this route (not by-year),US carriers' airborne time on US-touching international segments
DFW,GCM,US,49,-11.222222222222221,7.441294117647051,2,full 1990-2025 sample for this route (not by-year),US carriers' airborne time on US-touching international segments
DFW,GDL,US,388,-6.389302516692355,7.93035080645161,8,full 1990-2025 sample for this route (not by-year),US carriers' airborne time on US-touching international segments
DFW,GIG,US,27,-16.27824786324792,13.933333333333268,2,full 1990-2025 sample for this route (not by-year),US carriers' airborne time on US-touching international segments
DFW,GRU,US,319,-22.033321830457602,16.24824926686213,8,full 1990-2025 sample for this route (not by-year),US carriers' airborne time on US-touching international segments
DFW,GUA,US,285,-7.051809523809525,8.37361059907834,6,full 1990-2025 sample for this route (not by-year),US carriers' airborne time on US-touching international segments
DFW,HKG,US,48,-11.849524220032837,31.38148029556647,2,full 1990-2025 sample for this route (not by-year),US carriers' airborne time on US-touching international segments
DFW,HND,US,10,-11.704596774193531,15.05016129032257,2,full 1990-2025 sample for this route (not by-year),US carriers' airborne time on US-touching international segments
DFW,HUX,US,17,-8.63111111111113,10.552619047619043,2,full 1990-2025 sample for this route (not by-year),US carriers' airborne time on US-touching international segments
DFW,ICN,US,106,-18.830505765199085,33.45336021505384,4,full 1990-2025 sample for this route (not by-year),US carriers' airborne time on US-touching international segments
DFW,KIX,US,14,-30.079938820912073,8.831579342817001,2,full 1990-2025 sample for this route (not by-year),US carriers' airborne time on US-touching international segments
DFW,LGW,US,196,-25.45031529742041,30.91179442072533,4,full 1990-2025 sample for this route (not by-year),US carriers' airborne time on US-touching international segments
DFW,LHR,US,170,-23.786145107594,18.92169009911655,4,full 1990-2025 sample for this route (not by-year),US carriers' airborne time on US-touching international segments
DFW,LIM,US,161,-18.933333333333348,6.382795698924715,4,full 1990-2025 sample for this route (not by-year),US carriers' airborne time on US-touching international segments
DFW,LIR,US,172,-11.4225,13.037030075187948,4,full 1990-2025 sample for this route (not by-year),US carriers' airborne time on US-touching international segments
DFW,LTO,US,10,-12.16125,7.312083333333343,2,full 1990-2025 sample for this route (not by-year),US carriers' airborne time on US-touching international segments
DFW,MAD,US,173,-30.4533968400415,23.730451612903252,4,full 1990-2025 sample for this route (not by-year),US carriers' airborne time on US-touching international segments
DFW,MBJ,US,189,-8.464315256901452,7.144363636363633,4,full 1990-2025 sample for this route (not by-year),US carriers' airborne time on US-touching international segments
DFW,MEX,US,388,-5.39798175964687,7.023350851900746,8,full 1990-2025 sample for this route (not by-year),US carriers' airborne time on US-touching international segments
DFW,MGA,US,11,-11.803333333333331,8.323836032388664,2,full 1990-2025 sample for this route (not by-year),US carriers' airborne time on US-touching international segments
DFW,MID,US,21,-27.938849943160285,34.49147696623153,2,full 1990-2025 sample for this route (not by-year),US carriers' airborne time on US-touching international segments
DFW,MLM,US,131,-14.551417399804489,7.6923904052936365,4,full 1990-2025 sample for this route (not by-year),US carriers' airborne time on US-touching international segments
DFW,MTY,US,388,-4.374995454274937,4.650395235427852,8,full 1990-2025 sample for this route (not by-year),US carriers' airborne time on US-touching international segments
DFW,MZT,US,113,-13.008387096774193,6.564430107526883,4,full 1990-2025 sample for this route (not by-year),US carriers' airborne time on US-touching international segments
DFW,NAS,US,156,-7.953571428571438,11.472812971342336,4,full 1990-2025 sample for this route (not by-year),US carriers' airborne time on US-touching international segments
DFW,NRT,US,388,-22.962201800450114,25.94203519061592,8,full 1990-2025 sample for this route (not by-year),US carriers' airborne time on US-touching international segments
DFW,OAX,US,32,-7.168212728857884,3.916710445468504,2,full 1990-2025 sample for this route (not by-year),US carriers' airborne time on US-touching international segments
DFW,ORY,US,93,-32.78452227342559,31.794817204301054,2,full 1990-2025 sample for this route (not by-year),US carriers' airborne time on US-touching international segments
DFW,PBC,US,52,-6.4922365591397835,5.415865591397857,2,full 1990-2025 sample for this route (not by-year),US carriers' airborne time on US-touching international segments
DFW,PEK,US,33,-7.976436781609127,14.095317018909846,2,full 1990-2025 sample for this route (not by-year),US carriers' airborne time on US-touching international segments
DFW,PLS,US,90,-15.142250000000004,18.607499999999998,2,full 1990-2025 sample for this route (not by-year),US carriers' airborne time on US-touching international segments
DFW,PTY,US,66,-9.670465686274508,17.18333333333334,2,full 1990-2025 sample for this route (not by-year),US carriers' airborne time on US-touching international segments
DFW,PUJ,US,63,-15.294500000000003,14.218999999999992,2,full 1990-2025 sample for this route (not by-year),US carriers' airborne time on US-touching international segments
DFW,PVG,US,54,-27.915336917562783,14.280666034155576,2,full 1990-2025 sample for this route (not by-year),US carriers' airborne time on US-touching international segments
DFW,PVR,US,388,-7.746522607423522,5.6695109872922735,8,full 1990-2025 sample for this route (not by-year),US carriers' airborne time on US-touching international segments
DFW,QRO,US,135,-9.480511520737332,6.410714285714278,3,full 1990-2025 sample for this route (not by-year),US carriers' airborne time on US-touching international segments
DFW,RTB,US,69,-10.479999999999986,13.786825396825396,2,full 1990-2025 sample for this route (not by-year),US carriers' airborne time on US-touching international segments
DFW,SAL,US,103,-5.566724999999994,12.060860042735047,4,full 1990-2025 sample for this route (not by-year),US carriers' airborne time on US-touching international segments
DFW,SCL,US,282,-24.493397849462376,18.55825944170768,6,full 1990-2025 sample for this route (not by-year),US carriers' airborne time on US-touching international segments
DFW,SJD,US,306,-7.377149758454095,7.530312911489362,8,full 1990-2025 sample for this route (not by-year),US carriers' airborne time on US-touching international segments
DFW,SJO,US,319,-7.350876436781596,7.82941045606228,8,full 1990-2025 sample for this route (not by-year),US carriers' airborne time on US-touching international segments
DFW,SLP,US,208,-8.780609394760608,6.8825055302537494,6,full 1990-2025 sample for this route (not by-year),US carriers' airborne time on US-touching international segments
DFW,TRC,US,212,-7.504599453938712,6.118059227921729,6,full 1990-2025 sample for this route (not by-year),US carriers' airborne time on US-touching international segments
DFW,UIO,US,13,-8.779339682539714,3.922790431665924,2,full 1990-2025 sample for this route (not by-year),US carriers' airborne time on US-touching international segments
DFW,VER,US,12,-6.78220422789455,1.6755541438539088,2,full 1990-2025 sample for this route (not by-year),US carriers' airborne time on US-touching international segments
DFW,XPL,US,21,-11.0,7.750000000000001,2,full 1990-2025 sample for this route (not by-year),US carriers' airborne time on US-touching international segments
DFW,YUL,US,239,-10.386042884990255,10.421461412151057,6,full 1990-2025 sample for this route (not by-year),US carriers' airborne time on US-touching international segments
DFW,YVR,US,320,-10.686347648782975,13.102724025974023,8,full 1990-2025 sample for this route (not by-year),US carriers' airborne time on US-touching international segments
DFW,YYC,US,388,-9.605349917987963,11.004354838709677,8,full 1990-2025 sample for this route (not by-year),US carriers' airborne time on US-touching international segments
DFW,YYZ,US,385,-7.377598355293911,7.589684041700045,8,full 1990-2025 sample for this route (not by-year),US carriers' airborne time on US-touching international segments
DFW,ZCL,US,97,-9.494974358974353,11.301999999999987,2,full 1990-2025 sample for this route (not by-year),US carriers' airborne time on US-touching international segments
DFW,ZIH,US,79,-12.595000000000004,9.463431276297326,2,full 1990-2025 sample for this route (not by-year),US carriers' airborne time on US-touching international segments
DFW,ZLO,US,8,-7.36625,9.117083333333335,2,full 1990-2025 sample for this route (not by-year),US carriers' airborne time on US-touching international segments
DFW,ZRH,US,65,-16.238941798941802,24.218064516129036,2,full 1990-2025 sample for this route (not by-year),US carriers' airborne time on US-touching international segments
DGO,DFW,US,26,-8.232510239375951,3.8465773659043947,2,full 1990-2025 sample for this route (not by-year),US carriers' airborne time on US-touching international segments
DGO,IAH,US,115,-8.867834110334108,8.624920634920633,4,full 1990-2025 sample for this route (not by-year),US carriers' airborne time on US-touching international segments
DGO,LAX,US,22,-30.978750000000012,8.488749999999996,2,full 1990-2025 sample for this route (not by-year),US carriers' airborne time on US-touching international segments
DKR,ATL,US,9,-15.014639296187733,9.987101908102936,2,full 1990-2025 sample for this route (not by-year),US carriers' airborne time on US-touching international segments
DKR,JFK,US,90,-15.841944444444437,12.268119658119636,2,full 1990-2025 sample for this route (not by-year),US carriers' airborne time on US-touching international segments
DME,IAD,US,17,-15.870000000000045,21.11835294117649,2,full 1990-2025 sample for this route (not by-year),US carriers' airborne time on US-touching international segments
DOH,PHL,US,2,5.986327956989291,9.283026881720483,2,full 1990-2025 sample for this route (not by-year),US carriers' airborne time on US-touching international segments
DOM,MIA,US,24,-5.677732905982899,7.034561651583706,2,full 1990-2025 sample for this route (not by-year),US carriers' airborne time on US-touching international segments
DOM,SJU,US,301,-16.925925925925924,8.412186379928315,6,full 1990-2025 sample for this route (not by-year),US carriers' airborne time on US-touching international segments
DPS,GUM,US,201,-10.722222222222229,15.686274509803923,4,full 1990-2025 sample for this route (not by-year),US carriers' airborne time on US-touching international segments
DSS,JFK,US,50,-24.283541666666675,16.34029914529917,2,full 1990-2025 sample for this route (not by-year),US carriers' airborne time on US-touching international segments
DTW,AMS,US,319,-19.639951750710644,25.018818290809655,8,full 1990-2025 sample for this route (not by-year),US carriers' airborne time on US-touching international segments
DTW,CDG,US,316,-22.77380856997972,23.243700265252,8,full 1990-2025 sample for this route (not by-year),US carriers' airborne time on US-touching international segments
DTW,CUN,US,218,-7.835273482331602,10.924395267567666,6,full 1990-2025 sample for this route (not by-year),US carriers' airborne time on US-touching international segments
DTW,CZM,US,41,-16.266666666666662,17.880000000000006,2,full 1990-2025 sample for this route (not by-year),US carriers' airborne time on US-touching international segments
DTW,FCO,US,59,-14.357064929693944,18.97278122605368,2,full 1990-2025 sample for this route (not by-year),US carriers' airborne time on US-touching international segments
DTW,FRA,US,360,-22.57579523809522,27.77541145490457,8,full 1990-2025 sample for this route (not by-year),US carriers' airborne time on US-touching international segments
DTW,GCM,US,91,-13.799210526315804,13.278749999999997,2,full 1990-2025 sample for this route (not by-year),US carriers' airborne time on US-touching international segments
DTW,GRU,US,78,-17.17691025641022,12.900335733232271,2,full 1990-2025 sample for this route (not by-year),US carriers' airborne time on US-touching international segments
DTW,HKG,US,3,-12.20952380952371,4.91608225108223,2,full 1990-2025 sample for this route (not by-year),US carriers' airborne time on US-touching international segments
DTW,HND,US,24,-19.4039996807152,21.815216845878194,2,full 1990-2025 sample for this route (not by-year),US carriers' airborne time on US-touching international segments
DTW,ICN,US,143,-32.017054958183984,49.517216524216806,4,full 1990-2025 sample for this route (not by-year),US carriers' airborne time on US-touching international segments
DTW,KEF,US,6,-2.4406759559884734,16.882526737967883,2,full 1990-2025 sample for this route (not by-year),US carriers' airborne time on US-touching international segments
DTW,KIX,US,150,-19.455589490968887,21.25937058371734,4,full 1990-2025 sample for this route (not by-year),US carriers' airborne time on US-touching international segments
DTW,LGW,US,189,-25.815579638752094,24.631143093465678,4,full 1990-2025 sample for this route (not by-year),US carriers' airborne time on US-touching international segments
DTW,LHR,US,152,-20.63026557285874,18.80237519201233,4,full 1990-2025 sample for this route (not by-year),US carriers' airborne time on US-touching international segments
DTW,MBJ,US,137,-10.025434173669472,11.41357142857139,4,full 1990-2025 sample for this route (not by-year),US carriers' airborne time on US-touching international segments
DTW,MEX,US,327,-10.471756613756604,12.74596774193548,8,full 1990-2025 sample for this route (not by-year),US carriers' airborne time on US-touching international segments
DTW,MTY,US,116,-19.59796153234974,14.802278325123128,4,full 1990-2025 sample for this route (not by-year),US carriers' airborne time on US-touching international segments
DTW,MUC,US,25,-14.796359702501675,4.988326288468657,2,full 1990-2025 sample for this route (not by-year),US carriers' airborne time on US-touching international segments
DTW,NAS,US,60,-8.443166282642096,10.009333333333332,2,full 1990-2025 sample for this route (not by-year),US carriers' airborne time on US-touching international segments
DTW,NGO,US,250,-27.52274999999999,49.820000000000014,6,full 1990-2025 sample for this route (not by-year),US carriers' airborne time on US-touching international segments
DTW,NRT,US,339,-20.651008878127474,25.238126984127025,8,full 1990-2025 sample for this route (not by-year),US carriers' airborne time on US-touching international segments
DTW,PEK,US,127,-32.90364433416041,24.989629629629626,4,full 1990-2025 sample for this route (not by-year),US carriers' airborne time on US-touching international segments
DTW,PUJ,US,114,-17.439999999999987,12.928,4,full 1990-2025 sample for this route (not by-year),US carriers' airborne time on US-touching international segments
DTW,PVG,US,114,-28.158052785923765,25.647571746384948,4,full 1990-2025 sample for this route (not by-year),US carriers' airborne time on US-touching international segments
DTW,PVR,US,112,-17.174339285714268,16.677,4,full 1990-2025 sample for this route (not by-year),US carriers' airborne time on US-touching international segments
DTW,SEL,US,72,-25.721666666666685,16.41688793103453,2,full 1990-2025 sample for this route (not by-year),US carriers' airborne time on US-touching international segments
DTW,SJD,US,66,-16.677499999999988,15.290416666666637,2,full 1990-2025 sample for this route (not by-year),US carriers' airborne time on US-touching international segments
DTW,SXM,US,6,-15.16625000000001,12.312500000000002,2,full 1990-2025 sample for this route (not by-year),US carriers' airborne time on US-touching international segments
DTW,YHZ,US,49,-8.381353767560658,4.456023868104641,2,full 1990-2025 sample for this route (not by-year),US carriers' airborne time on US-touching international segments
DTW,YKF,US,36,-5.1096908341100455,0.9531888141295178,2,full 1990-2025 sample for this route (not by-year),US carriers' airborne time on US-touching international segments
DTW,YOW,US,269,-31.817844586076475,36.084645393511195,6,full 1990-2025 sample for this route (not by-year),US carriers' airborne time on US-touching international segments
DTW,YQB,US,85,-4.9242030651340984,6.267235311454369,2,full 1990-2025 sample for this route (not by-year),US carriers' airborne time on US-touching international segments
DTW,YUL,US,388,-3.857842993420838,4.34598991536072,8,full 1990-2025 sample for this route (not by-year),US carriers' airborne time on US-touching international segments
DTW,YVR,US,72,-13.545360071301271,12.242035613557972,2,full 1990-2025 sample for this route (not by-year),US carriers' airborne time on US-touching international segments
DTW,YWG,US,5,-2.3399999999999888,4.223999999999999,2,full 1990-2025 sample for this route (not by-year),US carriers' airborne time on US-touching international segments
DTW,YXU,US,138,-5.538382961978118,7.832698059836032,4,full 1990-2025 sample for this route (not by-year),US carriers' airborne time on US-touching international segments
DTW,YYC,US,4,-0.2976612903225782,4.159677419354834,2,full 1990-2025 sample for this route (not by-year),US carriers' airborne time on US-touching international segments
DTW,YYG,US,9,-6.0632473118279675,3.8778883768561148,2,full 1990-2025 sample for this route (not by-year),US carriers' airborne time on US-touching international segments
DTW,YYZ,US,388,-2.890829161735044,4.36063379375879,8,full 1990-2025 sample for this route (not by-year),US carriers' airborne time on US-touching international segments
DTW,ZIH,US,15,-14.812000000000001,18.724999999999998,2,full 1990-2025 sample for this route (not by-year),US carriers' airborne time on US-touching international segments
DUB,ATL,US,278,-26.748919811652282,26.962297323823915,6,full 1990-2025 sample for this route (not by-year),US carriers' airborne time on US-touching international segments
DUB,BOS,US,27,-15.440698924731183,18.337913936351878,2,full 1990-2025 sample for this route (not by-year),US carriers' airborne time on US-touching international segments
DUB,CLT,US,52,-17.996636781609222,16.798434289127883,2,full 1990-2025 sample for this route (not by-year),US carriers' airborne time on US-touching international segments
DUB,DFW,US,13,-0.3892757765037868,19.692920430107556,2,full 1990-2025 sample for this route (not by-year),US carriers' airborne time on US-touching international segments
DUB,EWR,US,250,-35.45810233592881,25.90922317566252,6,full 1990-2025 sample for this route (not by-year),US carriers' airborne time on US-touching international segments
DUB,IAD,US,84,-19.19945054945056,25.771201923076987,2,full 1990-2025 sample for this route (not by-year),US carriers' airborne time on US-touching international segments
DUB,JFK,US,177,-27.44040459770114,23.49127655892946,4,full 1990-2025 sample for this route (not by-year),US carriers' airborne time on US-touching international segments
DUB,ORD,US,110,-24.302170511227203,18.430088667614967,4,full 1990-2025 sample for this route (not by-year),US carriers' airborne time on US-touching international segments
DUB,PHL,US,193,-33.6599047619048,26.643587874194758,4,full 1990-2025 sample for this route (not by-year),US carriers' airborne time on US-touching international segments
DUS,ATL,US,144,-28.732756500537562,18.497988581466835,4,full 1990-2025 sample for this route (not by-year),US carriers' airborne time on US-touching international segments
DUS,EWR,US,33,-14.84846390168973,33.78752688172042,2,full 1990-2025 sample for this route (not by-year),US carriers' airborne time on US-touching international segments
DUS,ORD,US,94,-23.65516666666667,17.53417241379309,2,full 1990-2025 sample for this route (not by-year),US carriers' airborne time on US-touching international segments
DXB,ATL,US,81,-25.453673400673416,87.97333333333336,2,full 1990-2025 sample for this route (not by-year),US carriers' airborne time on US-touching international segments
DXB,EWR,US,10,-12.75049851687064,15.25811524500909,2,full 1990-2025 sample for this route (not by-year),US carriers' airborne time on US-touching international segments
DXB,IAD,US,64,-23.72194475342975,64.37756395995552,2,full 1990-2025 sample for this route (not by-year),US carriers' airborne time on US-touching international segments
EDI,ATL,US,5,-5.144156402737053,8.621137320044266,2,full 1990-2025 sample for this route (not by-year),US carriers' airborne time on US-touching international segments
EDI,BOS,US,11,-3.39464809384163,17.565622119815643,2,full 1990-2025 sample for this route (not by-year),US carriers' airborne time on US-touching international segments
EDI,EWR,US,188,-22.226795161290305,22.86454945553541,4,full 1990-2025 sample for this route (not by-year),US carriers' airborne time on US-touching international segments
EDI,IAD,US,12,-2.870831265508704,17.72606527093596,2,full 1990-2025 sample for this route (not by-year),US carriers' airborne time on US-touching international segments
EDI,JFK,US,44,-14.077663762364843,23.672393939393952,2,full 1990-2025 sample for this route (not by-year),US carriers' airborne time on US-touching international segments
EDI,ORD,US,30,-17.795425925925933,22.046838393421908,2,full 1990-2025 sample for this route (not by-year),US carriers' airborne time on US-touching international segments
EIS,MIA,US,5,-7.8161465610839205,2.2713449240863928,2,full 1990-2025 sample for this route (not by-year),US carriers' airborne time on US-touching international segments
EIS,SJU,US,377,-5.60430975656919,5.19541470361723,8,full 1990-2025 sample for this route (not by-year),US carriers' airborne time on US-touching international segments
EIS,STT,US,33,-5.234328228521778,0.01650000000000016,2,full 1990-2025 sample for this route (not by-year),US carriers' airborne time on US-touching international segments
ELH,ATL,US,59,-6.58369047619048,7.797433333333338,2,full 1990-2025 sample for this route (not by-year),US carriers' airborne time on US-touching international segments
ELH,CLT,US,23,-6.808447204968947,11.712500000000002,2,full 1990-2025 sample for this route (not by-year),US carriers' airborne time on US-touching international segments
ELH,FLL,US,220,-10.256683592269802,19.346751369446142,6,full 1990-2025 sample for this route (not by-year),US carriers' airborne time on US-touching international segments
ELH,MCO,US,15,-6.278872549019606,5.173388888888889,2,full 1990-2025 sample for this route (not by-year),US carriers' airborne time on US-touching international segments
ELH,MIA,US,203,-18.404572580645162,5.641652003910063,6,full 1990-2025 sample for this route (not by-year),US carriers' airborne time on US-touching international segments
ELP,MEX,US,5,-2.0619658119658197,2.8056383230296147,2,full 1990-2025 sample for this route (not by-year),US carriers' airborne time on US-touching international segments
ERI,YYZ,US,10,-4.4532868207473335,2.144491935483872,2,full 1990-2025 sample for this route (not by-year),US carriers' airborne time on US-touching international segments
EWR,ACA,US,24,-18.28324999999997,21.222083333333323,2,full 1990-2025 sample for this route (not by-year),US carriers' airborne time on US-touching international segments
EWR,AGP,US,4,-5.93720289855075,7.379693134822166,2,full 1990-2025 sample for this route (not by-year),US carriers' airborne time on US-touching international segments
EWR,AMS,US,299,-24.05700925925926,31.35288001736462,6,full 1990-2025 sample for this route (not by-year),US carriers' airborne time on US-touching international segments
EWR,ANU,US,207,-12.875384615384617,16.783999999999992,6,full 1990-2025 sample for this route (not by-year),US carriers' airborne time on US-touching international segments
EWR,ARN,US,122,-28.073316666666692,24.9722258064516,4,full 1990-2025 sample for this route (not by-year),US carriers' airborne time on US-touching international segments
EWR,ATH,US,43,-17.59674193548391,18.04319379844964,2,full 1990-2025 sample for this route (not by-year),US carriers' airborne time on US-touching international segments
EWR,AUA,US,254,-8.425412008281574,7.650572183098596,6,full 1990-2025 sample for this route (not by-year),US carriers' airborne time on US-touching international segments
EWR,BCN,US,177,-21.276510382656387,19.721400921658997,4,full 1990-2025 sample for this route (not by-year),US carriers' airborne time on US-touching international segments
EWR,BDA,US,319,-5.733806451612908,5.771671382246081,8,full 1990-2025 sample for this route (not by-year),US carriers' airborne time on US-touching international segments
EWR,BER,US,22,-10.833322580645143,7.7732043010752925,2,full 1990-2025 sample for this route (not by-year),US carriers' airborne time on US-touching international segments
EWR,BFS,US,116,-21.878571428571444,27.615976932267245,4,full 1990-2025 sample for this route (not by-year),US carriers' airborne time on US-touching international segments
EWR,BGI,US,20,-9.3225,9.360361111111118,2,full 1990-2025 sample for this route (not by-year),US carriers' airborne time on US-touching international segments
EWR,BHX,US,221,-21.368153740562796,24.06857825567505,6,full 1990-2025 sample for this route (not by-year),US carriers' airborne time on US-touching international segments
EWR,BOG,US,303,-10.066636015325667,12.145200000000038,8,full 1990-2025 sample for this route (not by-year),US carriers' airborne time on US-touching international segments
EWR,BOM,US,141,-30.34480533926587,27.226594051110215,4,full 1990-2025 sample for this route (not by-year),US carriers' airborne time on US-touching international segments
EWR,BON,US,125,-16.765999999999995,13.28800000000001,4,full 1990-2025 sample for this route (not by-year),US carriers' airborne time on US-touching international segments
EWR,BRS,US,43,-12.793459508233692,23.398478777589133,2,full 1990-2025 sample for this route (not by-year),US carriers' airborne time on US-touching international segments
EWR,BRU,US,272,-24.895494994438252,25.580225030612926,6,full 1990-2025 sample for this route (not by-year),US carriers' airborne time on US-touching international segments
EWR,BZE,US,88,-15.557249999999986,15.282250000000007,2,full 1990-2025 sample for this route (not by-year),US carriers' airborne time on US-touching international segments
EWR,CCS,US,83,-9.635541865689538,16.558803921568614,2,full 1990-2025 sample for this route (not by-year),US carriers' airborne time on US-touching international segments
EWR,CDG,US,299,-25.913757344632735,22.733448275862038,6,full 1990-2025 sample for this route (not by-year),US carriers' airborne time on US-touching international segments
EWR,CGN,US,4,1.3268064516128606,17.713621700879735,2,full 1990-2025 sample for this route (not by-year),US carriers' airborne time on US-touching international segments
EWR,CPH,US,52,-27.28475000000002,28.80214822134386,2,full 1990-2025 sample for this route (not by-year),US carriers' airborne time on US-touching international segments
EWR,CPT,US,24,-10.097115384615366,16.337083333333375,2,full 1990-2025 sample for this route (not by-year),US carriers' airborne time on US-touching international segments
EWR,CUN,US,380,-12.080222719522586,12.108593224484796,8,full 1990-2025 sample for this route (not by-year),US carriers' airborne time on US-touching international segments
EWR,CUR,US,41,-10.104999999999995,11.669999999999996,2,full 1990-2025 sample for this route (not by-year),US carriers' airborne time on US-touching international segments
EWR,CZM,US,50,-14.40875000000001,22.861250000000002,2,full 1990-2025 sample for this route (not by-year),US carriers' airborne time on US-touching international segments
EWR,DBV,US,9,-18.546223311546854,4.131347909190185,2,full 1990-2025 sample for this route (not by-year),US carriers' airborne time on US-touching international segments
EWR,DEL,US,187,-38.00865316548074,53.42105747126404,4,full 1990-2025 sample for this route (not by-year),US carriers' airborne time on US-touching international segments
EWR,DUB,US,286,-20.550679117147745,21.14561580081029,6,full 1990-2025 sample for this route (not by-year),US carriers' airborne time on US-touching international segments
EWR,DUS,US,33,-7.921710872162482,29.204178187403972,2,full 1990-2025 sample for this route (not by-year),US carriers' airborne time on US-touching international segments
EWR,DXB,US,10,0.3682580645161431,30.448554360812395,2,full 1990-2025 sample for this route (not by-year),US carriers' airborne time on US-touching international segments
EWR,EDI,US,188,-21.804554531490044,22.23119585253455,4,full 1990-2025 sample for this route (not by-year),US carriers' airborne time on US-touching international segments
EWR,EZE,US,1,3.4025806451612652,3.4025806451612652,0,full 1990-2025 sample for this route (not by-year),US carriers' airborne time on US-touching international segments
EWR,FCO,US,264,-22.680515767162955,24.976868421052636,6,full 1990-2025 sample for this route (not by-year),US carriers' airborne time on US-touching international segments
EWR,FPO,US,9,5.5011656466139165,22.466260337363796,2,full 1990-2025 sample for this route (not by-year),US carriers' airborne time on US-touching international segments
EWR,FRA,US,371,-25.41721561969439,25.826719576719572,8,full 1990-2025 sample for this route (not by-year),US carriers' airborne time on US-touching international segments
EWR,GCM,US,166,-13.330277777777772,14.805555555555552,4,full 1990-2025 sample for this route (not by-year),US carriers' airborne time on US-touching international segments
EWR,GIG,US,25,-8.312832974910453,27.488730158730192,2,full 1990-2025 sample for this route (not by-year),US carriers' airborne time on US-touching international segments
EWR,GLA,US,218,-21.388855299539177,23.554838709677384,6,full 1990-2025 sample for this route (not by-year),US carriers' airborne time on US-touching international segments
EWR,GRU,US,294,-14.628612903225752,25.013968801313585,6,full 1990-2025 sample for this route (not by-year),US carriers' airborne time on US-touching international segments
EWR,GUA,US,258,-17.305499999999988,19.365500000000015,6,full 1990-2025 sample for this route (not by-year),US carriers' airborne time on US-touching international segments
EWR,GVA,US,211,-17.577730247779336,21.508735632183935,6,full 1990-2025 sample for this route (not by-year),US carriers' airborne time on US-touching international segments
EWR,HAM,US,128,-22.831149350649397,26.174700460829502,4,full 1990-2025 sample for this route (not by-year),US carriers' airborne time on US-touching international segments
EWR,HAV,US,16,-2.1153225806451643,15.12996249801367,2,full 1990-2025 sample for this route (not by-year),US carriers' airborne time on US-touching international segments
EWR,HKG,US,200,-19.785037878787918,16.282380434782635,4,full 1990-2025 sample for this route (not by-year),US carriers' airborne time on US-touching international segments
EWR,HND,US,12,-11.483073070607594,20.010501536098406,2,full 1990-2025 sample for this route (not by-year),US carriers' airborne time on US-touching international segments
EWR,JNB,US,24,-20.071104931405223,18.101424731182767,2,full 1990-2025 sample for this route (not by-year),US carriers' airborne time on US-touching international segments
EWR,KEF,US,8,-3.6319916065416233,7.711216351501706,2,full 1990-2025 sample for this route (not by-year),US carriers' airborne time on US-touching international segments
EWR,LGW,US,202,-20.272857689099062,21.52989680212262,6,full 1990-2025 sample for this route (not by-year),US carriers' airborne time on US-touching international segments
EWR,LHR,US,296,-25.102568651187628,20.035831050816547,6,full 1990-2025 sample for this route (not by-year),US carriers' airborne time on US-touching international segments
EWR,LIM,US,279,-13.011999999999967,11.820172413793097,6,full 1990-2025 sample for this route (not by-year),US carriers' airborne time on US-touching international segments
EWR,LIR,US,146,-14.514946236559135,17.52500000000002,4,full 1990-2025 sample for this route (not by-year),US carriers' airborne time on US-touching international segments
EWR,LIS,US,285,-20.20218020022246,17.37000000000001,6,full 1990-2025 sample for this route (not by-year),US carriers' airborne time on US-touching international segments
EWR,MAD,US,349,-17.859448275862075,21.89819723502307,8,full 1990-2025 sample for this route (not by-year),US carriers' airborne time on US-touching international segments
EWR,MAN,US,273,-24.569343715239164,24.185880893300098,6,full 1990-2025 sample for this route (not by-year),US carriers' airborne time on US-touching international segments
EWR,MBJ,US,289,-11.863533471359563,12.010799616998227,6,full 1990-2025 sample for this route (not by-year),US carriers' airborne time on US-touching international segments
EWR,MEX,US,382,-17.018995550611788,17.20334136240703,8,full 1990-2025 sample for this route (not by-year),US carriers' airborne time on US-touching international segments
EWR,MUC,US,135,-24.25418396984305,14.763331899641566,4,full 1990-2025 sample for this route (not by-year),US carriers' airborne time on US-touching international segments
EWR,MXP,US,286,-23.014524193548382,25.073988095238064,6,full 1990-2025 sample for this route (not by-year),US carriers' airborne time on US-touching international segments
EWR,NAP,US,12,-6.7148379948914245,10.135033780649165,2,full 1990-2025 sample for this route (not by-year),US carriers' airborne time on US-touching international segments
EWR,NAS,US,291,-11.944086021505393,12.208882783882796,6,full 1990-2025 sample for this route (not by-year),US carriers' airborne time on US-touching international segments
EWR,NCE,US,10,-8.649317123192427,8.190892473118282,2,full 1990-2025 sample for this route (not by-year),US carriers' airborne time on US-touching international segments
EWR,NRT,US,329,-21.64786206896546,21.44477419354836,8,full 1990-2025 sample for this route (not by-year),US carriers' airborne time on US-touching international segments
EWR,OPO,US,14,-8.750937309799141,11.605424915468825,2,full 1990-2025 sample for this route (not by-year),US carriers' airborne time on US-touching international segments
EWR,ORY,US,64,-19.385675013683613,18.697249999999954,2,full 1990-2025 sample for this route (not by-year),US carriers' airborne time on US-touching international segments
EWR,OSL,US,117,-23.88746666666666,25.614214108472172,4,full 1990-2025 sample for this route (not by-year),US carriers' airborne time on US-touching international segments
EWR,PDL,US,8,-9.788752459159385,4.083361111111107,2,full 1990-2025 sample for this route (not by-year),US carriers' airborne time on US-touching international segments
EWR,PEK,US,152,-13.47387566137567,13.734010438949312,4,full 1990-2025 sample for this route (not by-year),US carriers' airborne time on US-touching international segments
EWR,PLS,US,121,-6.9592787114845915,9.693333333333316,4,full 1990-2025 sample for this route (not by-year),US carriers' airborne time on US-touching international segments
EWR,PMI,US,8,-11.381167420814503,4.649457013574678,2,full 1990-2025 sample for this route (not by-year),US carriers' airborne time on US-touching international segments
EWR,POP,US,272,-16.30639296187683,11.769333333333341,6,full 1990-2025 sample for this route (not by-year),US carriers' airborne time on US-touching international segments
EWR,POS,US,135,-12.66,12.13251648351644,4,full 1990-2025 sample for this route (not by-year),US carriers' airborne time on US-touching international segments
EWR,PTY,US,298,-12.368053427419351,9.819176863181276,6,full 1990-2025 sample for this route (not by-year),US carriers' airborne time on US-touching international segments
EWR,PUJ,US,221,-7.5320805510279225,7.80092074592077,6,full 1990-2025 sample for this route (not by-year),US carriers' airborne time on US-touching international segments
EWR,PVG,US,107,-16.214258064516088,17.52712969966626,4,full 1990-2025 sample for this route (not by-year),US carriers' airborne time on US-touching international segments
EWR,PVR,US,213,-20.430666666666678,22.4535,6,full 1990-2025 sample for this route (not by-year),US carriers' airborne time on US-touching international segments
EWR,RTB,US,1,-0.5749999999999886,-0.5749999999999886,0,full 1990-2025 sample for this route (not by-year),US carriers' airborne time on US-touching international segments
EWR,SAL,US,220,-16.6075,19.573999999999984,6,full 1990-2025 sample for this route (not by-year),US carriers' airborne time on US-touching international segments
EWR,SAP,US,149,-17.578000000000003,17.88800000000002,4,full 1990-2025 sample for this route (not by-year),US carriers' airborne time on US-touching international segments
EWR,SCL,US,1,4.1577878643096255,4.1577878643096255,0,full 1990-2025 sample for this route (not by-year),US carriers' airborne time on US-touching international segments
EWR,SDQ,US,380,-15.288525731099488,8.63576958525345,8,full 1990-2025 sample for this route (not by-year),US carriers' airborne time on US-touching international segments
EWR,SJD,US,208,-21.11036689291103,16.855203619909496,6,full 1990-2025 sample for this route (not by-year),US carriers' airborne time on US-touching international segments
EWR,SJO,US,281,-8.754376693766938,10.276796151624962,6,full 1990-2025 sample for this route (not by-year),US carriers' airborne time on US-touching international segments
EWR,SKB,US,25,-8.99300000000001,20.104999999999976,2,full 1990-2025 sample for this route (not by-year),US carriers' airborne time on US-touching international segments
EWR,SNN,US,204,-17.86337643678157,26.297266006842644,6,full 1990-2025 sample for this route (not by-year),US carriers' airborne time on US-touching international segments
EWR,STI,US,142,-7.352741935483872,7.3260389261634185,4,full 1990-2025 sample for this route (not by-year),US carriers' airborne time on US-touching international segments
EWR,STR,US,16,-27.772923534798522,13.20272727272728,2,full 1990-2025 sample for this route (not by-year),US carriers' airborne time on US-touching international segments
EWR,SXM,US,363,-12.792013793103457,10.815923076923081,8,full 1990-2025 sample for this route (not by-year),US carriers' airborne time on US-touching international segments
EWR,TFS,US,4,-3.4226648351648437,-0.25142307692312094,2,full 1990-2025 sample for this route (not by-year),US carriers' airborne time on US-touching international segments
EWR,TLV,US,260,-18.12414329413632,18.95313084497179,6,full 1990-2025 sample for this route (not by-year),US carriers' airborne time on US-touching international segments
EWR,TXL,US,153,-23.837504662004676,22.50835445620296,4,full 1990-2025 sample for this route (not by-year),US carriers' airborne time on US-touching international segments
EWR,UVF,US,70,-13.765678571428579,19.51125000000001,2,full 1990-2025 sample for this route (not by-year),US carriers' airborne time on US-touching international segments
EWR,VCE,US,28,-9.572709359605925,12.227774193548399,2,full 1990-2025 sample for this route (not by-year),US carriers' airborne time on US-touching international segments
EWR,YHZ,US,242,-31.66144778187811,15.41394841360294,6,full 1990-2025 sample for this route (not by-year),US carriers' airborne time on US-touching international segments
EWR,YOW,US,259,-27.161148511765624,7.586015856236784,6,full 1990-2025 sample for this route (not by-year),US carriers' airborne time on US-touching international segments
EWR,YQB,US,246,-23.70257399271887,5.960492431245877,6,full 1990-2025 sample for this route (not by-year),US carriers' airborne time on US-touching international segments
EWR,YQM,US,78,-12.316116071428569,21.490351548016374,2,full 1990-2025 sample for this route (not by-year),US carriers' airborne time on US-touching international segments
EWR,YTM,US,7,-0.29071929824561094,36.96747660818713,2,full 1990-2025 sample for this route (not by-year),US carriers' airborne time on US-touching international segments
EWR,YUL,US,306,-12.325676504967857,21.617731719222917,8,full 1990-2025 sample for this route (not by-year),US carriers' airborne time on US-touching international segments
EWR,YVR,US,77,-14.738652597402613,12.47268882994398,2,full 1990-2025 sample for this route (not by-year),US carriers' airborne time on US-touching international segments
EWR,YYC,US,1,-2.2777777777777715,-2.2777777777777715,0,full 1990-2025 sample for this route (not by-year),US carriers' airborne time on US-touching international segments
EWR,YYT,US,116,-11.191883458646616,9.176934523809523,4,full 1990-2025 sample for this route (not by-year),US carriers' airborne time on US-touching international segments
EWR,YYZ,US,294,-5.727595546040586,5.65194577355527,6,full 1990-2025 sample for this route (not by-year),US carriers' airborne time on US-touching international segments
EWR,ZRH,US,263,-20.417626728110594,23.772910918114153,6,full 1990-2025 sample for this route (not by-year),US carriers' airborne time on US-touching international segments
EZE,ATL,US,201,-11.85747126436786,9.633333333333326,4,full 1990-2025 sample for this route (not by-year),US carriers' airborne time on US-touching international segments
EZE,DFW,US,201,-23.18518518518522,24.232718894009167,4,full 1990-2025 sample for this route (not by-year),US carriers' airborne time on US-touching international segments
EZE,IAD,US,90,-9.613500000000005,8.23029885057469,2,full 1990-2025 sample for this route (not by-year),US carriers' airborne time on US-touching international segments
EZE,IAH,US,191,-20.25796893667856,10.8655238095238,4,full 1990-2025 sample for this route (not by-year),US carriers' airborne time on US-touching international segments
EZE,JFK,US,334,-21.990673407157853,17.272402298850594,8,full 1990-2025 sample for this route (not by-year),US carriers' airborne time on US-touching international segments
EZE,MIA,US,388,-26.99669864244695,14.503014486747865,8,full 1990-2025 sample for this route (not by-year),US carriers' airborne time on US-touching international segments
EZE,ORD,US,23,-7.84924054173953,14.789709677419234,2,full 1990-2025 sample for this route (not by-year),US carriers' airborne time on US-touching international segments
FBS,YWH,US,1,-1.170454545454545,-1.170454545454545,0,full 1990-2025 sample for this route (not by-year),US carriers' airborne time on US-touching international segments
FBU,JFK,US,18,-26.688151780468875,5.459949667271634,2,full 1990-2025 sample for this route (not by-year),US carriers' airborne time on US-touching international segments
FCO,ATL,US,267,-30.146410656436483,27.790340059187503,6,full 1990-2025 sample for this route (not by-year),US carriers' airborne time on US-touching international segments
FCO,BOS,US,16,-14.489754398827055,17.050487711213542,2,full 1990-2025 sample for this route (not by-year),US carriers' airborne time on US-touching international segments
FCO,CLT,US,67,-13.229743589743542,16.664597701149482,2,full 1990-2025 sample for this route (not by-year),US carriers' airborne time on US-touching international segments
FCO,CVG,US,20,-16.923329996292136,21.2213036707452,2,full 1990-2025 sample for this route (not by-year),US carriers' airborne time on US-touching international segments
FCO,DFW,US,29,-34.9546666666666,19.47094736842107,2,full 1990-2025 sample for this route (not by-year),US carriers' airborne time on US-touching international segments
FCO,DTW,US,59,-10.44864874551972,23.290942528735663,2,full 1990-2025 sample for this route (not by-year),US carriers' airborne time on US-touching international segments
FCO,EWR,US,262,-32.01038978494626,31.80274177547365,6,full 1990-2025 sample for this route (not by-year),US carriers' airborne time on US-touching international segments
FCO,IAD,US,120,-24.833652186003874,24.542035286552487,4,full 1990-2025 sample for this route (not by-year),US carriers' airborne time on US-touching international segments
FCO,JFK,US,363,-28.197061055568586,26.47467487684729,8,full 1990-2025 sample for this route (not by-year),US carriers' airborne time on US-touching international segments
FCO,ORD,US,141,-32.342528735632165,16.160149925037533,4,full 1990-2025 sample for this route (not by-year),US carriers' airborne time on US-touching international segments
FCO,PHL,US,286,-31.382858159392857,26.202618135376653,6,full 1990-2025 sample for this route (not by-year),US carriers' airborne time on US-touching international segments
FCO,SFO,US,5,-8.821708141320942,7.642205413422403,2,full 1990-2025 sample for this route (not by-year),US carriers' airborne time on US-touching international segments
FDF,MIA,US,82,-9.168854166666673,11.28207553475933,2,full 1990-2025 sample for this route (not by-year),US carriers' airborne time on US-touching international segments
FDF,SJU,US,162,-7.258928418803414,10.337232496060176,4,full 1990-2025 sample for this route (not by-year),US carriers' airborne time on US-touching international segments
FLL,ASD,US,46,-8.730735294117649,5.244411764705882,2,full 1990-2025 sample for this route (not by-year),US carriers' airborne time on US-touching international segments
FLL,AUA,US,168,-7.196999999999998,9.459525862068984,4,full 1990-2025 sample for this route (not by-year),US carriers' airborne time on US-touching international segments
FLL,AXM,US,144,-6.862638888888884,7.196161616161621,4,full 1990-2025 sample for this route (not by-year),US carriers' airborne time on US-touching international segments
FLL,BAQ,US,24,-2.3974193548387204,4.319030303030293,2,full 1990-2025 sample for this route (not by-year),US carriers' airborne time on US-touching international segments
FLL,BGA,US,9,1.6738461538461444,6.307197802197802,2,full 1990-2025 sample for this route (not by-year),US carriers' airborne time on US-touching international segments
FLL,BGI,US,23,-8.416646697388638,4.251122074636313,2,full 1990-2025 sample for this route (not by-year),US carriers' airborne time on US-touching international segments
FLL,BIM,US,182,-5.65168202764977,23.125797528065192,4,full 1990-2025 sample for this route (not by-year),US carriers' airborne time on US-touching international segments
FLL,BOG,US,164,-7.4121951219512265,8.78779456967215,4,full 1990-2025 sample for this route (not by-year),US carriers' airborne time on US-touching international segments
FLL,BZE,US,10,-3.7221379310344718,3.055532019704428,2,full 1990-2025 sample for this route (not by-year),US carriers' airborne time on US-touching international segments
FLL,CAP,US,12,-2.8548333333333367,1.7621915933528927,2,full 1990-2025 sample for this route (not by-year),US carriers' airborne time on US-touching international segments
FLL,CLO,US,32,-5.082763440860204,6.502958781362016,2,full 1990-2025 sample for this route (not by-year),US carriers' airborne time on US-touching international segments
FLL,CMW,US,15,-14.26926550868486,1.43290322580645,2,full 1990-2025 sample for this route (not by-year),US carriers' airborne time on US-touching international segments
FLL,CTG,US,163,-5.19705379587732,6.65073752594036,4,full 1990-2025 sample for this route (not by-year),US carriers' airborne time on US-touching international segments
FLL,CUN,US,218,-5.707234949989119,11.423910200523101,6,full 1990-2025 sample for this route (not by-year),US carriers' airborne time on US-touching international segments
FLL,CXY,US,19,-2.837252747252748,2.336043956043958,2,full 1990-2025 sample for this route (not by-year),US carriers' airborne time on US-touching international segments
FLL,ELH,US,228,-7.180490041928716,23.780138784696092,6,full 1990-2025 sample for this route (not by-year),US carriers' airborne time on US-touching international segments
FLL,FPO,US,227,-5.569076243821291,14.731753719251786,6,full 1990-2025 sample for this route (not by-year),US carriers' airborne time on US-touching international segments
FLL,GCM,US,29,-20.810835483870964,4.606588089330037,2,full 1990-2025 sample for this route (not by-year),US carriers' airborne time on US-touching international segments
FLL,GGT,US,183,-7.671197132616491,8.998629891798979,4,full 1990-2025 sample for this route (not by-year),US carriers' airborne time on US-touching international segments
FLL,GHB,US,141,-6.930224403927066,10.547158218125958,4,full 1990-2025 sample for this route (not by-year),US carriers' airborne time on US-touching international segments
FLL,GHC,US,16,-16.736119144013884,39.93028846153845,2,full 1990-2025 sample for this route (not by-year),US carriers' airborne time on US-touching international segments
FLL,GUA,US,182,-7.396051587301592,6.138276143790843,4,full 1990-2025 sample for this route (not by-year),US carriers' airborne time on US-touching international segments
FLL,GYE,US,44,-17.055292050691243,8.990670828375643,2,full 1990-2025 sample for this route (not by-year),US carriers' airborne time on US-touching international segments
FLL,HAV,US,40,-3.4842590091683237,17.39509012824007,2,full 1990-2025 sample for this route (not by-year),US carriers' airborne time on US-touching international segments
FLL,HOG,US,14,-10.262311827957,3.0057802419354855,2,full 1990-2025 sample for this route (not by-year),US carriers' airborne time on US-touching international segments
FLL,KIN,US,204,-4.770139608672662,4.010989861303847,6,full 1990-2025 sample for this route (not by-year),US carriers' airborne time on US-touching international segments
FLL,LIM,US,161,-12.095131845841797,13.535891230809256,4,full 1990-2025 sample for this route (not by-year),US carriers' airborne time on US-touching international segments
FLL,MBJ,US,197,-3.8008680161943347,3.66811881624015,4,full 1990-2025 sample for this route (not by-year),US carriers' airborne time on US-touching international segments
FLL,MDE,US,153,-6.824677276456132,5.91915938344192,4,full 1990-2025 sample for this route (not by-year),US carriers' airborne time on US-touching international segments
FLL,MEX,US,28,-11.517818965517229,8.612016129032268,2,full 1990-2025 sample for this route (not by-year),US carriers' airborne time on US-touching international segments
FLL,MGA,US,138,-6.831374223602501,6.093238965626728,4,full 1990-2025 sample for this route (not by-year),US carriers' airborne time on US-touching international segments
FLL,MHH,US,220,-8.42790827857915,22.73198819875776,6,full 1990-2025 sample for this route (not by-year),US carriers' airborne time on US-touching international segments
FLL,NAS,US,379,-9.76124172986834,11.968659196184612,8,full 1990-2025 sample for this route (not by-year),US carriers' airborne time on US-touching international segments
FLL,NSB,US,48,-11.021168709216496,18.400780303879955,2,full 1990-2025 sample for this route (not by-year),US carriers' airborne time on US-touching international segments
FLL,PAP,US,205,-3.706389324960763,5.107121143481996,6,full 1990-2025 sample for this route (not by-year),US carriers' airborne time on US-touching international segments
FLL,PID,US,14,-2.5188868078714552,12.511852801616078,2,full 1990-2025 sample for this route (not by-year),US carriers' airborne time on US-touching international segments
FLL,PLS,US,58,-18.69946428571428,8.195169745484396,2,full 1990-2025 sample for this route (not by-year),US carriers' airborne time on US-touching international segments
FLL,POS,US,50,-4.990108123569788,5.774080882352925,2,full 1990-2025 sample for this route (not by-year),US carriers' airborne time on US-touching international segments
FLL,PTY,US,139,-6.8319658119658015,6.567128205128212,4,full 1990-2025 sample for this route (not by-year),US carriers' airborne time on US-touching international segments
FLL,PUJ,US,130,-6.572470588235297,3.6299353586681615,4,full 1990-2025 sample for this route (not by-year),US carriers' airborne time on US-touching international segments
FLL,SAL,US,117,-4.938461538461538,7.017516339869278,4,full 1990-2025 sample for this route (not by-year),US carriers' airborne time on US-touching international segments
FLL,SAP,US,174,-7.44214912280702,5.520539702233254,4,full 1990-2025 sample for this route (not by-year),US carriers' airborne time on US-touching international segments
FLL,SDQ,US,219,-3.3406146409449033,4.8566304734537304,6,full 1990-2025 sample for this route (not by-year),US carriers' airborne time on US-touching international segments
FLL,SJO,US,185,-6.22862076572955,7.535475386912391,4,full 1990-2025 sample for this route (not by-year),US carriers' airborne time on US-touching international segments
FLL,SNU,US,16,-8.806004000171132,-1.381338524286242,2,full 1990-2025 sample for this route (not by-year),US carriers' airborne time on US-touching international segments
FLL,STI,US,152,-3.2760833333333284,5.380585470085471,4,full 1990-2025 sample for this route (not by-year),US carriers' airborne time on US-touching international segments
FLL,SXM,US,164,-9.779328335832083,12.462500000000006,4,full 1990-2025 sample for this route (not by-year),US carriers' airborne time on US-touching international segments
FLL,TBI,US,35,-31.855839160839153,34.92868131868127,2,full 1990-2025 sample for this route (not by-year),US carriers' airborne time on US-touching international segments
FLL,TCB,US,173,-7.341243819932348,28.46510344827587,4,full 1990-2025 sample for this route (not by-year),US carriers' airborne time on US-touching international segments
FLL,TLC,US,32,-8.631249999999998,9.719444444444452,2,full 1990-2025 sample for this route (not by-year),US carriers' airborne time on US-touching international segments
FLL,UIO,US,54,-8.96852176139273,7.881852011398269,2,full 1990-2025 sample for this route (not by-year),US carriers' airborne time on US-touching international segments
FLL,XPL,US,23,-2.4933333333333314,3.369519211822659,2,full 1990-2025 sample for this route (not by-year),US carriers' airborne time on US-touching international segments
FLL,ZSA,US,78,-12.160250000000001,6.538000000000001,2,full 1990-2025 sample for this route (not by-year),US carriers' airborne time on US-touching international segments
FPO,ATL,US,168,-6.232142140468229,7.0758020147229885,4,full 1990-2025 sample for this route (not by-year),US carriers' airborne time on US-touching international segments
FPO,BWI,US,14,-18.28031677018633,4.0363225806451535,2,full 1990-2025 sample for this route (not by-year),US carriers' airborne time on US-touching international segments
FPO,CLT,US,177,-4.577714285714289,6.340597701149436,4,full 1990-2025 sample for this route (not by-year),US carriers' airborne time on US-touching international segments
FPO,DAB,US,2,-6.2195000000000045,1.6695,2,full 1990-2025 sample for this route (not by-year),US carriers' airborne time on US-touching international segments
FPO,EWR,US,9,-7.451516129032253,17.020544558889355,2,full 1990-2025 sample for this route (not by-year),US carriers' airborne time on US-touching international segments
FPO,FLL,US,227,-5.61584063334636,4.382267569449563,6,full 1990-2025 sample for this route (not by-year),US carriers' airborne time on US-touching international segments
FPO,LGA,US,51,-11.125,14.941666666666677,2,full 1990-2025 sample for this route (not by-year),US carriers' airborne time on US-touching international segments
FPO,MCO,US,13,-7.543496753246756,18.598131274131262,2,full 1990-2025 sample for this route (not by-year),US carriers' airborne time on US-touching international segments
FPO,MIA,US,279,-9.519697042174919,3.279717656764809,6,full 1990-2025 sample for this route (not by-year),US carriers' airborne time on US-touching international segments
FPO,MLB,US,7,-21.416428571428575,0.5663376623376631,2,full 1990-2025 sample for this route (not by-year),US carriers' airborne time on US-touching international segments
FPO,PBI,US,48,-4.451782041121968,2.535378787878789,2,full 1990-2025 sample for this route (not by-year),US carriers' airborne time on US-touching international segments
FPO,PHL,US,54,-9.24125,29.629999999999995,2,full 1990-2025 sample for this route (not by-year),US carriers' airborne time on US-touching international segments
FRA,ATL,US,387,-26.685937499999998,27.545903737839243,8,full 1990-2025 sample for this route (not by-year),US carriers' airborne time on US-touching international segments
FRA,BOS,US,66,-21.44208333333335,33.62426498232949,2,full 1990-2025 sample for this route (not by-year),US carriers' airborne time on US-touching international segments
FRA,CLT,US,254,-24.99628728334246,23.552989247311857,6,full 1990-2025 sample for this route (not by-year),US carriers' airborne time on US-touching international segments
FRA,CVG,US,212,-24.784804597701147,25.436915708812226,6,full 1990-2025 sample for this route (not by-year),US carriers' airborne time on US-touching international segments
FRA,DEN,US,26,-11.900639599555063,10.486721357063317,2,full 1990-2025 sample for this route (not by-year),US carriers' airborne time on US-touching international segments
FRA,DFW,US,388,-32.17185185185184,34.66206772486776,8,full 1990-2025 sample for this route (not by-year),US carriers' airborne time on US-touching international segments
FRA,DTW,US,360,-21.25263027295285,28.596500768049218,8,full 1990-2025 sample for this route (not by-year),US carriers' airborne time on US-touching international segments
FRA,EWR,US,371,-31.919950987208022,29.268434886499477,8,full 1990-2025 sample for this route (not by-year),US carriers' airborne time on US-touching international segments
FRA,IAD,US,387,-28.73980240614548,26.935765006385704,8,full 1990-2025 sample for this route (not by-year),US carriers' airborne time on US-touching international segments
FRA,IAH,US,145,-37.70163440860219,31.77365756823817,4,full 1990-2025 sample for this route (not by-year),US carriers' airborne time on US-touching international segments
FRA,JFK,US,368,-23.712230515608045,24.194602033660576,8,full 1990-2025 sample for this route (not by-year),US carriers' airborne time on US-touching international segments
FRA,LAX,US,37,-28.365806451612904,11.085825652841756,2,full 1990-2025 sample for this route (not by-year),US carriers' airborne time on US-touching international segments
FRA,MCO,US,65,-21.006674975562092,18.492909301651697,2,full 1990-2025 sample for this route (not by-year),US carriers' airborne time on US-touching international segments
FRA,MIA,US,37,-15.23376923076919,21.736461538461562,2,full 1990-2025 sample for this route (not by-year),US carriers' airborne time on US-touching international segments
FRA,ORD,US,384,-24.215191256830668,19.050562770562763,8,full 1990-2025 sample for this route (not by-year),US carriers' airborne time on US-touching international segments
FRA,PHL,US,251,-24.22741935483873,28.26529477196891,6,full 1990-2025 sample for this route (not by-year),US carriers' airborne time on US-touching international segments
FRA,PIT,US,143,-21.15319574780057,24.620459770114948,4,full 1990-2025 sample for this route (not by-year),US carriers' airborne time on US-touching international segments
FRA,SFO,US,261,-24.132080200501218,19.011075616690764,6,full 1990-2025 sample for this route (not by-year),US carriers' airborne time on US-touching international segments
FUK,GUM,US,342,-6.0552596133190075,7.9144232778091395,8,full 1990-2025 sample for this route (not by-year),US carriers' airborne time on US-touching international segments
FUK,HNL,US,134,-21.873065591397857,14.44427976190477,4,full 1990-2025 sample for this route (not by-year),US carriers' airborne time on US-touching international segments
FUK,SPN,US,63,-8.157965063520871,11.018440836940846,2,full 1990-2025 sample for this route (not by-year),US carriers' airborne time on US-touching international segments
FXE,ASD,US,17,-34.71790940766551,21.705636459989396,2,full 1990-2025 sample for this route (not by-year),US carriers' airborne time on US-touching international segments
FXE,CCZ,US,21,-36.70260908681961,25.854545454545452,2,full 1990-2025 sample for this route (not by-year),US carriers' airborne time on US-touching international segments
FXE,SAQ,US,17,-39.78131707317073,21.929818181818177,2,full 1990-2025 sample for this route (not by-year),US carriers' airborne time on US-touching international segments
FXE,TZN,US,17,-35.94080952380952,21.49813664596273,2,full 1990-2025 sample for this route (not by-year),US carriers' airborne time on US-touching international segments
GCM,ATL,US,265,-8.378888337468986,8.655912954429086,6,full 1990-2025 sample for this route (not by-year),US carriers' airborne time on US-touching international segments
GCM,BOS,US,41,-9.659999999999986,19.904999999999998,2,full 1990-2025 sample for this route (not by-year),US carriers' airborne time on US-touching international segments
GCM,BWI,US,2,1.0820000000000112,4.218,2,full 1990-2025 sample for this route (not by-year),US carriers' airborne time on US-touching international segments
GCM,CLT,US,313,-7.094675521821632,8.181800176834647,8,full 1990-2025 sample for this route (not by-year),US carriers' airborne time on US-touching international segments
GCM,CVG,US,30,-281.501,968.1950000000002,2,full 1990-2025 sample for this route (not by-year),US carriers' airborne time on US-touching international segments
GCM,DFW,US,48,-12.635,9.45814285714286,2,full 1990-2025 sample for this route (not by-year),US carriers' airborne time on US-touching international segments
GCM,DTW,US,91,-9.638749999999998,11.358749999999992,2,full 1990-2025 sample for this route (not by-year),US carriers' airborne time on US-touching international segments
GCM,EWR,US,165,-10.439919374742907,13.141999999999992,4,full 1990-2025 sample for this route (not by-year),US carriers' airborne time on US-touching international segments
GCM,FLL,US,28,-21.101370967741936,5.630571428571438,2,full 1990-2025 sample for this route (not by-year),US carriers' airborne time on US-touching international segments
GCM,IAD,US,79,-8.745,9.203250000000006,2,full 1990-2025 sample for this route (not by-year),US carriers' airborne time on US-touching international segments
GCM,IAH,US,195,-7.448350658350671,9.196714285714293,4,full 1990-2025 sample for this route (not by-year),US carriers' airborne time on US-touching international segments
GCM,JFK,US,100,-9.10129564553093,9.513076612903221,2,full 1990-2025 sample for this route (not by-year),US carriers' airborne time on US-touching international segments
GCM,MDW,US,2,-8.1205,4.5704999999999885,2,full 1990-2025 sample for this route (not by-year),US carriers' airborne time on US-touching international segments
GCM,MIA,US,364,-2.927267762824146,3.707128480368737,8,full 1990-2025 sample for this route (not by-year),US carriers' airborne time on US-touching international segments
GCM,MSP,US,47,-11.019000000000013,13.061499999999988,2,full 1990-2025 sample for this route (not by-year),US carriers' airborne time on US-touching international segments
GCM,ORD,US,34,-6.1597203947368335,13.216749999999992,2,full 1990-2025 sample for this route (not by-year),US carriers' airborne time on US-touching international segments
GCM,PHL,US,148,-14.313363095238103,10.904660714285724,4,full 1990-2025 sample for this route (not by-year),US carriers' airborne time on US-touching international segments
GCM,RDU,US,5,-4.373604710701456,1.470076246334331,2,full 1990-2025 sample for this route (not by-year),US carriers' airborne time on US-touching international segments
GDL,ATL,US,267,-10.009822994210083,9.404820025040904,6,full 1990-2025 sample for this route (not by-year),US carriers' airborne time on US-touching international segments
GDL,CLT,US,2,-8.4351333943834,-3.828206043956045,2,full 1990-2025 sample for this route (not by-year),US carriers' airborne time on US-touching international segments
GDL,DFW,US,388,-5.740204487268998,5.672263874118714,8,full 1990-2025 sample for this route (not by-year),US carriers' airborne time on US-touching international segments
GDL,IAH,US,388,-5.642428387633411,7.311784082160937,8,full 1990-2025 sample for this route (not by-year),US carriers' airborne time on US-touching international segments
GDL,LAX,US,388,-8.055681818181831,10.805720227062077,8,full 1990-2025 sample for this route (not by-year),US carriers' airborne time on US-touching international segments
GDL,MDW,US,48,-7.394742834060163,30.906992877492932,2,full 1990-2025 sample for this route (not by-year),US carriers' airborne time on US-touching international segments
GDL,PHX,US,231,-11.980000000000015,7.6970161290322645,6,full 1990-2025 sample for this route (not by-year),US carriers' airborne time on US-touching international segments
GDL,SFO,US,53,-8.248261416003368,18.95245161290321,2,full 1990-2025 sample for this route (not by-year),US carriers' airborne time on US-touching international segments
GDL,SJC,US,126,-8.544540229885065,9.711758467357214,4,full 1990-2025 sample for this route (not by-year),US carriers' airborne time on US-touching international segments
GDL,SLC,US,68,-29.678015873015887,17.082405695611577,2,full 1990-2025 sample for this route (not by-year),US carriers' airborne time on US-touching international segments
GDT,MIA,US,7,0.3364285714285657,15.458134920634919,2,full 1990-2025 sample for this route (not by-year),US carriers' airborne time on US-touching international segments
GDX,ANC,US,26,-21.98472222222221,13.453869047619044,2,full 1990-2025 sample for this route (not by-year),US carriers' airborne time on US-touching international segments
GEG,YVR,US,39,-5.849686478227655,2.175541624088267,2,full 1990-2025 sample for this route (not by-year),US carriers' airborne time on US-touching international segments
GEG,YYC,US,42,-3.188377495462794,1.5739224472309505,2,full 1990-2025 sample for this route (not by-year),US carriers' airborne time on US-touching international segments
GEO,JFK,US,156,-103.80355769230768,189.7714628330993,4,full 1990-2025 sample for this route (not by-year),US carriers' airborne time on US-touching international segments
GEO,MIA,US,34,-5.270815145502625,13.997436433298509,2,full 1990-2025 sample for this route (not by-year),US carriers' airborne time on US-touching international segments
GGT,ATL,US,133,-6.426666666666665,7.687660818713452,4,full 1990-2025 sample for this route (not by-year),US carriers' airborne time on US-touching international segments
GGT,CLT,US,43,-11.46845238095238,11.678676470588234,2,full 1990-2025 sample for this route (not by-year),US carriers' airborne time on US-touching international segments
GGT,FLL,US,181,-11.368575324184519,11.561428571428564,4,full 1990-2025 sample for this route (not by-year),US carriers' airborne time on US-touching international segments
GGT,MIA,US,285,-23.448994374464966,7.080107138081822,6,full 1990-2025 sample for this route (not by-year),US carriers' airborne time on US-touching international segments
GHB,FLL,US,149,-9.861714285714285,12.378000000000014,4,full 1990-2025 sample for this route (not by-year),US carriers' airborne time on US-touching international segments
GHB,MIA,US,14,-1.3730650792558616,6.609904702634965,2,full 1990-2025 sample for this route (not by-year),US carriers' airborne time on US-touching international segments
GHC,FLL,US,15,-11.839257703081232,17.138076923076916,2,full 1990-2025 sample for this route (not by-year),US carriers' airborne time on US-touching international segments
GIG,ATL,US,158,-17.433790322580673,15.116589861751088,4,full 1990-2025 sample for this route (not by-year),US carriers' airborne time on US-touching international segments
GIG,CLT,US,36,-17.36639592933947,15.989432123655938,2,full 1990-2025 sample for this route (not by-year),US carriers' airborne time on US-touching international segments
GIG,DFW,US,27,-13.782996655518405,13.115555555555526,2,full 1990-2025 sample for this route (not by-year),US carriers' airborne time on US-touching international segments
GIG,EWR,US,25,-8.409900432900468,29.201689291101026,2,full 1990-2025 sample for this route (not by-year),US carriers' airborne time on US-touching international segments
GIG,IAD,US,4,-3.542209921798583,1.9924865779381782,2,full 1990-2025 sample for this route (not by-year),US carriers' airborne time on US-touching international segments
GIG,IAH,US,144,-15.281451612903227,21.133335928809768,4,full 1990-2025 sample for this route (not by-year),US carriers' airborne time on US-touching international segments
GIG,JFK,US,162,-29.70373147819916,29.287107897663976,4,full 1990-2025 sample for this route (not by-year),US carriers' airborne time on US-touching international segments
GIG,MIA,US,380,-17.803833333333305,21.39278112487722,8,full 1990-2025 sample for this route (not by-year),US carriers' airborne time on US-touching international segments
GLA,BOS,US,30,-13.61044758635722,20.004991596638654,2,full 1990-2025 sample for this route (not by-year),US carriers' airborne time on US-touching international segments
GLA,EWR,US,220,-22.035510582010602,22.61679147042818,6,full 1990-2025 sample for this route (not by-year),US carriers' airborne time on US-touching international segments
GLA,JFK,US,5,-8.132193548387106,5.804095238095253,2,full 1990-2025 sample for this route (not by-year),US carriers' airborne time on US-touching international segments
GLA,ORD,US,98,-17.806236188357474,20.00598563706263,2,full 1990-2025 sample for this route (not by-year),US carriers' airborne time on US-touching international segments
GLA,PHL,US,70,-25.495820707070695,18.200645454545423,2,full 1990-2025 sample for this route (not by-year),US carriers' airborne time on US-touching international segments
GND,ATL,US,16,-9.9625,12.375,2,full 1990-2025 sample for this route (not by-year),US carriers' airborne time on US-touching international segments
GND,CLT,US,6,-7.398749999999978,3.9924999999999904,2,full 1990-2025 sample for this route (not by-year),US carriers' airborne time on US-touching international segments
GND,JFK,US,115,-9.105865163572055,11.180567765567755,4,full 1990-2025 sample for this route (not by-year),US carriers' airborne time on US-touching international segments
GND,MIA,US,157,-8.089032258064526,10.173203457727178,4,full 1990-2025 sample for this route (not by-year),US carriers' airborne time on US-touching international segments
GND,SJU,US,225,-14.519251336898398,52.036703225806455,6,full 1990-2025 sample for this route (not by-year),US carriers' airborne time on US-touching international segments
GRU,ATL,US,295,-17.67653874675559,20.720645161290413,6,full 1990-2025 sample for this route (not by-year),US carriers' airborne time on US-touching international segments
GRU,DFW,US,319,-25.37425806451614,21.407501875468842,8,full 1990-2025 sample for this route (not by-year),US carriers' airborne time on US-touching international segments
GRU,DTW,US,77,-16.440872031194626,8.040530503978742,2,full 1990-2025 sample for this route (not by-year),US carriers' airborne time on US-touching international segments
GRU,EWR,US,294,-16.96783870967743,25.52000000000001,6,full 1990-2025 sample for this route (not by-year),US carriers' airborne time on US-touching international segments
GRU,IAD,US,201,-15.94946236559133,29.63218390804593,4,full 1990-2025 sample for this route (not by-year),US carriers' airborne time on US-touching international segments
GRU,IAH,US,269,-19.877419354838704,21.471225806451667,6,full 1990-2025 sample for this route (not by-year),US carriers' airborne time on US-touching international segments
GRU,JFK,US,377,-20.23995698924729,28.626344827586227,8,full 1990-2025 sample for this route (not by-year),US carriers' airborne time on US-touching international segments
GRU,LAX,US,52,-15.647220430107522,11.01592857142855,2,full 1990-2025 sample for this route (not by-year),US carriers' airborne time on US-touching international segments
GRU,MCO,US,16,-3.5248725435669286,10.051451612903195,2,full 1990-2025 sample for this route (not by-year),US carriers' airborne time on US-touching international segments
GRU,MIA,US,374,-18.159869726809784,12.283239735562857,8,full 1990-2025 sample for this route (not by-year),US carriers' airborne time on US-touching international segments
GRU,ORD,US,285,-25.19161290322578,26.966193548387142,6,full 1990-2025 sample for this route (not by-year),US carriers' airborne time on US-touching international segments
GUA,ATL,US,283,-7.837240882063762,11.37929705576967,6,full 1990-2025 sample for this route (not by-year),US carriers' airborne time on US-touching international segments
GUA,CLT,US,10,-1.4259305864281178,8.402114795470329,2,full 1990-2025 sample for this route (not by-year),US carriers' airborne time on US-touching international segments
GUA,DFW,US,285,-5.860741935483894,9.444838709677416,6,full 1990-2025 sample for this route (not by-year),US carriers' airborne time on US-touching international segments
GUA,EWR,US,215,-14.095196078431398,18.41799999999993,6,full 1990-2025 sample for this route (not by-year),US carriers' airborne time on US-touching international segments
GUA,FLL,US,182,-5.836177084869032,7.768191552486779,4,full 1990-2025 sample for this route (not by-year),US carriers' airborne time on US-touching international segments
GUA,IAD,US,39,-14.171640522875816,10.642333333333333,2,full 1990-2025 sample for this route (not by-year),US carriers' airborne time on US-touching international segments
GUA,IAH,US,388,-7.476873271889404,8.256961538461557,8,full 1990-2025 sample for this route (not by-year),US carriers' airborne time on US-touching international segments
GUA,JFK,US,25,-9.112970125536316,12.764861337994585,2,full 1990-2025 sample for this route (not by-year),US carriers' airborne time on US-touching international segments
GUA,LAX,US,380,-12.372913978494614,14.396446511627925,8,full 1990-2025 sample for this route (not by-year),US carriers' airborne time on US-touching international segments
GUA,MCO,US,33,-8.189352869352874,3.5393999236058105,2,full 1990-2025 sample for this route (not by-year),US carriers' airborne time on US-touching international segments
GUA,MIA,US,383,-5.319477651107615,6.232812238130456,8,full 1990-2025 sample for this route (not by-year),US carriers' airborne time on US-touching international segments
GUA,ORD,US,24,-10.631666666666675,12.682535714285722,2,full 1990-2025 sample for this route (not by-year),US carriers' airborne time on US-touching international segments
GUM,BNE,US,22,-4.512220179738554,9.711164529914566,2,full 1990-2025 sample for this route (not by-year),US carriers' airborne time on US-touching international segments
GUM,CNS,US,183,-9.158611111111137,11.147111111111096,4,full 1990-2025 sample for this route (not by-year),US carriers' airborne time on US-touching international segments
GUM,CTS,US,306,-10.644444444444439,14.980239898989886,8,full 1990-2025 sample for this route (not by-year),US carriers' airborne time on US-touching international segments
GUM,DPS,US,198,-6.992692669172947,15.81637096774198,4,full 1990-2025 sample for this route (not by-year),US carriers' airborne time on US-touching international segments
GUM,FUK,US,342,-8.825724173243637,11.538100358422941,8,full 1990-2025 sample for this route (not by-year),US carriers' airborne time on US-touching international segments
GUM,HIJ,US,90,-7.979583333333325,11.197893217893219,2,full 1990-2025 sample for this route (not by-year),US carriers' airborne time on US-touching international segments
GUM,HKG,US,223,-12.615476190476196,13.58263305322129,6,full 1990-2025 sample for this route (not by-year),US carriers' airborne time on US-touching international segments
GUM,KHH,US,18,-10.813875,8.440138888888882,2,full 1990-2025 sample for this route (not by-year),US carriers' airborne time on US-touching international segments
GUM,KIJ,US,168,-9.377142857142855,15.282761904761983,4,full 1990-2025 sample for this route (not by-year),US carriers' airborne time on US-touching international segments
GUM,KIX,US,253,-6.462899082408386,7.927130108345819,6,full 1990-2025 sample for this route (not by-year),US carriers' airborne time on US-touching international segments
GUM,MAJ,US,12,-6.471055555555551,8.75150396825395,2,full 1990-2025 sample for this route (not by-year),US carriers' airborne time on US-touching international segments
GUM,MNL,US,383,-8.20235798180312,10.29936054421768,8,full 1990-2025 sample for this route (not by-year),US carriers' airborne time on US-touching international segments
GUM,NGO,US,356,-6.607132103251286,7.239656916347734,8,full 1990-2025 sample for this route (not by-year),US carriers' airborne time on US-touching international segments
GUM,NRT,US,388,-6.116581638625333,9.675836022814927,8,full 1990-2025 sample for this route (not by-year),US carriers' airborne time on US-touching international segments
GUM,OKA,US,65,-5.225913793103447,7.867692307692302,2,full 1990-2025 sample for this route (not by-year),US carriers' airborne time on US-touching international segments
GUM,OKJ,US,178,-7.189940476190468,15.614999999999995,4,full 1990-2025 sample for this route (not by-year),US carriers' airborne time on US-touching international segments
GUM,PNI,US,22,-3.6777499999999956,6.107499999999996,2,full 1990-2025 sample for this route (not by-year),US carriers' airborne time on US-touching international segments
GUM,POM,US,11,-7.080000000000001,5.5875,2,full 1990-2025 sample for this route (not by-year),US carriers' airborne time on US-touching international segments
GUM,PVG,US,17,-1.9222222222222034,13.370833333333328,2,full 1990-2025 sample for this route (not by-year),US carriers' airborne time on US-touching international segments
GUM,ROR,US,316,-4.591327913279143,4.507434017595314,8,full 1990-2025 sample for this route (not by-year),US carriers' airborne time on US-touching international segments
GUM,SDJ,US,303,-10.593480392156861,13.304032234105781,8,full 1990-2025 sample for this route (not by-year),US carriers' airborne time on US-touching international segments
GUM,SEL,US,52,-9.605396825396841,17.574416666666686,2,full 1990-2025 sample for this route (not by-year),US carriers' airborne time on US-touching international segments
GUM,SYD,US,18,-12.63875,11.987499999999985,2,full 1990-2025 sample for this route (not by-year),US carriers' airborne time on US-touching international segments
GUM,TKK,US,374,-3.2365070346320386,4.102066532258057,8,full 1990-2025 sample for this route (not by-year),US carriers' airborne time on US-touching international segments
GUM,TPE,US,108,-10.59525,9.968888888888888,4,full 1990-2025 sample for this route (not by-year),US carriers' airborne time on US-touching international segments
GUM,YAP,US,346,-5.362500000000005,9.306666666666693,8,full 1990-2025 sample for this route (not by-year),US carriers' airborne time on US-touching international segments
GVA,EWR,US,211,-22.47878097241703,22.20326003251479,6,full 1990-2025 sample for this route (not by-year),US carriers' airborne time on US-touching international segments
GVA,IAD,US,133,-21.61863056835637,25.4542966507177,4,full 1990-2025 sample for this route (not by-year),US carriers' airborne time on US-touching international segments
GVA,JFK,US,7,-13.478571428571454,16.731158755038027,2,full 1990-2025 sample for this route (not by-year),US carriers' airborne time on US-touching international segments
GYE,ATL,US,35,-13.094893899204212,12.480059907834088,2,full 1990-2025 sample for this route (not by-year),US carriers' airborne time on US-touching international segments
GYE,FLL,US,44,-4.182431651628762,7.976972704714644,2,full 1990-2025 sample for this route (not by-year),US carriers' airborne time on US-touching international segments
GYE,IAH,US,114,-22.20284946236559,9.754170506912448,4,full 1990-2025 sample for this route (not by-year),US carriers' airborne time on US-touching international segments
GYE,JFK,US,26,-12.813136464263152,22.59426611579002,2,full 1990-2025 sample for this route (not by-year),US carriers' airborne time on US-touching international segments
GYE,MIA,US,375,-6.6206236559139695,10.684924731182813,8,full 1990-2025 sample for this route (not by-year),US carriers' airborne time on US-touching international segments
GYM,PHX,US,92,-32.09047857142857,35.53370114942534,2,full 1990-2025 sample for this route (not by-year),US carriers' airborne time on US-touching international segments
HAM,ATL,US,30,-12.288473118279624,16.1275840677676,2,full 1990-2025 sample for this route (not by-year),US carriers' airborne time on US-touching international segments
HAM,EWR,US,129,-34.20910579616459,38.54053333333332,4,full 1990-2025 sample for this route (not by-year),US carriers' airborne time on US-touching international segments
HAM,JFK,US,7,-26.404621212121206,10.40064425770308,2,full 1990-2025 sample for this route (not by-year),US carriers' airborne time on US-touching international segments
HAV,ATL,US,16,-0.20483870967742135,5.209418202764968,2,full 1990-2025 sample for this route (not by-year),US carriers' airborne time on US-touching international segments
HAV,EWR,US,16,-0.26442118226602107,10.604602534562199,2,full 1990-2025 sample for this route (not by-year),US carriers' airborne time on US-touching international segments
HAV,FLL,US,41,-5.05486115165966,4.670090184641233,2,full 1990-2025 sample for this route (not by-year),US carriers' airborne time on US-touching international segments
HAV,IAH,US,25,-21.16407860585838,29.401793103448266,2,full 1990-2025 sample for this route (not by-year),US carriers' airborne time on US-touching international segments
HAV,JFK,US,22,-7.188060344827587,8.434833327172493,2,full 1990-2025 sample for this route (not by-year),US carriers' airborne time on US-touching international segments
HAV,MCO,US,16,-1.848538306451615,2.9225806451612866,2,full 1990-2025 sample for this route (not by-year),US carriers' airborne time on US-touching international segments
HAV,MIA,US,62,-5.740832865825156,8.501038870246079,2,full 1990-2025 sample for this route (not by-year),US carriers' airborne time on US-touching international segments
HAV,TPA,US,58,-2.2409131169709218,5.932749511241449,2,full 1990-2025 sample for this route (not by-year),US carriers' airborne time on US-touching international segments
HEL,JFK,US,35,-32.01208333333336,11.482454212454188,2,full 1990-2025 sample for this route (not by-year),US carriers' airborne time on US-touching international segments
HEL,ORD,US,6,-5.845415044493888,6.597991595600066,2,full 1990-2025 sample for this route (not by-year),US carriers' airborne time on US-touching international segments
HIJ,GUM,US,90,-8.517206349206344,10.612653594771233,2,full 1990-2025 sample for this route (not by-year),US carriers' airborne time on US-touching international segments
HKG,ANC,US,1,2.816620879120819,2.816620879120819,0,full 1990-2025 sample for this route (not by-year),US carriers' airborne time on US-touching international segments
HKG,DFW,US,48,-11.523103845542673,17.011958313469993,2,full 1990-2025 sample for this route (not by-year),US carriers' airborne time on US-touching international segments
HKG,DTW,US,3,-10.811609260304976,2.4723386975343646,2,full 1990-2025 sample for this route (not by-year),US carriers' airborne time on US-touching international segments
HKG,EWR,US,200,-19.483397435897455,20.20482188644683,4,full 1990-2025 sample for this route (not by-year),US carriers' airborne time on US-touching international segments
HKG,GUM,US,223,-11.195555555555543,15.0691388888889,6,full 1990-2025 sample for this route (not by-year),US carriers' airborne time on US-touching international segments
HKG,LAX,US,101,-25.76666666666665,19.857366771159946,2,full 1990-2025 sample for this route (not by-year),US carriers' airborne time on US-touching international segments
HKG,ORD,US,239,-17.310579877112175,28.308298850574737,6,full 1990-2025 sample for this route (not by-year),US carriers' airborne time on US-touching international segments
HKG,SEA,US,43,-16.736129032258084,14.47788461538461,2,full 1990-2025 sample for this route (not by-year),US carriers' airborne time on US-touching international segments
HKG,SFO,US,346,-22.028214285714302,27.321785714285742,8,full 1990-2025 sample for this route (not by-year),US carriers' airborne time on US-touching international segments
HKG,SPN,US,55,-12.930999999999992,27.080555555555552,2,full 1990-2025 sample for this route (not by-year),US carriers' airborne time on US-touching international segments
HMO,PHX,US,229,-24.74193548387097,5.706327030033374,6,full 1990-2025 sample for this route (not by-year),US carriers' airborne time on US-touching international segments
HND,ATL,US,24,-17.010367032117518,12.750352308665411,2,full 1990-2025 sample for this route (not by-year),US carriers' airborne time on US-touching international segments
HND,DFW,US,10,-8.01749327956999,10.049526209677358,2,full 1990-2025 sample for this route (not by-year),US carriers' airborne time on US-touching international segments
HND,DTW,US,24,-18.54937034739462,25.22682412557166,2,full 1990-2025 sample for this route (not by-year),US carriers' airborne time on US-touching international segments
HND,EWR,US,12,-12.890201149425302,10.131017960534024,2,full 1990-2025 sample for this route (not by-year),US carriers' airborne time on US-touching international segments
HND,HNL,US,108,-159.7224888888889,15.659091724393823,4,full 1990-2025 sample for this route (not by-year),US carriers' airborne time on US-touching international segments
HND,IAD,US,10,-11.537981460882486,9.195101223581771,2,full 1990-2025 sample for this route (not by-year),US carriers' airborne time on US-touching international segments
HND,JFK,US,3,-13.603075268817157,1.8241305153874667,2,full 1990-2025 sample for this route (not by-year),US carriers' airborne time on US-touching international segments
HND,KOA,US,16,-23.549999999999994,10.848538961038967,2,full 1990-2025 sample for this route (not by-year),US carriers' airborne time on US-touching international segments
HND,LAX,US,103,-33.916149001536084,26.63165215907151,4,full 1990-2025 sample for this route (not by-year),US carriers' airborne time on US-touching international segments
HND,MSP,US,27,-26.331803485354065,11.134817204301024,2,full 1990-2025 sample for this route (not by-year),US carriers' airborne time on US-touching international segments
HND,ORD,US,24,-15.720284737823018,10.885440860215036,2,full 1990-2025 sample for this route (not by-year),US carriers' airborne time on US-touching international segments
HND,SEA,US,28,-23.482451612903215,9.44780980910711,2,full 1990-2025 sample for this route (not by-year),US carriers' airborne time on US-touching international segments
HND,SFO,US,60,-14.416164021164008,20.52240543959519,2,full 1990-2025 sample for this route (not by-year),US carriers' airborne time on US-touching international segments
HNL,AKL,US,90,-9.412875457875513,15.827509157509123,2,full 1990-2025 sample for this route (not by-year),US carriers' airborne time on US-touching international segments
HNL,BNE,US,64,-12.348486412108674,15.929875565610855,2,full 1990-2025 sample for this route (not by-year),US carriers' airborne time on US-touching international segments
HNL,CTS,US,36,-65.47538919413924,36.38749999999997,2,full 1990-2025 sample for this route (not by-year),US carriers' airborne time on US-touching international segments
HNL,FUK,US,133,-30.24111435174992,25.096756280427066,4,full 1990-2025 sample for this route (not by-year),US carriers' airborne time on US-touching international segments
HNL,HND,US,108,-16.15348214285714,23.303765957446803,4,full 1990-2025 sample for this route (not by-year),US carriers' airborne time on US-touching international segments
HNL,ICN,US,134,-26.312272891963115,22.244941934876703,4,full 1990-2025 sample for this route (not by-year),US carriers' airborne time on US-touching international segments
HNL,KIX,US,324,-24.53210852925088,25.472895501174055,8,full 1990-2025 sample for this route (not by-year),US carriers' airborne time on US-touching international segments
HNL,KWA,US,4,-10.765267857142856,7.982874999999997,2,full 1990-2025 sample for this route (not by-year),US carriers' airborne time on US-touching international segments
HNL,MAJ,US,247,-15.935546218487403,16.14675500969618,6,full 1990-2025 sample for this route (not by-year),US carriers' airborne time on US-touching international segments
HNL,MNL,US,40,-27.446470588235286,17.586888888888907,2,full 1990-2025 sample for this route (not by-year),US carriers' airborne time on US-touching international segments
HNL,NGO,US,169,-23.240077922077973,25.073955334987616,4,full 1990-2025 sample for this route (not by-year),US carriers' airborne time on US-touching international segments
HNL,NRT,US,379,-24.631737063817734,20.99408847627858,8,full 1990-2025 sample for this route (not by-year),US carriers' airborne time on US-touching international segments
HNL,OSA,US,32,-16.565169704245363,18.01650170068026,2,full 1990-2025 sample for this route (not by-year),US carriers' airborne time on US-touching international segments
HNL,PEK,US,31,-25.430769230769283,26.508791208791273,2,full 1990-2025 sample for this route (not by-year),US carriers' airborne time on US-touching international segments
HNL,PPT,US,370,-17.75,21.3275,7,full 1990-2025 sample for this route (not by-year),US carriers' airborne time on US-touching international segments
HNL,RAR,US,13,-10.257999999999997,13.297999999999972,2,full 1990-2025 sample for this route (not by-year),US carriers' airborne time on US-touching international segments
HNL,SDJ,US,3,-18.811346153846163,15.872307692307672,2,full 1990-2025 sample for this route (not by-year),US carriers' airborne time on US-touching international segments
HNL,SEL,US,10,-0.46157862701622093,20.052947120235746,2,full 1990-2025 sample for this route (not by-year),US carriers' airborne time on US-touching international segments
HNL,SYD,US,218,-11.43240201169801,19.607173076923065,6,full 1990-2025 sample for this route (not by-year),US carriers' airborne time on US-touching international segments
HNL,YVR,US,25,-17.54336507936505,18.12764722911495,2,full 1990-2025 sample for this route (not by-year),US carriers' airborne time on US-touching international segments
HOG,FLL,US,14,-10.811585607940437,0.2033763440860226,2,full 1990-2025 sample for this route (not by-year),US carriers' airborne time on US-touching international segments
HOG,MIA,US,30,-4.451290322580651,2.3273055246570244,2,full 1990-2025 sample for this route (not by-year),US carriers' airborne time on US-touching international segments
HOU,AUA,US,8,-7.544500000000002,2.1975,2,full 1990-2025 sample for this route (not by-year),US carriers' airborne time on US-touching international segments
HOU,BZE,US,60,-3.883413078023207,5.572532258064509,2,full 1990-2025 sample for this route (not by-year),US carriers' airborne time on US-touching international segments
HOU,CUN,US,76,-4.154513319301508,6.1791345690900314,2,full 1990-2025 sample for this route (not by-year),US carriers' airborne time on US-touching international segments
HOU,CZM,US,8,-3.3284400921658968,6.8694160906298025,2,full 1990-2025 sample for this route (not by-year),US carriers' airborne time on US-touching international segments
HOU,LIR,US,64,-6.384327030033373,7.275045454545455,2,full 1990-2025 sample for this route (not by-year),US carriers' airborne time on US-touching international segments
HOU,MBJ,US,62,-7.650892857142856,7.227589743589753,2,full 1990-2025 sample for this route (not by-year),US carriers' airborne time on US-touching international segments
HOU,MEX,US,18,-6.131591485986255,6.0674397482657385,2,full 1990-2025 sample for this route (not by-year),US carriers' airborne time on US-touching international segments
HOU,PUJ,US,1,6.025000000000006,6.025000000000006,0,full 1990-2025 sample for this route (not by-year),US carriers' airborne time on US-touching international segments
HOU,PVR,US,73,-7.197182795698934,8.047925219941341,2,full 1990-2025 sample for this route (not by-year),US carriers' airborne time on US-touching international segments
HOU,SJD,US,76,-6.946044546850985,7.75359836242189,2,full 1990-2025 sample for this route (not by-year),US carriers' airborne time on US-touching international segments
HOU,SJO,US,65,-5.412587795963777,6.690752688172049,2,full 1990-2025 sample for this route (not by-year),US carriers' airborne time on US-touching international segments
HRL,CUN,US,4,-3.987083333333333,1.2380952380952324,2,full 1990-2025 sample for this route (not by-year),US carriers' airborne time on US-touching international segments
HUX,DFW,US,17,-3.29285823754789,7.227157380254146,2,full 1990-2025 sample for this route (not by-year),US carriers' airborne time on US-touching international segments
HUX,IAH,US,124,-9.375416666666668,9.413333333333322,4,full 1990-2025 sample for this route (not by-year),US carriers' airborne time on US-touching international segments
HUX,MSP,US,13,-13.01400000000001,17.954000000000004,2,full 1990-2025 sample for this route (not by-year),US carriers' airborne time on US-touching international segments
HUX,ORD,US,2,-22.440249999999995,-6.78475,2,full 1990-2025 sample for this route (not by-year),US carriers' airborne time on US-touching international segments
IAD,ACC,US,25,-12.11923076923078,4.769395604395622,2,full 1990-2025 sample for this route (not by-year),US carriers' airborne time on US-touching international segments
IAD,AMM,US,3,3.1123834498834344,17.109935897435843,2,full 1990-2025 sample for this route (not by-year),US carriers' airborne time on US-touching international segments
IAD,AMS,US,316,-24.70533692860812,25.330981921304566,8,full 1990-2025 sample for this route (not by-year),US carriers' airborne time on US-touching international segments
IAD,ATH,US,11,-5.217204301075253,8.556392473118297,2,full 1990-2025 sample for this route (not by-year),US carriers' airborne time on US-touching international segments
IAD,AUA,US,171,-10.106923076923087,10.575000000000003,4,full 1990-2025 sample for this route (not by-year),US carriers' airborne time on US-touching international segments
IAD,BCN,US,26,-18.95138888888887,12.682258064516176,2,full 1990-2025 sample for this route (not by-year),US carriers' airborne time on US-touching international segments
IAD,BGI,US,10,-5.5347499999999945,8.372749999999996,2,full 1990-2025 sample for this route (not by-year),US carriers' airborne time on US-touching international segments
IAD,BRU,US,356,-23.721599396154463,22.29145073891624,8,full 1990-2025 sample for this route (not by-year),US carriers' airborne time on US-touching international segments
IAD,CDG,US,373,-25.751043557499557,24.31299999999997,8,full 1990-2025 sample for this route (not by-year),US carriers' airborne time on US-touching international segments
IAD,CPT,US,14,-7.748956043956007,10.89442307692299,2,full 1990-2025 sample for this route (not by-year),US carriers' airborne time on US-touching international segments
IAD,CUN,US,215,-9.506396241003985,12.059893338154211,6,full 1990-2025 sample for this route (not by-year),US carriers' airborne time on US-touching international segments
IAD,DME,US,17,-38.630257158418914,10.622000000000089,2,full 1990-2025 sample for this route (not by-year),US carriers' airborne time on US-touching international segments
IAD,DUB,US,84,-18.202967317960496,17.38894841269841,2,full 1990-2025 sample for this route (not by-year),US carriers' airborne time on US-touching international segments
IAD,DXB,US,64,-21.93204301075276,22.92069124423968,2,full 1990-2025 sample for this route (not by-year),US carriers' airborne time on US-touching international segments
IAD,EDI,US,12,-6.54638863287251,9.392039938556017,2,full 1990-2025 sample for this route (not by-year),US carriers' airborne time on US-touching international segments
IAD,EZE,US,90,-8.014980645161211,12.959021505376393,2,full 1990-2025 sample for this route (not by-year),US carriers' airborne time on US-touching international segments
IAD,FCO,US,127,-21.13611111111109,25.089784946236545,4,full 1990-2025 sample for this route (not by-year),US carriers' airborne time on US-touching international segments
IAD,FRA,US,387,-25.6811193387509,24.5274193548387,8,full 1990-2025 sample for this route (not by-year),US carriers' airborne time on US-touching international segments
IAD,GCM,US,80,-12.340833333333341,10.0,1,full 1990-2025 sample for this route (not by-year),US carriers' airborne time on US-touching international segments
IAD,GIG,US,4,-0.5895047438330084,3.937207373271984,2,full 1990-2025 sample for this route (not by-year),US carriers' airborne time on US-touching international segments
IAD,GRU,US,201,-18.033333333333417,22.54838709677415,4,full 1990-2025 sample for this route (not by-year),US carriers' airborne time on US-touching international segments
IAD,GUA,US,38,-12.51744444444445,11.641033613445387,2,full 1990-2025 sample for this route (not by-year),US carriers' airborne time on US-touching international segments
IAD,GVA,US,133,-27.838433416875535,18.801725274725353,4,full 1990-2025 sample for this route (not by-year),US carriers' airborne time on US-touching international segments
IAD,HND,US,10,-12.382258064516108,18.254733870967776,2,full 1990-2025 sample for this route (not by-year),US carriers' airborne time on US-touching international segments
IAD,KWI,US,87,-19.755749443826467,26.828429372300377,2,full 1990-2025 sample for this route (not by-year),US carriers' airborne time on US-touching international segments
IAD,LHR,US,385,-19.84267253176932,19.40740232242225,8,full 1990-2025 sample for this route (not by-year),US carriers' airborne time on US-touching international segments
IAD,LIS,US,27,-10.51388505747128,13.434720430107564,2,full 1990-2025 sample for this route (not by-year),US carriers' airborne time on US-touching international segments
IAD,LOS,US,24,-5.992186234817836,12.674615384615308,2,full 1990-2025 sample for this route (not by-year),US carriers' airborne time on US-touching international segments
IAD,MAD,US,63,-23.90891625615763,12.489239631336405,2,full 1990-2025 sample for this route (not by-year),US carriers' airborne time on US-touching international segments
IAD,MAN,US,26,-23.722431077694253,9.97401185770751,2,full 1990-2025 sample for this route (not by-year),US carriers' airborne time on US-touching international segments
IAD,MBJ,US,79,-8.943483870967743,9.308499999999984,2,full 1990-2025 sample for this route (not by-year),US carriers' airborne time on US-touching international segments
IAD,MEX,US,381,-21.3320430107527,15.488135376756073,8,full 1990-2025 sample for this route (not by-year),US carriers' airborne time on US-touching international segments
IAD,MUC,US,284,-25.302983102918578,25.73548387096775,6,full 1990-2025 sample for this route (not by-year),US carriers' airborne time on US-touching international segments
IAD,MXP,US,64,-25.763258064516123,25.113225806451595,2,full 1990-2025 sample for this route (not by-year),US carriers' airborne time on US-touching international segments
IAD,NAS,US,27,-14.40349206349206,15.883360389610381,2,full 1990-2025 sample for this route (not by-year),US carriers' airborne time on US-touching international segments
IAD,NRT,US,137,-23.647164362519156,16.381307802320112,4,full 1990-2025 sample for this route (not by-year),US carriers' airborne time on US-touching international segments
IAD,PEK,US,115,-20.667933094384757,21.611162773451973,4,full 1990-2025 sample for this route (not by-year),US carriers' airborne time on US-touching international segments
IAD,PLS,US,33,-6.4669999999999925,8.708888888888884,2,full 1990-2025 sample for this route (not by-year),US carriers' airborne time on US-touching international segments
IAD,PUJ,US,123,-10.129904761904754,10.94284782608696,4,full 1990-2025 sample for this route (not by-year),US carriers' airborne time on US-touching international segments
IAD,SAL,US,16,-7.2064749204284215,6.521047008547024,2,full 1990-2025 sample for this route (not by-year),US carriers' airborne time on US-touching international segments
IAD,SJD,US,3,-12.1775,13.3025,2,full 1990-2025 sample for this route (not by-year),US carriers' airborne time on US-touching international segments
IAD,SJO,US,48,-12.489000000000017,13.548499999999997,2,full 1990-2025 sample for this route (not by-year),US carriers' airborne time on US-touching international segments
IAD,SXM,US,113,-9.799076923076932,19.20599999999999,4,full 1990-2025 sample for this route (not by-year),US carriers' airborne time on US-touching international segments
IAD,YHZ,US,39,-6.268199480904709,8.136774193548387,2,full 1990-2025 sample for this route (not by-year),US carriers' airborne time on US-touching international segments
IAD,YOW,US,157,-3.9005053068540976,4.044571273685189,4,full 1990-2025 sample for this route (not by-year),US carriers' airborne time on US-touching international segments
IAD,YQB,US,5,-3.489796387520521,4.9331428571428555,2,full 1990-2025 sample for this route (not by-year),US carriers' airborne time on US-touching international segments
IAD,YUL,US,217,-3.289580651772902,6.115344422793919,6,full 1990-2025 sample for this route (not by-year),US carriers' airborne time on US-touching international segments
IAD,YVR,US,10,-7.828806451612895,10.277346273637367,2,full 1990-2025 sample for this route (not by-year),US carriers' airborne time on US-touching international segments
IAD,YYC,US,3,-1.9265111662531467,1.1805913978494924,2,full 1990-2025 sample for this route (not by-year),US carriers' airborne time on US-touching international segments
IAD,YYZ,US,248,-19.04869379282244,4.829324799678957,6,full 1990-2025 sample for this route (not by-year),US carriers' airborne time on US-touching international segments
IAD,ZRH,US,243,-25.57317617866002,24.35431182795699,6,full 1990-2025 sample for this route (not by-year),US carriers' airborne time on US-touching international segments
IAH,ACA,US,349,-6.381840909090906,8.739971517184618,8,full 1990-2025 sample for this route (not by-year),US carriers' airborne time on US-touching international segments
IAH,AGU,US,257,-17.803664516129032,12.486473118279564,6,full 1990-2025 sample for this route (not by-year),US carriers' airborne time on US-touching international segments
IAH,AMS,US,219,-33.23252184967429,30.861935483870873,6,full 1990-2025 sample for this route (not by-year),US carriers' airborne time on US-touching international segments
IAH,AUA,US,181,-12.48119658119656,12.299999999999983,4,full 1990-2025 sample for this route (not by-year),US carriers' airborne time on US-touching international segments
IAH,BJX,US,359,-7.0973215335404864,15.123237979306154,8,full 1990-2025 sample for this route (not by-year),US carriers' airborne time on US-touching international segments
IAH,BOG,US,335,-11.759429851510511,10.004006674082332,8,full 1990-2025 sample for this route (not by-year),US carriers' airborne time on US-touching international segments
IAH,BON,US,171,-8.8625,11.175000000000026,4,full 1990-2025 sample for this route (not by-year),US carriers' airborne time on US-touching international segments
IAH,BZE,US,380,-5.913534313725492,6.199537122375829,8,full 1990-2025 sample for this route (not by-year),US carriers' airborne time on US-touching international segments
IAH,CCS,US,208,-9.892218390804572,27.365791788856335,6,full 1990-2025 sample for this route (not by-year),US carriers' airborne time on US-touching international segments
IAH,CDG,US,163,-17.851579638752014,33.94143589743584,4,full 1990-2025 sample for this route (not by-year),US carriers' airborne time on US-touching international segments
IAH,CLO,US,14,-1.1044947817836208,5.1018228973168185,2,full 1990-2025 sample for this route (not by-year),US carriers' airborne time on US-touching international segments
IAH,CME,US,137,-6.570322580645163,7.300333704115667,4,full 1990-2025 sample for this route (not by-year),US carriers' airborne time on US-touching international segments
IAH,CUN,US,387,-4.556917032751161,5.724777489992932,8,full 1990-2025 sample for this route (not by-year),US carriers' airborne time on US-touching international segments
IAH,CUU,US,226,-18.779892948262713,6.914942528735629,6,full 1990-2025 sample for this route (not by-year),US carriers' airborne time on US-touching international segments
IAH,CZM,US,384,-5.306847064094455,6.36711243386244,8,full 1990-2025 sample for this route (not by-year),US carriers' airborne time on US-touching international segments
IAH,DGO,US,115,-6.916,6.3327272727272685,4,full 1990-2025 sample for this route (not by-year),US carriers' airborne time on US-touching international segments
IAH,EZE,US,191,-36.403503893214676,9.306465517241335,4,full 1990-2025 sample for this route (not by-year),US carriers' airborne time on US-touching international segments
IAH,FRA,US,145,-37.85641230997408,19.621250351428294,4,full 1990-2025 sample for this route (not by-year),US carriers' airborne time on US-touching international segments
IAH,GCM,US,195,-6.065000000000011,8.676606060606076,4,full 1990-2025 sample for this route (not by-year),US carriers' airborne time on US-touching international segments
IAH,GDL,US,388,-6.070249643372218,13.135834533975787,8,full 1990-2025 sample for this route (not by-year),US carriers' airborne time on US-touching international segments
IAH,GIG,US,144,-27.086451612903193,28.43709677419357,4,full 1990-2025 sample for this route (not by-year),US carriers' airborne time on US-touching international segments
IAH,GRU,US,269,-24.806086021505333,16.941935483870978,6,full 1990-2025 sample for this route (not by-year),US carriers' airborne time on US-touching international segments
IAH,GUA,US,383,-6.020775804788635,5.44724835967441,8,full 1990-2025 sample for this route (not by-year),US carriers' airborne time on US-touching international segments
IAH,GYE,US,41,-23.329523809523813,18.319285714285733,2,full 1990-2025 sample for this route (not by-year),US carriers' airborne time on US-touching international segments
IAH,HAV,US,25,-19.15624649610679,27.872473118279572,2,full 1990-2025 sample for this route (not by-year),US carriers' airborne time on US-touching international segments
IAH,HUX,US,125,-8.613333333333351,10.286666666666662,4,full 1990-2025 sample for this route (not by-year),US carriers' airborne time on US-touching international segments
IAH,LGW,US,202,-21.036952854720216,26.715548387096806,6,full 1990-2025 sample for this route (not by-year),US carriers' airborne time on US-touching international segments
IAH,LHR,US,155,-21.442341369671567,22.446812583528637,4,full 1990-2025 sample for this route (not by-year),US carriers' airborne time on US-touching international segments
IAH,LIM,US,298,-9.317044487770314,8.319064516129027,6,full 1990-2025 sample for this route (not by-year),US carriers' airborne time on US-touching international segments
IAH,LIR,US,213,-7.12950877192983,7.768223448530608,6,full 1990-2025 sample for this route (not by-year),US carriers' airborne time on US-touching international segments
IAH,LOS,US,32,-17.97510989010986,27.587523753665792,2,full 1990-2025 sample for this route (not by-year),US carriers' airborne time on US-touching international segments
IAH,LOV,US,29,-2.3657700578990877,3.9646024563671567,2,full 1990-2025 sample for this route (not by-year),US carriers' airborne time on US-touching international segments
IAH,MBJ,US,207,-9.097559523809535,12.444384615384623,6,full 1990-2025 sample for this route (not by-year),US carriers' airborne time on US-touching international segments
IAH,MEX,US,388,-4.686289298147296,7.984133339035549,8,full 1990-2025 sample for this route (not by-year),US carriers' airborne time on US-touching international segments
IAH,MGA,US,327,-6.457212320574158,6.1307007904376265,8,full 1990-2025 sample for this route (not by-year),US carriers' airborne time on US-touching international segments
IAH,MID,US,297,-5.249549783549781,4.530582685196999,6,full 1990-2025 sample for this route (not by-year),US carriers' airborne time on US-touching international segments
IAH,MLM,US,219,-6.552121588089337,6.745544354838705,6,full 1990-2025 sample for this route (not by-year),US carriers' airborne time on US-touching international segments
IAH,MTY,US,388,-3.872671638332538,6.959250978890022,8,full 1990-2025 sample for this route (not by-year),US carriers' airborne time on US-touching international segments
IAH,MUC,US,58,-23.05358430001584,13.64317857142858,2,full 1990-2025 sample for this route (not by-year),US carriers' airborne time on US-touching international segments
IAH,MZT,US,170,-25.19136960600374,27.8469550342131,4,full 1990-2025 sample for this route (not by-year),US carriers' airborne time on US-touching international segments
IAH,NAS,US,150,-14.11612161661106,13.831730978260852,4,full 1990-2025 sample for this route (not by-year),US carriers' airborne time on US-touching international segments
IAH,NRT,US,259,-18.58828571428566,19.603799283154068,6,full 1990-2025 sample for this route (not by-year),US carriers' airborne time on US-touching international segments
IAH,OAX,US,205,-6.42670967741935,8.086078213265296,6,full 1990-2025 sample for this route (not by-year),US carriers' airborne time on US-touching international segments
IAH,ORY,US,35,-16.103143928036015,18.574098015872966,2,full 1990-2025 sample for this route (not by-year),US carriers' airborne time on US-touching international segments
IAH,PBC,US,211,-5.626331285202258,7.9162940507768225,6,full 1990-2025 sample for this route (not by-year),US carriers' airborne time on US-touching international segments
IAH,PLS,US,20,-14.10050000000001,9.518000000000006,2,full 1990-2025 sample for this route (not by-year),US carriers' airborne time on US-touching international segments
IAH,POS,US,195,-8.936963987764186,9.581880131362867,4,full 1990-2025 sample for this route (not by-year),US carriers' airborne time on US-touching international segments
IAH,PTY,US,379,-10.662225806451625,9.099421791443831,8,full 1990-2025 sample for this route (not by-year),US carriers' airborne time on US-touching international segments
IAH,PUJ,US,83,-11.17448051948053,18.113999999999972,2,full 1990-2025 sample for this route (not by-year),US carriers' airborne time on US-touching international segments
IAH,PVR,US,387,-8.67012697828487,8.881213521132812,8,full 1990-2025 sample for this route (not by-year),US carriers' airborne time on US-touching international segments
IAH,QRO,US,203,-4.704017204301073,4.100486116492313,6,full 1990-2025 sample for this route (not by-year),US carriers' airborne time on US-touching international segments
IAH,RTB,US,205,-7.189999999999989,9.028000000000015,6,full 1990-2025 sample for this route (not by-year),US carriers' airborne time on US-touching international segments
IAH,SAL,US,383,-6.233843525086738,5.988064516129036,8,full 1990-2025 sample for this route (not by-year),US carriers' airborne time on US-touching international segments
IAH,SAP,US,313,-6.510576036866362,6.754869682042113,8,full 1990-2025 sample for this route (not by-year),US carriers' airborne time on US-touching international segments
IAH,SCL,US,70,-23.622285714285685,28.640741379310402,2,full 1990-2025 sample for this route (not by-year),US carriers' airborne time on US-touching international segments
IAH,SJD,US,329,-8.812388618605356,10.483419943820193,8,full 1990-2025 sample for this route (not by-year),US carriers' airborne time on US-touching international segments
IAH,SJO,US,356,-7.548903940886703,7.976392120571128,8,full 1990-2025 sample for this route (not by-year),US carriers' airborne time on US-touching international segments
IAH,SLP,US,263,-19.30622786547701,8.978037296037298,6,full 1990-2025 sample for this route (not by-year),US carriers' airborne time on US-touching international segments
IAH,SLW,US,159,-16.747270471464024,5.495186764193659,4,full 1990-2025 sample for this route (not by-year),US carriers' airborne time on US-touching international segments
IAH,SYD,US,10,-17.22659054927687,16.370074962518757,2,full 1990-2025 sample for this route (not by-year),US carriers' airborne time on US-touching international segments
IAH,TAM,US,284,-17.724488600905556,10.818670303605316,6,full 1990-2025 sample for this route (not by-year),US carriers' airborne time on US-touching international segments
IAH,TGU,US,347,-6.462709677419349,6.920130645917037,8,full 1990-2025 sample for this route (not by-year),US carriers' airborne time on US-touching international segments
IAH,TGZ,US,16,-6.211458333333324,5.763541666666667,2,full 1990-2025 sample for this route (not by-year),US carriers' airborne time on US-touching international segments
IAH,TLC,US,76,-5.427419354838715,4.656451612903226,2,full 1990-2025 sample for this route (not by-year),US carriers' airborne time on US-touching international segments
IAH,TRC,US,177,-14.604838709677413,5.199080459770119,4,full 1990-2025 sample for this route (not by-year),US carriers' airborne time on US-touching international segments
IAH,UIO,US,281,-8.738490842490886,9.010285714285676,6,full 1990-2025 sample for this route (not by-year),US carriers' airborne time on US-touching international segments
IAH,VER,US,286,-7.008215725806456,24.132640925382848,6,full 1990-2025 sample for this route (not by-year),US carriers' airborne time on US-touching international segments
IAH,VSA,US,163,-6.792762891307802,5.392926829268294,4,full 1990-2025 sample for this route (not by-year),US carriers' airborne time on US-touching international segments
IAH,XPL,US,24,-4.299526705446858,5.242448680351897,2,full 1990-2025 sample for this route (not by-year),US carriers' airborne time on US-touching international segments
IAH,YEG,US,111,-11.239841269841287,12.8231804233076,4,full 1990-2025 sample for this route (not by-year),US carriers' airborne time on US-touching international segments
IAH,YUL,US,27,-10.006215053763441,5.580564164976336,2,full 1990-2025 sample for this route (not by-year),US carriers' airborne time on US-touching international segments
IAH,YVR,US,268,-12.9302763669641,14.70766666666661,6,full 1990-2025 sample for this route (not by-year),US carriers' airborne time on US-touching international segments
IAH,YYC,US,263,-9.508332013570776,10.611801239881272,6,full 1990-2025 sample for this route (not by-year),US carriers' airborne time on US-touching international segments
IAH,YYZ,US,279,-7.602805482338655,7.307572206634741,6,full 1990-2025 sample for this route (not by-year),US carriers' airborne time on US-touching international segments
IAH,ZIH,US,307,-24.44235294117647,31.935164047422106,8,full 1990-2025 sample for this route (not by-year),US carriers' airborne time on US-touching international segments
IAH,ZLO,US,155,-10.038285714285708,9.0246851851852,4,full 1990-2025 sample for this route (not by-year),US carriers' airborne time on US-touching international segments
ICN,ATL,US,59,-19.27698143236064,13.474954525089638,2,full 1990-2025 sample for this route (not by-year),US carriers' airborne time on US-touching international segments
ICN,DFW,US,106,-19.890662399727,21.98008863702404,4,full 1990-2025 sample for this route (not by-year),US carriers' airborne time on US-touching international segments
ICN,DTW,US,143,-45.46630107526882,16.168377668308672,4,full 1990-2025 sample for this route (not by-year),US carriers' airborne time on US-touching international segments
ICN,HNL,US,134,-157.54111836041716,13.851688311688287,4,full 1990-2025 sample for this route (not by-year),US carriers' airborne time on US-touching international segments
ICN,MSP,US,15,-10.27468372265475,7.83365303011574,2,full 1990-2025 sample for this route (not by-year),US carriers' airborne time on US-touching international segments
ICN,SEA,US,95,-30.861224021420337,16.313026392961834,2,full 1990-2025 sample for this route (not by-year),US carriers' airborne time on US-touching international segments
ICN,SFO,US,222,-29.796499999999945,22.71460215053762,6,full 1990-2025 sample for this route (not by-year),US carriers' airborne time on US-touching international segments
IND,CUN,US,247,-12.893173076923073,12.997094017094017,6,full 1990-2025 sample for this route (not by-year),US carriers' airborne time on US-touching international segments
IST,JFK,US,171,-26.285416666666627,28.97267543859659,4,full 1990-2025 sample for this route (not by-year),US carriers' airborne time on US-touching international segments
JAX,MHH,US,17,-2.6246666666666676,11.314230769230774,2,full 1990-2025 sample for this route (not by-year),US carriers' airborne time on US-touching international segments
JFK,ACC,US,195,-17.880749510037628,10.556978609625602,4,full 1990-2025 sample for this route (not by-year),US carriers' airborne time on US-touching international segments
JFK,AGP,US,38,-12.827169401999639,17.101612903225817,2,full 1990-2025 sample for this route (not by-year),US carriers' airborne time on US-touching international segments
JFK,AMM,US,12,-7.213940422322719,31.70766911764705,2,full 1990-2025 sample for this route (not by-year),US carriers' airborne time on US-touching international segments
JFK,AMS,US,383,-23.531092590776897,22.562056244830437,8,full 1990-2025 sample for this route (not by-year),US carriers' airborne time on US-touching international segments
JFK,ANU,US,154,-12.335417710944034,10.259857142857143,4,full 1990-2025 sample for this route (not by-year),US carriers' airborne time on US-touching international segments
JFK,ARN,US,83,-18.666750232504057,23.53281874039938,2,full 1990-2025 sample for this route (not by-year),US carriers' airborne time on US-touching international segments
JFK,ATH,US,295,-18.847186379928342,26.16911012942724,6,full 1990-2025 sample for this route (not by-year),US carriers' airborne time on US-touching international segments
JFK,AUA,US,385,-8.468024193548382,10.080243962629964,8,full 1990-2025 sample for this route (not by-year),US carriers' airborne time on US-touching international segments
JFK,AZS,US,18,-9.153124999999989,9.302569444444437,2,full 1990-2025 sample for this route (not by-year),US carriers' airborne time on US-touching international segments
JFK,BCN,US,279,-21.497699079631854,21.854385069817365,6,full 1990-2025 sample for this route (not by-year),US carriers' airborne time on US-touching international segments
JFK,BDA,US,384,-4.65772526975512,5.397613561067236,8,full 1990-2025 sample for this route (not by-year),US carriers' airborne time on US-touching international segments
JFK,BER,US,6,-11.767442528735629,5.304239247311839,2,full 1990-2025 sample for this route (not by-year),US carriers' airborne time on US-touching international segments
JFK,BFS,US,4,-10.906475108225058,29.44865759240758,2,full 1990-2025 sample for this route (not by-year),US carriers' airborne time on US-touching international segments
JFK,BGI,US,369,-10.037482401656314,11.549051808406656,8,full 1990-2025 sample for this route (not by-year),US carriers' airborne time on US-touching international segments
JFK,BOG,US,79,-12.025999999999975,14.224645909645925,2,full 1990-2025 sample for this route (not by-year),US carriers' airborne time on US-touching international segments
JFK,BRU,US,358,-23.320024415780882,26.53285335354301,8,full 1990-2025 sample for this route (not by-year),US carriers' airborne time on US-touching international segments
JFK,BUD,US,57,-22.074142857142864,27.96875213675215,2,full 1990-2025 sample for this route (not by-year),US carriers' airborne time on US-touching international segments
JFK,BZE,US,1,-4.538636363636385,-4.538636363636385,0,full 1990-2025 sample for this route (not by-year),US carriers' airborne time on US-touching international segments
JFK,CAI,US,71,-20.62377622377621,30.83921568627448,2,full 1990-2025 sample for this route (not by-year),US carriers' airborne time on US-touching international segments
JFK,CCS,US,256,-7.488333333333342,13.488859649122814,6,full 1990-2025 sample for this route (not by-year),US carriers' airborne time on US-touching international segments
JFK,CDG,US,386,-21.476345402895525,31.134907067742756,8,full 1990-2025 sample for this route (not by-year),US carriers' airborne time on US-touching international segments
JFK,CPH,US,110,-18.02800000000001,26.815181109002737,4,full 1990-2025 sample for this route (not by-year),US carriers' airborne time on US-touching international segments
JFK,CTG,US,108,-12.220994789524228,11.191002331002323,4,full 1990-2025 sample for this route (not by-year),US carriers' airborne time on US-touching international segments
JFK,CUN,US,263,-12.241802280781195,13.787889087537259,6,full 1990-2025 sample for this route (not by-year),US carriers' airborne time on US-touching international segments
JFK,CUR,US,77,-6.112057712402539,8.680320512820492,2,full 1990-2025 sample for this route (not by-year),US carriers' airborne time on US-touching international segments
JFK,DEL,US,24,-31.12366666666669,19.691761904761883,2,full 1990-2025 sample for this route (not by-year),US carriers' airborne time on US-touching international segments
JFK,DKR,US,91,-10.446666666666648,9.348076923076857,2,full 1990-2025 sample for this route (not by-year),US carriers' airborne time on US-touching international segments
JFK,DSS,US,50,-15.155416666666664,21.44674999999996,2,full 1990-2025 sample for this route (not by-year),US carriers' airborne time on US-touching international segments
JFK,DUB,US,182,-18.228415673211803,27.69158333333333,4,full 1990-2025 sample for this route (not by-year),US carriers' airborne time on US-touching international segments
JFK,EDI,US,43,-18.801429378531076,12.44368347338933,2,full 1990-2025 sample for this route (not by-year),US carriers' airborne time on US-touching international segments
JFK,EZE,US,334,-32.14164627363742,18.370639693821747,8,full 1990-2025 sample for this route (not by-year),US carriers' airborne time on US-touching international segments
JFK,FBU,US,22,-15.381871456500482,11.286932959201351,2,full 1990-2025 sample for this route (not by-year),US carriers' airborne time on US-touching international segments
JFK,FCO,US,363,-21.669169479267133,25.60804488273348,8,full 1990-2025 sample for this route (not by-year),US carriers' airborne time on US-touching international segments
JFK,FRA,US,368,-22.692933467741934,25.909188693293768,8,full 1990-2025 sample for this route (not by-year),US carriers' airborne time on US-touching international segments
JFK,GCM,US,101,-9.524137931034488,14.525000000000006,2,full 1990-2025 sample for this route (not by-year),US carriers' airborne time on US-touching international segments
JFK,GEO,US,157,-94.6207086247086,183.1315555555555,4,full 1990-2025 sample for this route (not by-year),US carriers' airborne time on US-touching international segments
JFK,GIG,US,162,-25.57819480519479,27.605574500768046,4,full 1990-2025 sample for this route (not by-year),US carriers' airborne time on US-touching international segments
JFK,GLA,US,5,-9.77603940886694,7.229032258064503,2,full 1990-2025 sample for this route (not by-year),US carriers' airborne time on US-touching international segments
JFK,GND,US,115,-10.53150000000001,10.324972527472541,4,full 1990-2025 sample for this route (not by-year),US carriers' airborne time on US-touching international segments
JFK,GRU,US,377,-31.63083776144716,25.53646236559148,8,full 1990-2025 sample for this route (not by-year),US carriers' airborne time on US-touching international segments
JFK,GUA,US,25,-18.363540600667434,15.168142857142863,2,full 1990-2025 sample for this route (not by-year),US carriers' airborne time on US-touching international segments
JFK,GVA,US,7,-12.38126227795193,15.299655224703615,2,full 1990-2025 sample for this route (not by-year),US carriers' airborne time on US-touching international segments
JFK,GYE,US,26,-19.340999096669506,4.89218675512474,2,full 1990-2025 sample for this route (not by-year),US carriers' airborne time on US-touching international segments
JFK,HAM,US,6,-35.36240790459544,20.75284123770965,2,full 1990-2025 sample for this route (not by-year),US carriers' airborne time on US-touching international segments
JFK,HAV,US,21,-11.409176863181324,4.798949964981694,2,full 1990-2025 sample for this route (not by-year),US carriers' airborne time on US-touching international segments
JFK,HEL,US,36,-28.771381578947363,13.262461149961142,2,full 1990-2025 sample for this route (not by-year),US carriers' airborne time on US-touching international segments
JFK,HND,US,2,-9.506812754912891,-0.6905917686317151,2,full 1990-2025 sample for this route (not by-year),US carriers' airborne time on US-touching international segments
JFK,IST,US,172,-25.520150537634425,23.318232526881697,4,full 1990-2025 sample for this route (not by-year),US carriers' airborne time on US-touching international segments
JFK,KBP,US,21,-14.922504456328022,25.739723320158145,2,full 1990-2025 sample for this route (not by-year),US carriers' airborne time on US-touching international segments
JFK,KEF,US,58,-13.997474747474747,13.848485230503032,2,full 1990-2025 sample for this route (not by-year),US carriers' airborne time on US-touching international segments
JFK,KIN,US,240,-12.580232534226433,13.01151299283151,6,full 1990-2025 sample for this route (not by-year),US carriers' airborne time on US-touching international segments
JFK,LGW,US,15,-16.522852764094175,11.716468298109,2,full 1990-2025 sample for this route (not by-year),US carriers' airborne time on US-touching international segments
JFK,LHR,US,388,-19.824140218450044,24.462298670526387,8,full 1990-2025 sample for this route (not by-year),US carriers' airborne time on US-touching international segments
JFK,LIR,US,117,-15.428282828282846,16.086000000000038,4,full 1990-2025 sample for this route (not by-year),US carriers' airborne time on US-touching international segments
JFK,LIS,US,140,-18.17269267997581,22.369352008456637,4,full 1990-2025 sample for this route (not by-year),US carriers' airborne time on US-touching international segments
JFK,LOS,US,5,-13.35102897102896,6.816465201465271,2,full 1990-2025 sample for this route (not by-year),US carriers' airborne time on US-touching international segments
JFK,LRM,US,76,-10.656250000000007,14.37896825396826,2,full 1990-2025 sample for this route (not by-year),US carriers' airborne time on US-touching international segments
JFK,MAD,US,361,-23.989097274318624,25.763709677419342,8,full 1990-2025 sample for this route (not by-year),US carriers' airborne time on US-touching international segments
JFK,MAN,US,163,-22.375860119047612,34.12303333333328,4,full 1990-2025 sample for this route (not by-year),US carriers' airborne time on US-touching international segments
JFK,MBJ,US,384,-11.57631259600614,12.427844086021505,8,full 1990-2025 sample for this route (not by-year),US carriers' airborne time on US-touching international segments
JFK,MEX,US,384,-12.316270353302622,19.475896057347676,8,full 1990-2025 sample for this route (not by-year),US carriers' airborne time on US-touching international segments
JFK,MUC,US,117,-32.847700737444846,27.969653874675554,4,full 1990-2025 sample for this route (not by-year),US carriers' airborne time on US-touching international segments
JFK,MXP,US,374,-25.684874193548378,26.22718112036939,8,full 1990-2025 sample for this route (not by-year),US carriers' airborne time on US-touching international segments
JFK,NAS,US,257,-9.28612103552821,9.43253250715074,6,full 1990-2025 sample for this route (not by-year),US carriers' airborne time on US-touching international segments
JFK,NCE,US,325,-25.43563133640554,25.80527188940094,8,full 1990-2025 sample for this route (not by-year),US carriers' airborne time on US-touching international segments
JFK,NRT,US,297,-20.739407548972753,26.099268817204262,6,full 1990-2025 sample for this route (not by-year),US carriers' airborne time on US-touching international segments
JFK,ORY,US,93,-19.92910645379379,24.350612262783564,2,full 1990-2025 sample for this route (not by-year),US carriers' airborne time on US-touching international segments
JFK,OSA,US,8,-3.1579450549450905,20.18384615384617,2,full 1990-2025 sample for this route (not by-year),US carriers' airborne time on US-touching international segments
JFK,OTP,US,3,-11.281341503268019,-2.4024934640522746,2,full 1990-2025 sample for this route (not by-year),US carriers' airborne time on US-touching international segments
JFK,PAP,US,361,-10.12641253324266,13.408444243928098,8,full 1990-2025 sample for this route (not by-year),US carriers' airborne time on US-touching international segments
JFK,PLS,US,260,-9.399546067631452,12.873989898989905,6,full 1990-2025 sample for this route (not by-year),US carriers' airborne time on US-touching international segments
JFK,POP,US,349,-9.513679653679668,10.051999999999996,8,full 1990-2025 sample for this route (not by-year),US carriers' airborne time on US-touching international segments
JFK,POS,US,87,-7.846202797202782,10.324835971757755,2,full 1990-2025 sample for this route (not by-year),US carriers' airborne time on US-touching international segments
JFK,PRG,US,69,-27.90065424430642,13.217392340695957,2,full 1990-2025 sample for this route (not by-year),US carriers' airborne time on US-touching international segments
JFK,PSA,US,32,-14.447053921568608,20.286777777777807,2,full 1990-2025 sample for this route (not by-year),US carriers' airborne time on US-touching international segments
JFK,PTP,US,4,-10.020782967032952,1.8947756410256489,2,full 1990-2025 sample for this route (not by-year),US carriers' airborne time on US-touching international segments
JFK,PUJ,US,250,-10.19884159215102,12.29876028921024,6,full 1990-2025 sample for this route (not by-year),US carriers' airborne time on US-touching international segments
JFK,PVR,US,26,-9.087500000000006,17.837500000000006,2,full 1990-2025 sample for this route (not by-year),US carriers' airborne time on US-touching international segments
JFK,SDQ,US,386,-9.340873015873019,11.372756896928022,8,full 1990-2025 sample for this route (not by-year),US carriers' airborne time on US-touching international segments
JFK,SJD,US,27,-28.08322580645161,17.377499999999994,2,full 1990-2025 sample for this route (not by-year),US carriers' airborne time on US-touching international segments
JFK,SJO,US,47,-17.2799262672811,22.694512605041997,2,full 1990-2025 sample for this route (not by-year),US carriers' airborne time on US-touching international segments
JFK,SKB,US,113,-17.776666666666667,14.212698412698417,4,full 1990-2025 sample for this route (not by-year),US carriers' airborne time on US-touching international segments
JFK,SNN,US,78,-17.210500770734658,31.885941176470578,2,full 1990-2025 sample for this route (not by-year),US carriers' airborne time on US-touching international segments
JFK,STI,US,236,-8.524331351290803,8.2443785719987,6,full 1990-2025 sample for this route (not by-year),US carriers' airborne time on US-touching international segments
JFK,STN,US,9,-30.80089519512581,6.510992822966479,2,full 1990-2025 sample for this route (not by-year),US carriers' airborne time on US-touching international segments
JFK,STR,US,1,8.133333333333326,8.133333333333326,0,full 1990-2025 sample for this route (not by-year),US carriers' airborne time on US-touching international segments
JFK,SVO,US,294,-21.5987356321839,29.23740229885056,6,full 1990-2025 sample for this route (not by-year),US carriers' airborne time on US-touching international segments
JFK,SXM,US,377,-9.975973577708514,10.797688751926055,8,full 1990-2025 sample for this route (not by-year),US carriers' airborne time on US-touching international segments
JFK,TLV,US,264,-37.16276418242488,27.664804254831587,6,full 1990-2025 sample for this route (not by-year),US carriers' airborne time on US-touching international segments
JFK,TXL,US,120,-24.851279569892466,27.033122607532338,4,full 1990-2025 sample for this route (not by-year),US carriers' airborne time on US-touching international segments
JFK,UVF,US,167,-10.699901226643822,7.558229166666662,4,full 1990-2025 sample for this route (not by-year),US carriers' airborne time on US-touching international segments
JFK,VCE,US,199,-18.326937111885307,22.057656565656586,4,full 1990-2025 sample for this route (not by-year),US carriers' airborne time on US-touching international segments
JFK,VIE,US,25,-25.9825,26.660994397759097,2,full 1990-2025 sample for this route (not by-year),US carriers' airborne time on US-touching international segments
JFK,VLC,US,6,-8.619705882352957,4.231711601307183,2,full 1990-2025 sample for this route (not by-year),US carriers' airborne time on US-touching international segments
JFK,YHZ,US,76,-3.2360355577336684,5.8049880634729725,2,full 1990-2025 sample for this route (not by-year),US carriers' airborne time on US-touching international segments
JFK,YOW,US,29,-4.619037025266169,3.8889578163771654,2,full 1990-2025 sample for this route (not by-year),US carriers' airborne time on US-touching international segments
JFK,YQB,US,24,-5.057451522204327,1.8666850273966544,2,full 1990-2025 sample for this route (not by-year),US carriers' airborne time on US-touching international segments
JFK,YUL,US,258,-27.90558507060676,31.34117537913891,6,full 1990-2025 sample for this route (not by-year),US carriers' airborne time on US-touching international segments
JFK,YVR,US,68,-12.820614880731698,23.35227339901477,2,full 1990-2025 sample for this route (not by-year),US carriers' airborne time on US-touching international segments
JFK,YYG,US,11,-23.1855870279146,3.132741935483863,2,full 1990-2025 sample for this route (not by-year),US carriers' airborne time on US-touching international segments
JFK,YYZ,US,237,-4.382862317977235,5.738593502308149,6,full 1990-2025 sample for this route (not by-year),US carriers' airborne time on US-touching international segments
JFK,ZRH,US,298,-23.93748662636766,26.936321536400992,6,full 1990-2025 sample for this route (not by-year),US carriers' airborne time on US-touching international segments
JNB,ATL,US,139,-20.816099369670024,16.97416243526582,4,full 1990-2025 sample for this route (not by-year),US carriers' airborne time on US-touching international segments
JNB,EWR,US,24,-17.200004918015935,17.586589655172446,2,full 1990-2025 sample for this route (not by-year),US carriers' airborne time on US-touching international segments
JON,MAJ,US,143,-8.5254700854701,10.257777777777791,4,full 1990-2025 sample for this route (not by-year),US carriers' airborne time on US-touching international segments
KBP,JFK,US,21,-15.11822341057632,14.140952380952381,2,full 1990-2025 sample for this route (not by-year),US carriers' airborne time on US-touching international segments
KEF,DTW,US,6,-8.646360930735886,3.169204439351438,2,full 1990-2025 sample for this route (not by-year),US carriers' airborne time on US-touching international segments
KEF,EWR,US,9,-11.913419354838757,1.0200704241994731,2,full 1990-2025 sample for this route (not by-year),US carriers' airborne time on US-touching international segments
KEF,JFK,US,58,-16.82693852921274,19.017865056090876,2,full 1990-2025 sample for this route (not by-year),US carriers' airborne time on US-touching international segments
KEF,MSP,US,20,-8.954065476190456,12.403797101449301,2,full 1990-2025 sample for this route (not by-year),US carriers' airborne time on US-touching international segments
KEF,ORD,US,9,-9.872432905741048,1.7992437876299867,2,full 1990-2025 sample for this route (not by-year),US carriers' airborne time on US-touching international segments
KEH,YBL,US,4,-16.098201058201045,52.20064935064935,2,full 1990-2025 sample for this route (not by-year),US carriers' airborne time on US-touching international segments
KEH,YCF,US,8,-20.981923076923078,28.414375,2,full 1990-2025 sample for this route (not by-year),US carriers' airborne time on US-touching international segments
KEH,YDS,US,6,7.238942307692295,57.01094399881165,2,full 1990-2025 sample for this route (not by-year),US carriers' airborne time on US-touching international segments
KEH,YHH,US,11,-26.64034090909091,9.31607142857143,2,full 1990-2025 sample for this route (not by-year),US carriers' airborne time on US-touching international segments
KEH,YIG,US,5,-6.595054945054927,3.7848484848484802,2,full 1990-2025 sample for this route (not by-year),US carriers' airborne time on US-touching international segments
KEH,YMP,US,3,-17.798050682261206,26.493094828574694,2,full 1990-2025 sample for this route (not by-year),US carriers' airborne time on US-touching international segments
KEH,YPW,US,8,-16.022377597402595,18.714399999999998,2,full 1990-2025 sample for this route (not by-year),US carriers' airborne time on US-touching international segments
KEH,YTG,US,5,-45.6,28.799999999999997,2,full 1990-2025 sample for this route (not by-year),US carriers' airborne time on US-touching international segments
KEH,YWH,US,31,-30.756457281457287,7.241298076923073,2,full 1990-2025 sample for this route (not by-year),US carriers' airborne time on US-touching international segments
KEH,YZT,US,2,7.97159092584402,82.70762549756745,2,full 1990-2025 sample for this route (not by-year),US carriers' airborne time on US-touching international segments
KEH,ZNA,US,15,-21.835899572649573,28.90021851851852,2,full 1990-2025 sample for this route (not by-year),US carriers' airborne time on US-touching international segments
KHH,GUM,US,16,-12.102777777777773,13.374166666666667,2,full 1990-2025 sample for this route (not by-year),US carriers' airborne time on US-touching international segments
KIJ,GUM,US,169,-7.386666666666673,9.729999999999993,4,full 1990-2025 sample for this route (not by-year),US carriers' airborne time on US-touching international segments
KIN,ATL,US,125,-8.293674339300923,6.839189633895514,4,full 1990-2025 sample for this route (not by-year),US carriers' airborne time on US-touching international segments
KIN,EWR,US,8,-4.386422267025079,7.746386446886469,2,full 1990-2025 sample for this route (not by-year),US carriers' airborne time on US-touching international segments
KIN,FLL,US,206,-7.696004689754688,4.982521566289001,6,full 1990-2025 sample for this route (not by-year),US carriers' airborne time on US-touching international segments
KIN,JFK,US,310,-9.89006935187868,8.810435781097294,8,full 1990-2025 sample for this route (not by-year),US carriers' airborne time on US-touching international segments
KIN,MIA,US,386,-3.2962149435489656,3.7527353504600938,8,full 1990-2025 sample for this route (not by-year),US carriers' airborne time on US-touching international segments
KIX,DFW,US,14,-93.06210116199588,349.05824014336923,2,full 1990-2025 sample for this route (not by-year),US carriers' airborne time on US-touching international segments
KIX,DTW,US,150,-23.169392658509494,16.545953930292892,4,full 1990-2025 sample for this route (not by-year),US carriers' airborne time on US-touching international segments
KIX,GUM,US,253,-5.24013915243516,6.774989848860806,6,full 1990-2025 sample for this route (not by-year),US carriers' airborne time on US-touching international segments
KIX,HNL,US,324,-30.335992921427827,87.93709677419336,8,full 1990-2025 sample for this route (not by-year),US carriers' airborne time on US-touching international segments
KIX,LAX,US,61,-24.712770065183804,15.793763440860175,2,full 1990-2025 sample for this route (not by-year),US carriers' airborne time on US-touching international segments
KIX,MSP,US,7,-21.0066875522138,0.0888571428571813,2,full 1990-2025 sample for this route (not by-year),US carriers' airborne time on US-touching international segments
KIX,ORD,US,8,-13.31816772910067,35.06147701149422,2,full 1990-2025 sample for this route (not by-year),US carriers' airborne time on US-touching international segments
KIX,SEA,US,74,-18.930770161290322,13.419059499661875,2,full 1990-2025 sample for this route (not by-year),US carriers' airborne time on US-touching international segments
KIX,SFO,US,295,-21.996990147783286,42.63876394061035,6,full 1990-2025 sample for this route (not by-year),US carriers' airborne time on US-touching international segments
KIX,SPN,US,39,-6.515308823529415,8.106349924585214,2,full 1990-2025 sample for this route (not by-year),US carriers' airborne time on US-touching international segments
KOA,HND,US,16,-18.881818181818204,29.749999999999993,2,full 1990-2025 sample for this route (not by-year),US carriers' airborne time on US-touching international segments
KWA,HNL,US,4,-8.823902777777754,7.788125,2,full 1990-2025 sample for this route (not by-year),US carriers' airborne time on US-touching international segments
KWI,IAD,US,87,-30.60165898617518,77.50091176470589,2,full 1990-2025 sample for this route (not by-year),US carriers' airborne time on US-touching international segments
LAN,CUN,US,8,-6.098345022624429,10.763653846153836,2,full 1990-2025 sample for this route (not by-year),US carriers' airborne time on US-touching international segments
LAP,LAX,US,55,-12.688160910297142,32.07021978021979,2,full 1990-2025 sample for this route (not by-year),US carriers' airborne time on US-touching international segments
LAS,MEX,US,19,-7.0287668418537885,4.874081610146111,2,full 1990-2025 sample for this route (not by-year),US carriers' airborne time on US-touching international segments
LAS,NRT,US,11,-24.703888888888912,36.51615384615379,2,full 1990-2025 sample for this route (not by-year),US carriers' airborne time on US-touching international segments
LAS,PVR,US,19,-33.368129032258054,18.439999999999998,2,full 1990-2025 sample for this route (not by-year),US carriers' airborne time on US-touching international segments
LAS,SJD,US,22,-21.43572296015181,161.03196774193532,2,full 1990-2025 sample for this route (not by-year),US carriers' airborne time on US-touching international segments
LAS,YEG,US,41,-13.926240694789072,28.7942839418646,2,full 1990-2025 sample for this route (not by-year),US carriers' airborne time on US-touching international segments
LAS,YVR,US,142,-17.971989779623126,23.304939364721978,4,full 1990-2025 sample for this route (not by-year),US carriers' airborne time on US-touching international segments
LAS,YYC,US,37,-5.8696315449256655,10.695704301075265,2,full 1990-2025 sample for this route (not by-year),US carriers' airborne time on US-touching international segments
LAS,YYZ,US,57,-11.942297435897435,19.566304147465367,2,full 1990-2025 sample for this route (not by-year),US carriers' airborne time on US-touching international segments
LAX,ACA,US,67,-9.600857142857134,13.608467741935492,2,full 1990-2025 sample for this route (not by-year),US carriers' airborne time on US-touching international segments
LAX,AGU,US,4,-6.710260419418086,0.1993145202020184,2,full 1990-2025 sample for this route (not by-year),US carriers' airborne time on US-touching international segments
LAX,AKL,US,131,-21.80798408488065,24.403719656239748,4,full 1990-2025 sample for this route (not by-year),US carriers' airborne time on US-touching international segments
LAX,BJX,US,86,-21.098123543123545,14.06922392824571,2,full 1990-2025 sample for this route (not by-year),US carriers' airborne time on US-touching international segments
LAX,BNE,US,1,5.353479853479826,5.353479853479826,0,full 1990-2025 sample for this route (not by-year),US carriers' airborne time on US-touching international segments
LAX,BZE,US,71,-10.486764934840286,11.116136363636349,2,full 1990-2025 sample for this route (not by-year),US carriers' airborne time on US-touching international segments
LAX,CDG,US,41,-22.492169076751928,30.157850195781297,2,full 1990-2025 sample for this route (not by-year),US carriers' airborne time on US-touching international segments
LAX,CUN,US,249,-15.748606060606043,33.1846666666667,6,full 1990-2025 sample for this route (not by-year),US carriers' airborne time on US-touching international segments
LAX,DGO,US,21,-16.825,5.850000000000005,2,full 1990-2025 sample for this route (not by-year),US carriers' airborne time on US-touching international segments
LAX,FRA,US,37,-18.850614121510745,23.571620689655145,2,full 1990-2025 sample for this route (not by-year),US carriers' airborne time on US-touching international segments
LAX,GDL,US,388,-7.859949359713088,9.614639890576473,8,full 1990-2025 sample for this route (not by-year),US carriers' airborne time on US-touching international segments
LAX,GRU,US,52,-19.448817204301104,14.69970320558193,2,full 1990-2025 sample for this route (not by-year),US carriers' airborne time on US-touching international segments
LAX,GUA,US,376,-10.164289212485322,10.881787330316733,8,full 1990-2025 sample for this route (not by-year),US carriers' airborne time on US-touching international segments
LAX,HKG,US,102,-22.527389608636966,20.095491228070085,4,full 1990-2025 sample for this route (not by-year),US carriers' airborne time on US-touching international segments
LAX,HND,US,103,-32.67402961396086,27.487927512050398,4,full 1990-2025 sample for this route (not by-year),US carriers' airborne time on US-touching international segments
LAX,KIX,US,61,-13.877690014903077,16.1243102102345,2,full 1990-2025 sample for this route (not by-year),US carriers' airborne time on US-touching international segments
LAX,LAP,US,54,-12.402465423858246,45.05975641025639,2,full 1990-2025 sample for this route (not by-year),US carriers' airborne time on US-touching international segments
LAX,LHR,US,383,-22.01581720430105,24.500407709624525,8,full 1990-2025 sample for this route (not by-year),US carriers' airborne time on US-touching international segments
LAX,LIR,US,94,-10.559861111111108,16.132649831649772,2,full 1990-2025 sample for this route (not by-year),US carriers' airborne time on US-touching international segments
LAX,LTO,US,203,-21.568830645161295,26.15523755656107,6,full 1990-2025 sample for this route (not by-year),US carriers' airborne time on US-touching international segments
LAX,MBJ,US,8,-3.2254999999999985,11.049499999999997,2,full 1990-2025 sample for this route (not by-year),US carriers' airborne time on US-touching international segments
LAX,MEL,US,56,-13.262198097601356,18.160700992555846,2,full 1990-2025 sample for this route (not by-year),US carriers' airborne time on US-touching international segments
LAX,MEX,US,385,-8.296830608615851,8.29185755336616,8,full 1990-2025 sample for this route (not by-year),US carriers' airborne time on US-touching international segments
LAX,MLM,US,4,-0.4852008861236837,6.449367307692337,2,full 1990-2025 sample for this route (not by-year),US carriers' airborne time on US-touching international segments
LAX,MTY,US,10,-4.586681497960709,2.4527293470992766,2,full 1990-2025 sample for this route (not by-year),US carriers' airborne time on US-touching international segments
LAX,MZT,US,387,-5.720256290773525,9.131638528138511,8,full 1990-2025 sample for this route (not by-year),US carriers' airborne time on US-touching international segments
LAX,NAN,US,2,-41.86183333333329,-23.421499999999902,2,full 1990-2025 sample for this route (not by-year),US carriers' airborne time on US-touching international segments
LAX,NRT,US,379,-23.53582417582416,22.478778334645583,8,full 1990-2025 sample for this route (not by-year),US carriers' airborne time on US-touching international segments
LAX,OSA,US,32,-17.521361065405205,13.35695652173912,2,full 1990-2025 sample for this route (not by-year),US carriers' airborne time on US-touching international segments
LAX,PEK,US,3,0.23062812811953562,11.349522084367301,2,full 1990-2025 sample for this route (not by-year),US carriers' airborne time on US-touching international segments
LAX,PPT,US,4,-3.4236864801865523,15.066978021977993,2,full 1990-2025 sample for this route (not by-year),US carriers' airborne time on US-touching international segments
LAX,PVG,US,82,-22.039096870118705,12.119224308067293,2,full 1990-2025 sample for this route (not by-year),US carriers' airborne time on US-touching international segments
LAX,PVR,US,388,-6.555351966873706,8.876066586165264,8,full 1990-2025 sample for this route (not by-year),US carriers' airborne time on US-touching international segments
LAX,SAL,US,251,-13.555682239525396,8.897124739158897,6,full 1990-2025 sample for this route (not by-year),US carriers' airborne time on US-touching international segments
LAX,SEL,US,20,-29.749910464241314,11.618577956989242,2,full 1990-2025 sample for this route (not by-year),US carriers' airborne time on US-touching international segments
LAX,SJD,US,388,-5.3163918155443675,5.968533188766064,8,full 1990-2025 sample for this route (not by-year),US carriers' airborne time on US-touching international segments
LAX,SJO,US,107,-7.250028831767284,9.276303030302993,4,full 1990-2025 sample for this route (not by-year),US carriers' airborne time on US-touching international segments
LAX,SYD,US,387,-16.65725080126837,20.637646231217353,8,full 1990-2025 sample for this route (not by-year),US carriers' airborne time on US-touching international segments
LAX,TPE,US,13,-15.424051282051309,37.81179487179481,2,full 1990-2025 sample for this route (not by-year),US carriers' airborne time on US-touching international segments
LAX,YLW,US,1,16.626923076923077,16.626923076923077,0,full 1990-2025 sample for this route (not by-year),US carriers' airborne time on US-touching international segments
LAX,YVR,US,368,-7.817632389406573,11.55471852402427,8,full 1990-2025 sample for this route (not by-year),US carriers' airborne time on US-touching international segments
LAX,YYC,US,87,-8.90064738598444,37.99606451612914,2,full 1990-2025 sample for this route (not by-year),US carriers' airborne time on US-touching international segments
LAX,YYZ,US,197,-10.02236559139785,9.452857142857127,4,full 1990-2025 sample for this route (not by-year),US carriers' airborne time on US-touching international segments
LAX,ZIH,US,351,-8.653183023872671,12.447916666666671,8,full 1990-2025 sample for this route (not by-year),US carriers' airborne time on US-touching international segments
LAX,ZLO,US,259,-9.721980676328492,10.107692307692282,6,full 1990-2025 sample for this route (not by-year),US carriers' airborne time on US-touching international segments
LGA,AUA,US,59,-19.753250000000005,14.399500000000009,2,full 1990-2025 sample for this route (not by-year),US carriers' airborne time on US-touching international segments
LGA,BDA,US,89,-5.225369458128086,7.908052898282048,2,full 1990-2025 sample for this route (not by-year),US carriers' airborne time on US-touching international segments
LGA,FPO,US,53,-10.914000000000009,15.895999999999995,2,full 1990-2025 sample for this route (not by-year),US carriers' airborne time on US-touching international segments
LGA,NAS,US,252,-8.485209283819628,18.02287272727275,6,full 1990-2025 sample for this route (not by-year),US carriers' airborne time on US-touching international segments
LGA,YHZ,US,20,-7.302378090588164,5.6854004820170445,2,full 1990-2025 sample for this route (not by-year),US carriers' airborne time on US-touching international segments
LGA,YOW,US,12,0.8729128361031941,4.467423466896334,2,full 1990-2025 sample for this route (not by-year),US carriers' airborne time on US-touching international segments
LGA,YUL,US,278,-19.87797187681257,14.388731488213677,6,full 1990-2025 sample for this route (not by-year),US carriers' airborne time on US-touching international segments
LGA,YYZ,US,371,-4.091546504250281,5.5185002982511255,8,full 1990-2025 sample for this route (not by-year),US carriers' airborne time on US-touching international segments
LGW,ATL,US,244,-23.517612551958333,25.497532683503216,6,full 1990-2025 sample for this route (not by-year),US carriers' airborne time on US-touching international segments
LGW,BOS,US,59,-18.954967741935484,22.422076612903233,2,full 1990-2025 sample for this route (not by-year),US carriers' airborne time on US-touching international segments
LGW,BWI,US,20,-32.65945451127818,16.199108896850273,2,full 1990-2025 sample for this route (not by-year),US carriers' airborne time on US-touching international segments
LGW,CLE,US,45,-13.365526519894171,17.924880131362887,2,full 1990-2025 sample for this route (not by-year),US carriers' airborne time on US-touching international segments
LGW,CLT,US,167,-24.801693778145392,23.7958406165581,4,full 1990-2025 sample for this route (not by-year),US carriers' airborne time on US-touching international segments
LGW,CVG,US,212,-21.48176190476192,27.722764430971296,6,full 1990-2025 sample for this route (not by-year),US carriers' airborne time on US-touching international segments
LGW,DEN,US,39,-31.010915750915803,14.084478178368078,2,full 1990-2025 sample for this route (not by-year),US carriers' airborne time on US-touching international segments
LGW,DFW,US,196,-23.32241121872474,36.37052603025811,4,full 1990-2025 sample for this route (not by-year),US carriers' airborne time on US-touching international segments
LGW,DTW,US,189,-32.04356521739132,25.528951152073756,4,full 1990-2025 sample for this route (not by-year),US carriers' airborne time on US-touching international segments
LGW,EWR,US,202,-25.544639784946213,25.670391396852917,6,full 1990-2025 sample for this route (not by-year),US carriers' airborne time on US-touching international segments
LGW,IAH,US,202,-23.919623188405858,23.664120042305683,6,full 1990-2025 sample for this route (not by-year),US carriers' airborne time on US-touching international segments
LGW,JFK,US,15,-18.08240445733353,7.9369017222117675,2,full 1990-2025 sample for this route (not by-year),US carriers' airborne time on US-touching international segments
LGW,MIA,US,33,-39.8716344086022,17.56901075268816,2,full 1990-2025 sample for this route (not by-year),US carriers' airborne time on US-touching international segments
LGW,MSP,US,191,-17.181935483870994,21.52155212716222,4,full 1990-2025 sample for this route (not by-year),US carriers' airborne time on US-touching international segments
LGW,PHL,US,114,-18.440072899580787,27.732903225806467,4,full 1990-2025 sample for this route (not by-year),US carriers' airborne time on US-touching international segments
LGW,PIT,US,19,-10.77553763440861,12.802563488752908,2,full 1990-2025 sample for this route (not by-year),US carriers' airborne time on US-touching international segments
LGW,RDU,US,143,-27.821010752688156,24.101354679802952,4,full 1990-2025 sample for this route (not by-year),US carriers' airborne time on US-touching international segments
LGW,STL,US,142,-36.71707916814369,35.151333333333284,4,full 1990-2025 sample for this route (not by-year),US carriers' airborne time on US-touching international segments
LHR,ATL,US,168,-20.883928297055114,19.407291614891474,4,full 1990-2025 sample for this route (not by-year),US carriers' airborne time on US-touching international segments
LHR,BOS,US,376,-25.91344382745757,29.65595238095237,8,full 1990-2025 sample for this route (not by-year),US carriers' airborne time on US-touching international segments
LHR,CLT,US,101,-29.444354838709728,19.283183500793257,2,full 1990-2025 sample for this route (not by-year),US carriers' airborne time on US-touching international segments
LHR,DEN,US,27,-11.129977011494278,19.183139784946206,2,full 1990-2025 sample for this route (not by-year),US carriers' airborne time on US-touching international segments
LHR,DFW,US,169,-21.52826958105647,24.74190308486696,4,full 1990-2025 sample for this route (not by-year),US carriers' airborne time on US-touching international segments
LHR,DTW,US,152,-21.122307489056386,24.953352969348714,4,full 1990-2025 sample for this route (not by-year),US carriers' airborne time on US-touching international segments
LHR,EWR,US,296,-39.38772749042146,29.02500801266942,6,full 1990-2025 sample for this route (not by-year),US carriers' airborne time on US-touching international segments
LHR,IAD,US,385,-29.27299787384832,25.05209193074813,8,full 1990-2025 sample for this route (not by-year),US carriers' airborne time on US-touching international segments
LHR,IAH,US,154,-23.90715237304752,32.88697678707335,4,full 1990-2025 sample for this route (not by-year),US carriers' airborne time on US-touching international segments
LHR,JFK,US,387,-27.09505697929075,24.326884460932877,8,full 1990-2025 sample for this route (not by-year),US carriers' airborne time on US-touching international segments
LHR,LAX,US,383,-25.95578203083464,24.68085636486781,8,full 1990-2025 sample for this route (not by-year),US carriers' airborne time on US-touching international segments
LHR,MIA,US,387,-43.12766129032256,32.681421023359235,8,full 1990-2025 sample for this route (not by-year),US carriers' airborne time on US-touching international segments
LHR,MSP,US,141,-17.02791256157635,27.65067352002838,4,full 1990-2025 sample for this route (not by-year),US carriers' airborne time on US-touching international segments
LHR,ORD,US,386,-22.97997416604047,23.42594789132196,8,full 1990-2025 sample for this route (not by-year),US carriers' airborne time on US-touching international segments
LHR,PDX,US,5,-10.114524140839116,0.7837791030390507,2,full 1990-2025 sample for this route (not by-year),US carriers' airborne time on US-touching international segments
LHR,PHL,US,158,-29.475147587874062,24.21668346774193,4,full 1990-2025 sample for this route (not by-year),US carriers' airborne time on US-touching international segments
LHR,PHX,US,14,-9.650547619047616,15.36192258064514,2,full 1990-2025 sample for this route (not by-year),US carriers' airborne time on US-touching international segments
LHR,RDU,US,139,-27.543490591397845,20.372666666666667,4,full 1990-2025 sample for this route (not by-year),US carriers' airborne time on US-touching international segments
LHR,SEA,US,72,-32.68909792492451,44.300176098411455,2,full 1990-2025 sample for this route (not by-year),US carriers' airborne time on US-touching international segments
LHR,SFO,US,380,-26.875999999999973,42.6573870967742,8,full 1990-2025 sample for this route (not by-year),US carriers' airborne time on US-touching international segments
LHR,SLC,US,34,-15.47271030418854,15.29179780564266,2,full 1990-2025 sample for this route (not by-year),US carriers' airborne time on US-touching international segments
LIM,ATL,US,279,-17.18709677419357,14.072322580645151,6,full 1990-2025 sample for this route (not by-year),US carriers' airborne time on US-touching international segments
LIM,DFW,US,161,-23.342572964669728,8.898018433179734,4,full 1990-2025 sample for this route (not by-year),US carriers' airborne time on US-touching international segments
LIM,EWR,US,279,-12.758172413793092,15.666522856083477,6,full 1990-2025 sample for this route (not by-year),US carriers' airborne time on US-touching international segments
LIM,FLL,US,160,-9.415637992831567,12.63684882290388,4,full 1990-2025 sample for this route (not by-year),US carriers' airborne time on US-touching international segments
LIM,IAH,US,298,-12.195956317204306,9.587656910456067,6,full 1990-2025 sample for this route (not by-year),US carriers' airborne time on US-touching international segments
LIM,MIA,US,382,-9.780657334144834,13.309971674084586,8,full 1990-2025 sample for this route (not by-year),US carriers' airborne time on US-touching international segments
LIR,ATL,US,226,-8.67714914863997,7.782684085371358,6,full 1990-2025 sample for this route (not by-year),US carriers' airborne time on US-touching international segments
LIR,AUS,US,3,0.24641025641025466,9.3955,2,full 1990-2025 sample for this route (not by-year),US carriers' airborne time on US-touching international segments
LIR,BOS,US,35,-13.298888888888875,16.777105263157875,2,full 1990-2025 sample for this route (not by-year),US carriers' airborne time on US-touching international segments
LIR,BWI,US,39,-7.863285714285708,9.138571428571419,2,full 1990-2025 sample for this route (not by-year),US carriers' airborne time on US-touching international segments
LIR,CLT,US,141,-13.45,13.18999999999999,4,full 1990-2025 sample for this route (not by-year),US carriers' airborne time on US-touching international segments
LIR,DEN,US,73,-18.550000000000036,18.104000000000035,2,full 1990-2025 sample for this route (not by-year),US carriers' airborne time on US-touching international segments
LIR,DFW,US,169,-7.347539682539689,11.879944444444426,4,full 1990-2025 sample for this route (not by-year),US carriers' airborne time on US-touching international segments
LIR,EWR,US,143,-12.996727272727261,14.752654545454572,4,full 1990-2025 sample for this route (not by-year),US carriers' airborne time on US-touching international segments
LIR,HOU,US,64,-6.503666666666671,5.991915640394091,2,full 1990-2025 sample for this route (not by-year),US carriers' airborne time on US-touching international segments
LIR,IAH,US,214,-6.864173625288694,8.984032331511852,6,full 1990-2025 sample for this route (not by-year),US carriers' airborne time on US-touching international segments
LIR,JFK,US,117,-12.222300140252456,11.426000000000021,4,full 1990-2025 sample for this route (not by-year),US carriers' airborne time on US-touching international segments
LIR,LAX,US,95,-10.682161381254392,13.913228037766794,2,full 1990-2025 sample for this route (not by-year),US carriers' airborne time on US-touching international segments
LIR,MIA,US,213,-6.016410607838063,7.807370576980072,6,full 1990-2025 sample for this route (not by-year),US carriers' airborne time on US-touching international segments
LIR,MSP,US,72,-18.157000000000032,14.333297656047687,2,full 1990-2025 sample for this route (not by-year),US carriers' airborne time on US-touching international segments
LIR,ORD,US,91,-10.332692307692303,11.830555555555518,2,full 1990-2025 sample for this route (not by-year),US carriers' airborne time on US-touching international segments
LIR,SFO,US,11,-16.025779220779224,12.754166666666672,2,full 1990-2025 sample for this route (not by-year),US carriers' airborne time on US-touching international segments
LIS,BOS,US,13,-9.296297473383154,18.928588802373017,2,full 1990-2025 sample for this route (not by-year),US carriers' airborne time on US-touching international segments
LIS,EWR,US,285,-29.744659003831458,30.99117684559479,6,full 1990-2025 sample for this route (not by-year),US carriers' airborne time on US-touching international segments
LIS,IAD,US,27,-18.37844234334444,14.240350124069503,2,full 1990-2025 sample for this route (not by-year),US carriers' airborne time on US-touching international segments
LIS,JFK,US,140,-28.77566666666667,23.26647331946272,4,full 1990-2025 sample for this route (not by-year),US carriers' airborne time on US-touching international segments
LIS,PHL,US,93,-19.918103720528624,16.203549740582034,2,full 1990-2025 sample for this route (not by-year),US carriers' airborne time on US-touching international segments
LKE,YBL,US,14,-55.50241817857425,24.077938593304754,2,full 1990-2025 sample for this route (not by-year),US carriers' airborne time on US-touching international segments
LKE,YCD,US,1,66.33695652173913,66.33695652173913,0,full 1990-2025 sample for this route (not by-year),US carriers' airborne time on US-touching international segments
LKE,YHH,US,2,38.68407980304719,53.40533862876253,2,full 1990-2025 sample for this route (not by-year),US carriers' airborne time on US-touching international segments
LKE,YWH,US,141,-16.647402597402596,21.397263365777857,4,full 1990-2025 sample for this route (not by-year),US carriers' airborne time on US-touching international segments
LKE,YYJ,US,61,-33.684839918201234,29.442594074338434,2,full 1990-2025 sample for this route (not by-year),US carriers' airborne time on US-touching international segments
LKE,YZT,US,19,-21.558181818181815,14.080000000000007,2,full 1990-2025 sample for this route (not by-year),US carriers' airborne time on US-touching international segments
LOS,ATL,US,166,-22.654727095516574,34.236655913978524,4,full 1990-2025 sample for this route (not by-year),US carriers' airborne time on US-touching international segments
LOS,IAD,US,24,-17.310416666666764,15.454323607427032,2,full 1990-2025 sample for this route (not by-year),US carriers' airborne time on US-touching international segments
LOS,IAH,US,32,-13.231519230769234,27.3977559607293,2,full 1990-2025 sample for this route (not by-year),US carriers' airborne time on US-touching international segments
LOS,JFK,US,5,-2.8876923076923413,9.722128982129039,2,full 1990-2025 sample for this route (not by-year),US carriers' airborne time on US-touching international segments
LOV,IAH,US,29,-3.3669585270713123,5.058352015059469,2,full 1990-2025 sample for this route (not by-year),US carriers' airborne time on US-touching international segments
LRM,BWI,US,4,0.03,7.346499999999988,2,full 1990-2025 sample for this route (not by-year),US carriers' airborne time on US-touching international segments
LRM,JFK,US,76,-10.476007326007341,12.038888888888884,2,full 1990-2025 sample for this route (not by-year),US carriers' airborne time on US-touching international segments
LRM,MIA,US,227,-7.784088669950728,10.45925392886684,6,full 1990-2025 sample for this route (not by-year),US carriers' airborne time on US-touching international segments
LRM,SJU,US,250,-5.849393530997306,8.73072255855915,6,full 1990-2025 sample for this route (not by-year),US carriers' airborne time on US-touching international segments
LTO,DFW,US,10,-3.150277777777772,13.247500000000002,2,full 1990-2025 sample for this route (not by-year),US carriers' airborne time on US-touching international segments
LTO,LAX,US,203,-30.613800802139053,27.730476190476182,6,full 1990-2025 sample for this route (not by-year),US carriers' airborne time on US-touching international segments
LTO,PHX,US,21,-1.688741302972801,2.9631850057375946,2,full 1990-2025 sample for this route (not by-year),US carriers' airborne time on US-touching international segments
LTO,SFO,US,3,-9.7255,0.44199999999999984,2,full 1990-2025 sample for this route (not by-year),US carriers' airborne time on US-touching international segments
LYU,YQK,US,2,1.2655902206407315,25.90488118464105,2,full 1990-2025 sample for this route (not by-year),US carriers' airborne time on US-touching international segments
MAD,ATL,US,336,-22.27846917450363,32.88878885630495,8,full 1990-2025 sample for this route (not by-year),US carriers' airborne time on US-touching international segments
MAD,CLT,US,52,-19.834774193548395,17.419161290322585,2,full 1990-2025 sample for this route (not by-year),US carriers' airborne time on US-touching international segments
MAD,DFW,US,173,-48.90735722819598,28.076043956043964,4,full 1990-2025 sample for this route (not by-year),US carriers' airborne time on US-touching international segments
MAD,EWR,US,349,-28.98619723502305,35.10785185185185,8,full 1990-2025 sample for this route (not by-year),US carriers' airborne time on US-touching international segments
MAD,IAD,US,64,-20.04087096774193,29.922884872080036,2,full 1990-2025 sample for this route (not by-year),US carriers' airborne time on US-touching international segments
MAD,JFK,US,378,-27.967247381602906,26.257274193548465,8,full 1990-2025 sample for this route (not by-year),US carriers' airborne time on US-touching international segments
MAD,MIA,US,357,-27.638623655913968,25.463251231527092,8,full 1990-2025 sample for this route (not by-year),US carriers' airborne time on US-touching international segments
MAD,PHL,US,283,-29.73866666666668,36.42010344827584,6,full 1990-2025 sample for this route (not by-year),US carriers' airborne time on US-touching international segments
MAJ,GUM,US,12,-9.771642857142846,6.201265873015873,2,full 1990-2025 sample for this route (not by-year),US carriers' airborne time on US-touching international segments
MAJ,HNL,US,374,-11.691634615384613,17.096190476190472,8,full 1990-2025 sample for this route (not by-year),US carriers' airborne time on US-touching international segments
MAJ,JON,US,123,-10.681000000000003,13.115000000000002,4,full 1990-2025 sample for this route (not by-year),US carriers' airborne time on US-touching international segments
MAN,ATL,US,262,-29.572459677419335,32.463679374389,6,full 1990-2025 sample for this route (not by-year),US carriers' airborne time on US-touching international segments
MAN,BOS,US,12,-11.480225806451646,18.928209677419318,2,full 1990-2025 sample for this route (not by-year),US carriers' airborne time on US-touching international segments
MAN,EWR,US,273,-31.71833333333336,33.394831922475035,6,full 1990-2025 sample for this route (not by-year),US carriers' airborne time on US-touching international segments
MAN,IAD,US,26,-15.90722884525475,19.118586156483147,2,full 1990-2025 sample for this route (not by-year),US carriers' airborne time on US-touching international segments
MAN,JFK,US,163,-35.50637594350866,27.512655574310763,4,full 1990-2025 sample for this route (not by-year),US carriers' airborne time on US-touching international segments
MAN,ORD,US,312,-22.866870967741963,21.506646143429492,8,full 1990-2025 sample for this route (not by-year),US carriers' airborne time on US-touching international segments
MAN,PHL,US,215,-23.028794957360027,26.755170824725862,6,full 1990-2025 sample for this route (not by-year),US carriers' airborne time on US-touching international segments
MAO,ATL,US,2,-3.634179778554773,-2.9632852564102956,2,full 1990-2025 sample for this route (not by-year),US carriers' airborne time on US-touching international segments
MAO,MIA,US,74,-6.736000000000052,21.57136751152073,2,full 1990-2025 sample for this route (not by-year),US carriers' airborne time on US-touching international segments
MAR,MIA,US,193,-5.483695014662744,6.970957501280083,4,full 1990-2025 sample for this route (not by-year),US carriers' airborne time on US-touching international segments
MAZ,SDQ,US,3,3.474529069019398,10.323946401985113,2,full 1990-2025 sample for this route (not by-year),US carriers' airborne time on US-touching international segments
MBJ,ATL,US,237,-5.431986448334288,7.612970165487023,6,full 1990-2025 sample for this route (not by-year),US carriers' airborne time on US-touching international segments
MBJ,BDL,US,1,8.541666666666686,8.541666666666686,0,full 1990-2025 sample for this route (not by-year),US carriers' airborne time on US-touching international segments
MBJ,BOS,US,130,-11.469458333333323,13.505083333333324,4,full 1990-2025 sample for this route (not by-year),US carriers' airborne time on US-touching international segments
MBJ,BWI,US,144,-8.370673062192356,6.479088967435003,4,full 1990-2025 sample for this route (not by-year),US carriers' airborne time on US-touching international segments
MBJ,CLT,US,327,-7.247983955236452,5.983329081632649,8,full 1990-2025 sample for this route (not by-year),US carriers' airborne time on US-touching international segments
MBJ,DEN,US,4,-11.061809523809487,-0.24506868131869025,2,full 1990-2025 sample for this route (not by-year),US carriers' airborne time on US-touching international segments
MBJ,DFW,US,189,-9.368796085828045,11.78265508684864,4,full 1990-2025 sample for this route (not by-year),US carriers' airborne time on US-touching international segments
MBJ,DTW,US,137,-9.67269565217391,10.362077922077907,4,full 1990-2025 sample for this route (not by-year),US carriers' airborne time on US-touching international segments
MBJ,EWR,US,272,-11.551182983682969,12.484328517371866,6,full 1990-2025 sample for this route (not by-year),US carriers' airborne time on US-touching international segments
MBJ,FLL,US,197,-4.734816167553612,5.686427536231865,4,full 1990-2025 sample for this route (not by-year),US carriers' airborne time on US-touching international segments
MBJ,HOU,US,61,-10.635377525700097,11.340000000000014,2,full 1990-2025 sample for this route (not by-year),US carriers' airborne time on US-touching international segments
MBJ,IAD,US,82,-8.092249999999995,19.40799999999998,2,full 1990-2025 sample for this route (not by-year),US carriers' airborne time on US-touching international segments
MBJ,IAH,US,208,-11.864661764705888,11.923392857142872,6,full 1990-2025 sample for this route (not by-year),US carriers' airborne time on US-touching international segments
MBJ,JFK,US,322,-9.85525641025641,12.98348148148149,8,full 1990-2025 sample for this route (not by-year),US carriers' airborne time on US-touching international segments
MBJ,LAX,US,8,-12.466736111111112,3.3685972222222325,2,full 1990-2025 sample for this route (not by-year),US carriers' airborne time on US-touching international segments
MBJ,MCO,US,144,-5.250105428386761,3.9240789286348168,4,full 1990-2025 sample for this route (not by-year),US carriers' airborne time on US-touching international segments
MBJ,MDW,US,89,-8.986208909370179,11.381227883227883,2,full 1990-2025 sample for this route (not by-year),US carriers' airborne time on US-touching international segments
MBJ,MEM,US,88,-7.916494623655903,5.654382036685626,2,full 1990-2025 sample for this route (not by-year),US carriers' airborne time on US-touching international segments
MBJ,MIA,US,386,-3.071606667382363,3.0528314427507883,8,full 1990-2025 sample for this route (not by-year),US carriers' airborne time on US-touching international segments
MBJ,MKE,US,8,-8.812678571428583,4.215000000000001,2,full 1990-2025 sample for this route (not by-year),US carriers' airborne time on US-touching international segments
MBJ,MSP,US,88,-9.323486352357312,13.291666666666638,2,full 1990-2025 sample for this route (not by-year),US carriers' airborne time on US-touching international segments
MBJ,ORD,US,147,-9.47941457091003,11.986639194139169,4,full 1990-2025 sample for this route (not by-year),US carriers' airborne time on US-touching international segments
MBJ,PHL,US,296,-13.63999999999998,10.020627410224176,6,full 1990-2025 sample for this route (not by-year),US carriers' airborne time on US-touching international segments
MBJ,PIT,US,4,-0.9577500000000109,6.133000000000011,2,full 1990-2025 sample for this route (not by-year),US carriers' airborne time on US-touching international segments
MBJ,STL,US,67,-11.775769230769223,11.739807692307691,2,full 1990-2025 sample for this route (not by-year),US carriers' airborne time on US-touching international segments
MBJ,TPA,US,117,-4.978451612903226,9.711799777530596,4,full 1990-2025 sample for this route (not by-year),US carriers' airborne time on US-touching international segments
MCI,CUN,US,158,-11.894818181818177,19.07799107142864,4,full 1990-2025 sample for this route (not by-year),US carriers' airborne time on US-touching international segments
MCI,PVR,US,31,-23.375,12.087499999999995,2,full 1990-2025 sample for this route (not by-year),US carriers' airborne time on US-touching international segments
MCI,SJD,US,10,-14.752750000000006,6.4910000000000005,2,full 1990-2025 sample for this route (not by-year),US carriers' airborne time on US-touching international segments
MCO,AMS,US,8,-8.821547950103232,14.07773743386247,2,full 1990-2025 sample for this route (not by-year),US carriers' airborne time on US-touching international segments
MCO,AUA,US,94,-5.444071428571418,7.727777777777735,2,full 1990-2025 sample for this route (not by-year),US carriers' airborne time on US-touching international segments
MCO,BDA,US,8,-4.139500000000005,2.010000000000005,2,full 1990-2025 sample for this route (not by-year),US carriers' airborne time on US-touching international segments
MCO,BOG,US,147,-6.102965517241372,8.95393548387095,4,full 1990-2025 sample for this route (not by-year),US carriers' airborne time on US-touching international segments
MCO,CTG,US,12,-3.762211538461547,6.2742275641025556,2,full 1990-2025 sample for this route (not by-year),US carriers' airborne time on US-touching international segments
MCO,CUN,US,168,-42.06416619981327,6.738878757176623,4,full 1990-2025 sample for this route (not by-year),US carriers' airborne time on US-touching international segments
MCO,ELH,US,17,-7.650555555555565,5.132823529411769,2,full 1990-2025 sample for this route (not by-year),US carriers' airborne time on US-touching international segments
MCO,FPO,US,22,-4.154190476190471,4.970532258064516,2,full 1990-2025 sample for this route (not by-year),US carriers' airborne time on US-touching international segments
MCO,FRA,US,65,-28.019998156002213,21.501565217391285,2,full 1990-2025 sample for this route (not by-year),US carriers' airborne time on US-touching international segments
MCO,GRU,US,16,-9.492452346041096,7.71421973859475,2,full 1990-2025 sample for this route (not by-year),US carriers' airborne time on US-touching international segments
MCO,GUA,US,33,-5.503087719298232,3.8068047538200265,2,full 1990-2025 sample for this route (not by-year),US carriers' airborne time on US-touching international segments
MCO,HAV,US,16,-1.6176536098310226,3.0683136024153765,2,full 1990-2025 sample for this route (not by-year),US carriers' airborne time on US-touching international segments
MCO,MBJ,US,144,-3.59444539417319,3.5992573953194715,4,full 1990-2025 sample for this route (not by-year),US carriers' airborne time on US-touching international segments
MCO,MDE,US,33,-4.791188524736887,6.092689655172413,2,full 1990-2025 sample for this route (not by-year),US carriers' airborne time on US-touching international segments
MCO,MEX,US,96,-10.835400369682421,15.898206417624523,2,full 1990-2025 sample for this route (not by-year),US carriers' airborne time on US-touching international segments
MCO,MHH,US,54,-6.713949579831939,8.481904428904423,2,full 1990-2025 sample for this route (not by-year),US carriers' airborne time on US-touching international segments
MCO,NAS,US,361,-12.858250361778005,26.51124966115478,8,full 1990-2025 sample for this route (not by-year),US carriers' airborne time on US-touching international segments
MCO,PAP,US,4,-2.7614112903225716,1.144677777777779,2,full 1990-2025 sample for this route (not by-year),US carriers' airborne time on US-touching international segments
MCO,PUJ,US,24,-3.433300724082116,4.613380537705696,2,full 1990-2025 sample for this route (not by-year),US carriers' airborne time on US-touching international segments
MCO,SAL,US,6,-0.12062499999998266,11.313446969696967,2,full 1990-2025 sample for this route (not by-year),US carriers' airborne time on US-touching international segments
MCO,SAP,US,31,-3.753021978021974,6.451832844574781,2,full 1990-2025 sample for this route (not by-year),US carriers' airborne time on US-touching international segments
MCO,SDQ,US,167,-5.145589173155349,6.062544891148897,4,full 1990-2025 sample for this route (not by-year),US carriers' airborne time on US-touching international segments
MCO,SJO,US,151,-8.617658509454955,9.103415559772287,4,full 1990-2025 sample for this route (not by-year),US carriers' airborne time on US-touching international segments
MCO,STI,US,2,-0.056322580645149285,1.5183406104051238,2,full 1990-2025 sample for this route (not by-year),US carriers' airborne time on US-touching international segments
MCO,SXM,US,3,-0.14750000000001137,3.2580000000000107,2,full 1990-2025 sample for this route (not by-year),US carriers' airborne time on US-touching international segments
MCO,TCB,US,2,-1.545983766233768,-0.8023928571428409,2,full 1990-2025 sample for this route (not by-year),US carriers' airborne time on US-touching international segments
MDE,FLL,US,157,-8.109705272672468,6.460409089064718,4,full 1990-2025 sample for this route (not by-year),US carriers' airborne time on US-touching international segments
MDE,MCO,US,33,-4.595092324805364,5.642523297491031,2,full 1990-2025 sample for this route (not by-year),US carriers' airborne time on US-touching international segments
MDE,MIA,US,234,-5.4588912054518755,7.032093482554296,6,full 1990-2025 sample for this route (not by-year),US carriers' airborne time on US-touching international segments
MDW,AUA,US,12,-6.098500000000002,13.76400000000001,2,full 1990-2025 sample for this route (not by-year),US carriers' airborne time on US-touching international segments
MDW,CUN,US,158,-6.24160095579451,10.915405638665133,4,full 1990-2025 sample for this route (not by-year),US carriers' airborne time on US-touching international segments
MDW,GCM,US,1,-2.5,-2.5,0,full 1990-2025 sample for this route (not by-year),US carriers' airborne time on US-touching international segments
MDW,GDL,US,48,-8.493612179487187,15.788027472527483,2,full 1990-2025 sample for this route (not by-year),US carriers' airborne time on US-touching international segments
MDW,MBJ,US,89,-12.071506493506508,9.573889400921642,2,full 1990-2025 sample for this route (not by-year),US carriers' airborne time on US-touching international segments
MDW,PUJ,US,71,-9.488888888888898,7.921149425287356,2,full 1990-2025 sample for this route (not by-year),US carriers' airborne time on US-touching international segments
MDW,PVR,US,4,-7.891315476190479,12.18972222222219,2,full 1990-2025 sample for this route (not by-year),US carriers' airborne time on US-touching international segments
MDW,SJD,US,10,-8.873295454545449,16.067583333333324,2,full 1990-2025 sample for this route (not by-year),US carriers' airborne time on US-touching international segments
MEL,LAX,US,55,-15.442417989417955,17.27767806267801,2,full 1990-2025 sample for this route (not by-year),US carriers' airborne time on US-touching international segments
MEL,SFO,US,19,-6.12038008043123,11.710017879948841,2,full 1990-2025 sample for this route (not by-year),US carriers' airborne time on US-touching international segments
MEM,AMS,US,87,-15.737462365591405,29.685163679808852,2,full 1990-2025 sample for this route (not by-year),US carriers' airborne time on US-touching international segments
MEM,CUN,US,180,-9.9285,12.260500000000002,4,full 1990-2025 sample for this route (not by-year),US carriers' airborne time on US-touching international segments
MEM,CZM,US,3,-1.096666666666667,6.579999999999981,2,full 1990-2025 sample for this route (not by-year),US carriers' airborne time on US-touching international segments
MEM,MBJ,US,87,-6.577935483870955,6.747589600981146,2,full 1990-2025 sample for this route (not by-year),US carriers' airborne time on US-touching international segments
MEM,YVR,US,12,-6.172350000000008,11.69550000000001,2,full 1990-2025 sample for this route (not by-year),US carriers' airborne time on US-touching international segments
MEM,YYZ,US,49,-5.950227504244483,4.0251223999868975,2,full 1990-2025 sample for this route (not by-year),US carriers' airborne time on US-touching international segments
MEX,ATL,US,388,-7.866333333333325,7.48997184849389,8,full 1990-2025 sample for this route (not by-year),US carriers' airborne time on US-touching international segments
MEX,CLT,US,211,-10.016885964912282,12.97059698366151,6,full 1990-2025 sample for this route (not by-year),US carriers' airborne time on US-touching international segments
MEX,DEN,US,75,-11.233999999999996,12.314000000000046,2,full 1990-2025 sample for this route (not by-year),US carriers' airborne time on US-touching international segments
MEX,DFW,US,388,-4.440839921310557,5.398697854632812,8,full 1990-2025 sample for this route (not by-year),US carriers' airborne time on US-touching international segments
MEX,DTW,US,327,-7.803313867259915,9.908341013824886,8,full 1990-2025 sample for this route (not by-year),US carriers' airborne time on US-touching international segments
MEX,ELP,US,5,-6.116358056265979,1.4801189877660532,2,full 1990-2025 sample for this route (not by-year),US carriers' airborne time on US-touching international segments
MEX,EWR,US,383,-19.485084485407054,13.401307657859382,8,full 1990-2025 sample for this route (not by-year),US carriers' airborne time on US-touching international segments
MEX,FLL,US,28,-2.387745901639336,6.730916746793372,2,full 1990-2025 sample for this route (not by-year),US carriers' airborne time on US-touching international segments
MEX,HOU,US,18,-1.6143182430986927,5.785146245271028,2,full 1990-2025 sample for this route (not by-year),US carriers' airborne time on US-touching international segments
MEX,IAD,US,381,-16.770752688172045,9.524254992319493,8,full 1990-2025 sample for this route (not by-year),US carriers' airborne time on US-touching international segments
MEX,IAH,US,388,-3.9798336240131587,4.880874241278102,8,full 1990-2025 sample for this route (not by-year),US carriers' airborne time on US-touching international segments
MEX,JFK,US,384,-10.851354838709685,11.321032258064536,8,full 1990-2025 sample for this route (not by-year),US carriers' airborne time on US-touching international segments
MEX,LAS,US,19,-7.6895934065933975,12.692374384236459,2,full 1990-2025 sample for this route (not by-year),US carriers' airborne time on US-touching international segments
MEX,LAX,US,385,-8.477443411700378,11.359378258536093,8,full 1990-2025 sample for this route (not by-year),US carriers' airborne time on US-touching international segments
MEX,MCO,US,96,-8.555241935483853,7.697903818631272,2,full 1990-2025 sample for this route (not by-year),US carriers' airborne time on US-touching international segments
MEX,MFE,US,107,-3.531707692307691,3.6299623524623565,4,full 1990-2025 sample for this route (not by-year),US carriers' airborne time on US-touching international segments
MEX,MIA,US,388,-6.961572302720914,5.989645191414129,8,full 1990-2025 sample for this route (not by-year),US carriers' airborne time on US-touching international segments
MEX,MSP,US,26,-6.169162826420887,8.051176792556113,2,full 1990-2025 sample for this route (not by-year),US carriers' airborne time on US-touching international segments
MEX,ORD,US,357,-8.382709628792151,8.663976403595282,8,full 1990-2025 sample for this route (not by-year),US carriers' airborne time on US-touching international segments
MEX,PHX,US,353,-9.431572108483788,8.920833583208402,8,full 1990-2025 sample for this route (not by-year),US carriers' airborne time on US-touching international segments
MEX,SAN,US,53,-10.422920634920615,9.870023041474647,2,full 1990-2025 sample for this route (not by-year),US carriers' airborne time on US-touching international segments
MEX,SAT,US,86,-9.711388108919943,23.709375000000094,2,full 1990-2025 sample for this route (not by-year),US carriers' airborne time on US-touching international segments
MEX,SFO,US,384,-17.023448911488952,13.960631336405557,8,full 1990-2025 sample for this route (not by-year),US carriers' airborne time on US-touching international segments
MEX,SLC,US,123,-8.399069458128075,11.089110599078328,4,full 1990-2025 sample for this route (not by-year),US carriers' airborne time on US-touching international segments
MEX,SNA,US,32,-9.614690476190486,7.537419354838701,2,full 1990-2025 sample for this route (not by-year),US carriers' airborne time on US-touching international segments
MFE,MEX,US,106,-3.1425213675213706,3.6037164224664364,4,full 1990-2025 sample for this route (not by-year),US carriers' airborne time on US-touching international segments
MGA,ATL,US,147,-9.429956989247323,6.592903225806438,4,full 1990-2025 sample for this route (not by-year),US carriers' airborne time on US-touching international segments
MGA,DFW,US,11,-10.629517704517705,7.48363636363635,2,full 1990-2025 sample for this route (not by-year),US carriers' airborne time on US-touching international segments
MGA,FLL,US,137,-6.75594268476621,6.584191185158942,4,full 1990-2025 sample for this route (not by-year),US carriers' airborne time on US-touching international segments
MGA,IAH,US,330,-9.676025419829768,10.9602634408602,8,full 1990-2025 sample for this route (not by-year),US carriers' airborne time on US-touching international segments
MGA,MIA,US,350,-6.448696397941681,6.313491560671261,8,full 1990-2025 sample for this route (not by-year),US carriers' airborne time on US-touching international segments
MHH,ATL,US,36,-6.077639313301083,4.909318181818174,2,full 1990-2025 sample for this route (not by-year),US carriers' airborne time on US-touching international segments
MHH,CLT,US,6,-6.930068649261701,6.915196978123848,2,full 1990-2025 sample for this route (not by-year),US carriers' airborne time on US-touching international segments
MHH,DAB,US,42,-22.52707410236821,36.49737121212104,2,full 1990-2025 sample for this route (not by-year),US carriers' airborne time on US-touching international segments
MHH,FLL,US,223,-12.452691903890026,19.439088075010112,6,full 1990-2025 sample for this route (not by-year),US carriers' airborne time on US-touching international segments
MHH,JAX,US,18,-11.578000000000001,7.71455357142857,2,full 1990-2025 sample for this route (not by-year),US carriers' airborne time on US-touching international segments
MHH,MCO,US,47,-4.30761803713528,7.235532258064512,2,full 1990-2025 sample for this route (not by-year),US carriers' airborne time on US-touching international segments
MHH,MIA,US,271,-19.37472465034965,6.260594560404808,6,full 1990-2025 sample for this route (not by-year),US carriers' airborne time on US-touching international segments
MHH,MLB,US,40,-6.603420807453415,8.685464285714284,2,full 1990-2025 sample for this route (not by-year),US carriers' airborne time on US-touching international segments
MHH,PBI,US,167,-6.73518532818533,6.224451838408284,4,full 1990-2025 sample for this route (not by-year),US carriers' airborne time on US-touching international segments
MHH,SFB,US,13,-19.884601706115575,6.085642857142854,2,full 1990-2025 sample for this route (not by-year),US carriers' airborne time on US-touching international segments
MHH,TPA,US,14,-10.95371428571427,8.657374999999998,2,full 1990-2025 sample for this route (not by-year),US carriers' airborne time on US-touching international segments
MIA,ANU,US,184,-5.722666666666682,7.172333333333328,4,full 1990-2025 sample for this route (not by-year),US carriers' airborne time on US-touching international segments
MIA,ARN,US,1,-3.25,-3.25,0,full 1990-2025 sample for this route (not by-year),US carriers' airborne time on US-touching international segments
MIA,ASU,US,4,-8.23968545751638,0.07532271241829132,2,full 1990-2025 sample for this route (not by-year),US carriers' airborne time on US-touching international segments
MIA,AUA,US,351,-4.413537810682186,6.3398093841642265,8,full 1990-2025 sample for this route (not by-year),US carriers' airborne time on US-touching international segments
MIA,AXA,US,22,-6.017201867816087,4.475350531524926,2,full 1990-2025 sample for this route (not by-year),US carriers' airborne time on US-touching international segments
MIA,BAQ,US,201,-22.926623376623382,8.230769230769226,4,full 1990-2025 sample for this route (not by-year),US carriers' airborne time on US-touching international segments
MIA,BCN,US,110,-24.0100107526882,20.377741935483872,4,full 1990-2025 sample for this route (not by-year),US carriers' airborne time on US-touching international segments
MIA,BDA,US,188,-5.679780708723981,6.5410752688172025,4,full 1990-2025 sample for this route (not by-year),US carriers' airborne time on US-touching international segments
MIA,BGI,US,376,-5.720533498759316,6.8455429518896835,8,full 1990-2025 sample for this route (not by-year),US carriers' airborne time on US-touching international segments
MIA,BOG,US,382,-6.6221438675823405,9.62768195362093,8,full 1990-2025 sample for this route (not by-year),US carriers' airborne time on US-touching international segments
MIA,BON,US,35,-4.342788573999095,3.934880952380945,2,full 1990-2025 sample for this route (not by-year),US carriers' airborne time on US-touching international segments
MIA,BSB,US,89,-11.264516129032254,8.625806451612924,2,full 1990-2025 sample for this route (not by-year),US carriers' airborne time on US-touching international segments
MIA,BZE,US,375,-6.517062958843156,7.047738544474383,8,full 1990-2025 sample for this route (not by-year),US carriers' airborne time on US-touching international segments
MIA,CAP,US,42,-1.7717741935483877,3.576659498207884,2,full 1990-2025 sample for this route (not by-year),US carriers' airborne time on US-touching international segments
MIA,CCS,US,327,-4.149711399711398,4.870716529255283,8,full 1990-2025 sample for this route (not by-year),US carriers' airborne time on US-touching international segments
MIA,CDG,US,238,-21.82098029556648,21.828410256410272,6,full 1990-2025 sample for this route (not by-year),US carriers' airborne time on US-touching international segments
MIA,CLO,US,383,-7.174895300333712,11.290322580645153,7,full 1990-2025 sample for this route (not by-year),US carriers' airborne time on US-touching international segments
MIA,CMW,US,30,-2.5829892473118288,2.5942580645161337,2,full 1990-2025 sample for this route (not by-year),US carriers' airborne time on US-touching international segments
MIA,CNF,US,94,-9.981992521367529,14.651220238095206,2,full 1990-2025 sample for this route (not by-year),US carriers' airborne time on US-touching international segments
MIA,CTG,US,48,-5.868092279217359,4.8555647721454,2,full 1990-2025 sample for this route (not by-year),US carriers' airborne time on US-touching international segments
MIA,CUN,US,388,-4.685172487336702,6.589920047433436,8,full 1990-2025 sample for this route (not by-year),US carriers' airborne time on US-touching international segments
MIA,CUR,US,333,-4.820167055784404,5.114879032258068,8,full 1990-2025 sample for this route (not by-year),US carriers' airborne time on US-touching international segments
MIA,CWB,US,4,-4.932878873351384,2.357198924731192,2,full 1990-2025 sample for this route (not by-year),US carriers' airborne time on US-touching international segments
MIA,CZM,US,82,-4.202905734767035,5.66805883367839,2,full 1990-2025 sample for this route (not by-year),US carriers' airborne time on US-touching international segments
MIA,DOM,US,24,-7.819108597285079,4.505214559386984,2,full 1990-2025 sample for this route (not by-year),US carriers' airborne time on US-touching international segments
MIA,EIS,US,5,-0.783295528971355,3.0737595731169822,2,full 1990-2025 sample for this route (not by-year),US carriers' airborne time on US-touching international segments
MIA,ELH,US,203,-19.046550474547026,4.364160919540229,6,full 1990-2025 sample for this route (not by-year),US carriers' airborne time on US-touching international segments
MIA,EZE,US,386,-20.46852762172285,15.09815334268344,8,full 1990-2025 sample for this route (not by-year),US carriers' airborne time on US-touching international segments
MIA,FDF,US,83,-7.013290598290607,15.88936274509798,2,full 1990-2025 sample for this route (not by-year),US carriers' airborne time on US-touching international segments
MIA,FPO,US,279,-8.79469064492994,3.387177083391166,6,full 1990-2025 sample for this route (not by-year),US carriers' airborne time on US-touching international segments
MIA,FRA,US,38,-21.385216583953625,32.01506288156286,2,full 1990-2025 sample for this route (not by-year),US carriers' airborne time on US-touching international segments
MIA,GCM,US,364,-2.214880900374776,3.4678958755916125,8,full 1990-2025 sample for this route (not by-year),US carriers' airborne time on US-touching international segments
MIA,GEO,US,34,-6.349070991577937,5.3458567087424065,2,full 1990-2025 sample for this route (not by-year),US carriers' airborne time on US-touching international segments
MIA,GGT,US,285,-24.22107269559709,5.797376344086053,6,full 1990-2025 sample for this route (not by-year),US carriers' airborne time on US-touching international segments
MIA,GHB,US,17,-4.338,6.855876430205951,2,full 1990-2025 sample for this route (not by-year),US carriers' airborne time on US-touching international segments
MIA,GIG,US,380,-20.55676948051948,17.480752199413466,8,full 1990-2025 sample for this route (not by-year),US carriers' airborne time on US-touching international segments
MIA,GND,US,157,-5.4551776851500975,6.407333333333325,4,full 1990-2025 sample for this route (not by-year),US carriers' airborne time on US-touching international segments
MIA,GRU,US,374,-16.933169365258863,12.728906734514482,8,full 1990-2025 sample for this route (not by-year),US carriers' airborne time on US-touching international segments
MIA,GUA,US,383,-7.551864821578489,8.540759613632238,8,full 1990-2025 sample for this route (not by-year),US carriers' airborne time on US-touching international segments
MIA,GYE,US,376,-12.566630523177018,15.642914063496107,8,full 1990-2025 sample for this route (not by-year),US carriers' airborne time on US-touching international segments
MIA,HAV,US,62,-9.164996030684145,2.541926907493985,2,full 1990-2025 sample for this route (not by-year),US carriers' airborne time on US-touching international segments
MIA,HOG,US,30,-3.8626164874551976,2.320999999999994,2,full 1990-2025 sample for this route (not by-year),US carriers' airborne time on US-touching international segments
MIA,KIN,US,386,-3.4150227187290616,3.249916238117484,8,full 1990-2025 sample for this route (not by-year),US carriers' airborne time on US-touching international segments
MIA,LGW,US,32,-42.198692307692305,15.620089996210673,2,full 1990-2025 sample for this route (not by-year),US carriers' airborne time on US-touching international segments
MIA,LHR,US,387,-23.763711632453585,27.403,8,full 1990-2025 sample for this route (not by-year),US carriers' airborne time on US-touching international segments
MIA,LIM,US,381,-12.04220338983049,12.000914886119709,8,full 1990-2025 sample for this route (not by-year),US carriers' airborne time on US-touching international segments
MIA,LIR,US,213,-6.745169584438546,7.544579023541757,6,full 1990-2025 sample for this route (not by-year),US carriers' airborne time on US-touching international segments
MIA,LPB,US,295,-11.180011123470516,18.307179087875436,6,full 1990-2025 sample for this route (not by-year),US carriers' airborne time on US-touching international segments
MIA,LRM,US,227,-4.82185483870968,9.479993796526053,6,full 1990-2025 sample for this route (not by-year),US carriers' airborne time on US-touching international segments
MIA,MAD,US,357,-23.336784893267648,22.278603437184096,8,full 1990-2025 sample for this route (not by-year),US carriers' airborne time on US-touching international segments
MIA,MAO,US,74,-4.495434318554998,16.723453454591358,2,full 1990-2025 sample for this route (not by-year),US carriers' airborne time on US-touching international segments
MIA,MAR,US,193,-5.448149986214487,7.280760959470612,4,full 1990-2025 sample for this route (not by-year),US carriers' airborne time on US-touching international segments
MIA,MBJ,US,386,-4.568202160493831,4.512720201326909,8,full 1990-2025 sample for this route (not by-year),US carriers' airborne time on US-touching international segments
MIA,MDE,US,234,-5.673578219364899,7.622296466973888,6,full 1990-2025 sample for this route (not by-year),US carriers' airborne time on US-touching international segments
MIA,MEX,US,388,-8.771994424044614,12.857308362324902,8,full 1990-2025 sample for this route (not by-year),US carriers' airborne time on US-touching international segments
MIA,MGA,US,350,-7.563083628841617,7.263939503932233,8,full 1990-2025 sample for this route (not by-year),US carriers' airborne time on US-touching international segments
MIA,MHH,US,271,-17.19310978237449,4.702461231433621,6,full 1990-2025 sample for this route (not by-year),US carriers' airborne time on US-touching international segments
MIA,MID,US,57,-4.597247311827952,7.845743589743588,2,full 1990-2025 sample for this route (not by-year),US carriers' airborne time on US-touching international segments
MIA,MTY,US,76,-10.400964861751163,12.57516129032257,2,full 1990-2025 sample for this route (not by-year),US carriers' airborne time on US-touching international segments
MIA,MVD,US,170,-19.922027472527482,15.704787449392711,4,full 1990-2025 sample for this route (not by-year),US carriers' airborne time on US-touching international segments
MIA,MXP,US,52,-29.229806020066874,25.363506810035833,2,full 1990-2025 sample for this route (not by-year),US carriers' airborne time on US-touching international segments
MIA,NAS,US,303,-15.938819109461964,5.371687768370604,8,full 1990-2025 sample for this route (not by-year),US carriers' airborne time on US-touching international segments
MIA,ORY,US,67,-22.99165002560169,20.237306707629298,2,full 1990-2025 sample for this route (not by-year),US carriers' airborne time on US-touching international segments
MIA,PAP,US,361,-4.664058144165665,4.535197132616479,8,full 1990-2025 sample for this route (not by-year),US carriers' airborne time on US-touching international segments
MIA,PEI,US,18,-3.759213488124766,4.068539648075934,2,full 1990-2025 sample for this route (not by-year),US carriers' airborne time on US-touching international segments
MIA,PLS,US,382,-4.332096800208744,4.9097107014848875,8,full 1990-2025 sample for this route (not by-year),US carriers' airborne time on US-touching international segments
MIA,POP,US,385,-4.582485875706211,5.326152923538234,8,full 1990-2025 sample for this route (not by-year),US carriers' airborne time on US-touching international segments
MIA,POS,US,344,-7.264219941348964,6.01459523809523,8,full 1990-2025 sample for this route (not by-year),US carriers' airborne time on US-touching international segments
MIA,PTP,US,67,-11.886857142857139,10.841000000000008,2,full 1990-2025 sample for this route (not by-year),US carriers' airborne time on US-touching international segments
MIA,PTY,US,382,-8.563077894034397,8.799941348289149,8,full 1990-2025 sample for this route (not by-year),US carriers' airborne time on US-touching international segments
MIA,PUJ,US,231,-3.4154201680672287,6.810595533498747,6,full 1990-2025 sample for this route (not by-year),US carriers' airborne time on US-touching international segments
MIA,REC,US,19,-17.852700077700078,4.101608695652203,2,full 1990-2025 sample for this route (not by-year),US carriers' airborne time on US-touching international segments
MIA,RTB,US,107,-7.6042857142857105,16.823333333333327,4,full 1990-2025 sample for this route (not by-year),US carriers' airborne time on US-touching international segments
MIA,SAL,US,376,-7.5595878136200625,8.799539170506911,8,full 1990-2025 sample for this route (not by-year),US carriers' airborne time on US-touching international segments
MIA,SAP,US,353,-7.121503456221197,6.74642821985234,8,full 1990-2025 sample for this route (not by-year),US carriers' airborne time on US-touching international segments
MIA,SCL,US,380,-19.87509677419354,13.375039161529122,8,full 1990-2025 sample for this route (not by-year),US carriers' airborne time on US-touching international segments
MIA,SCU,US,14,-2.606410389610399,4.757798701298704,2,full 1990-2025 sample for this route (not by-year),US carriers' airborne time on US-touching international segments
MIA,SDQ,US,385,-4.06768524590164,4.7464808054369225,8,full 1990-2025 sample for this route (not by-year),US carriers' airborne time on US-touching international segments
MIA,SJO,US,383,-6.359136458035082,6.1846369463039315,8,full 1990-2025 sample for this route (not by-year),US carriers' airborne time on US-touching international segments
MIA,SKB,US,203,-4.442872106261849,7.47947593596402,6,full 1990-2025 sample for this route (not by-year),US carriers' airborne time on US-touching international segments
MIA,SNU,US,29,-3.29154705435462,0.6016220156734102,2,full 1990-2025 sample for this route (not by-year),US carriers' airborne time on US-touching international segments
MIA,SSA,US,66,-18.21090897565923,9.271953405017904,2,full 1990-2025 sample for this route (not by-year),US carriers' airborne time on US-touching international segments
MIA,STI,US,236,-3.222345430107528,4.318390060522867,6,full 1990-2025 sample for this route (not by-year),US carriers' airborne time on US-touching international segments
MIA,SVD,US,30,-6.986577380952384,5.33776190476191,2,full 1990-2025 sample for this route (not by-year),US carriers' airborne time on US-touching international segments
MIA,SXM,US,379,-4.769791997179622,6.20519642857143,8,full 1990-2025 sample for this route (not by-year),US carriers' airborne time on US-touching international segments
MIA,TCB,US,49,-7.128636977058032,6.997714285714275,2,full 1990-2025 sample for this route (not by-year),US carriers' airborne time on US-touching international segments
MIA,TGU,US,354,-7.400788530465949,9.469633333333311,8,full 1990-2025 sample for this route (not by-year),US carriers' airborne time on US-touching international segments
MIA,UIO,US,386,-8.82645343800517,8.114012091891224,8,full 1990-2025 sample for this route (not by-year),US carriers' airborne time on US-touching international segments
MIA,UVF,US,207,-6.486781606892415,8.127870967741941,6,full 1990-2025 sample for this route (not by-year),US carriers' airborne time on US-touching international segments
MIA,VRA,US,30,-1.9698806963645688,1.3384827498083314,2,full 1990-2025 sample for this route (not by-year),US carriers' airborne time on US-touching international segments
MIA,VVI,US,7,-13.184987973828015,18.705214756258204,2,full 1990-2025 sample for this route (not by-year),US carriers' airborne time on US-touching international segments
MIA,XPL,US,24,-6.41657513270723,2.0775589880253524,2,full 1990-2025 sample for this route (not by-year),US carriers' airborne time on US-touching international segments
MIA,YUL,US,353,-8.327741935483875,8.949677419354842,8,full 1990-2025 sample for this route (not by-year),US carriers' airborne time on US-touching international segments
MIA,YYZ,US,370,-6.755352363784272,7.317226767391261,8,full 1990-2025 sample for this route (not by-year),US carriers' airborne time on US-touching international segments
MIA,ZSA,US,7,-2.3904047619047604,1.867083333333328,2,full 1990-2025 sample for this route (not by-year),US carriers' airborne time on US-touching international segments
MID,DFW,US,21,-20.40537285295351,39.182852061731396,2,full 1990-2025 sample for this route (not by-year),US carriers' airborne time on US-touching international segments
MID,IAH,US,297,-7.214816053511708,8.055513897866849,6,full 1990-2025 sample for this route (not by-year),US carriers' airborne time on US-touching international segments
MID,MIA,US,57,-5.625402102367621,4.343166069295099,2,full 1990-2025 sample for this route (not by-year),US carriers' airborne time on US-touching international segments
MKE,CUN,US,100,-35.640238095238104,69.11416666666679,2,full 1990-2025 sample for this route (not by-year),US carriers' airborne time on US-touching international segments
MKE,CZM,US,2,-7.352,7.151999999999983,2,full 1990-2025 sample for this route (not by-year),US carriers' airborne time on US-touching international segments
MKE,MBJ,US,8,-5.798846153846155,6.233237179487177,2,full 1990-2025 sample for this route (not by-year),US carriers' airborne time on US-touching international segments
MKE,PUJ,US,8,-5.269166666666675,5.715476190476195,2,full 1990-2025 sample for this route (not by-year),US carriers' airborne time on US-touching international segments
MKE,PVR,US,3,-7.558999999999992,2.0173888888888922,2,full 1990-2025 sample for this route (not by-year),US carriers' airborne time on US-touching international segments
MKE,YYZ,US,124,-8.293483225635123,5.712999896816795,4,full 1990-2025 sample for this route (not by-year),US carriers' airborne time on US-touching international segments
MLB,FPO,US,10,-4.7550000000000034,5.360415584415577,2,full 1990-2025 sample for this route (not by-year),US carriers' airborne time on US-touching international segments
MLB,MHH,US,41,-6.1096992481202985,5.975,2,full 1990-2025 sample for this route (not by-year),US carriers' airborne time on US-touching international segments
MLB,TCB,US,26,-5.838986013986013,4.919187062937064,2,full 1990-2025 sample for this route (not by-year),US carriers' airborne time on US-touching international segments
MLM,DFW,US,131,-7.962113459399339,4.4969076751946595,4,full 1990-2025 sample for this route (not by-year),US carriers' airborne time on US-touching international segments
MLM,IAH,US,219,-6.132479739392984,8.156774193548374,6,full 1990-2025 sample for this route (not by-year),US carriers' airborne time on US-touching international segments
MLM,LAX,US,4,1.238992579463541,4.268927287581708,2,full 1990-2025 sample for this route (not by-year),US carriers' airborne time on US-touching international segments
MNL,GUM,US,383,-8.007151515151515,8.690840848806367,8,full 1990-2025 sample for this route (not by-year),US carriers' airborne time on US-touching international segments
MNL,HNL,US,40,-32.47719975490193,15.11951388888895,2,full 1990-2025 sample for this route (not by-year),US carriers' airborne time on US-touching international segments
MNL,ROR,US,33,-6.049650349650344,3.275897435897416,2,full 1990-2025 sample for this route (not by-year),US carriers' airborne time on US-touching international segments
MNL,SFO,US,2,-0.5345966511059498,9.62033383935998,2,full 1990-2025 sample for this route (not by-year),US carriers' airborne time on US-touching international segments
MNL,SPN,US,105,-5.070451770451774,9.222905982905996,4,full 1990-2025 sample for this route (not by-year),US carriers' airborne time on US-touching international segments
MPB,NSB,US,5,2.4467993920972675,23.748235294117645,2,full 1990-2025 sample for this route (not by-year),US carriers' airborne time on US-touching international segments
MSP,ACA,US,42,-14.225,14.75150000000001,2,full 1990-2025 sample for this route (not by-year),US carriers' airborne time on US-touching international segments
MSP,AMS,US,318,-19.14014824797844,24.34465780019709,8,full 1990-2025 sample for this route (not by-year),US carriers' airborne time on US-touching international segments
MSP,AUA,US,17,-15.831000000000017,6.867000000000009,2,full 1990-2025 sample for this route (not by-year),US carriers' airborne time on US-touching international segments
MSP,BZE,US,14,-10.153710317460298,11.307928571428562,2,full 1990-2025 sample for this route (not by-year),US carriers' airborne time on US-touching international segments
MSP,CDG,US,142,-23.974591609725096,19.706646579227222,4,full 1990-2025 sample for this route (not by-year),US carriers' airborne time on US-touching international segments
MSP,CUN,US,246,-10.154652777777786,15.13000000000006,6,full 1990-2025 sample for this route (not by-year),US carriers' airborne time on US-touching international segments
MSP,CZM,US,120,-15.288721611721602,13.486759615384615,4,full 1990-2025 sample for this route (not by-year),US carriers' airborne time on US-touching international segments
MSP,GCM,US,47,-9.013500000000002,19.528999999999993,2,full 1990-2025 sample for this route (not by-year),US carriers' airborne time on US-touching international segments
MSP,HND,US,27,-39.68412423857197,23.312371916508514,2,full 1990-2025 sample for this route (not by-year),US carriers' airborne time on US-touching international segments
MSP,HUX,US,17,-17.65,22.74,2,full 1990-2025 sample for this route (not by-year),US carriers' airborne time on US-touching international segments
MSP,ICN,US,15,-16.559566137566133,28.721010752688226,2,full 1990-2025 sample for this route (not by-year),US carriers' airborne time on US-touching international segments
MSP,KEF,US,19,-10.688328725038403,11.715589157706107,2,full 1990-2025 sample for this route (not by-year),US carriers' airborne time on US-touching international segments
MSP,KIX,US,7,-9.054796526054599,8.121034103827176,2,full 1990-2025 sample for this route (not by-year),US carriers' airborne time on US-touching international segments
MSP,LGW,US,191,-19.864226918798664,26.721359447004616,4,full 1990-2025 sample for this route (not by-year),US carriers' airborne time on US-touching international segments
MSP,LHR,US,142,-27.851724130708014,25.953225536735324,4,full 1990-2025 sample for this route (not by-year),US carriers' airborne time on US-touching international segments
MSP,LIR,US,73,-15.917999999999983,13.377281045751632,2,full 1990-2025 sample for this route (not by-year),US carriers' airborne time on US-touching international segments
MSP,MBJ,US,90,-10.16152170868346,8.992815789473678,2,full 1990-2025 sample for this route (not by-year),US carriers' airborne time on US-touching international segments
MSP,MEX,US,26,-6.660235732009916,6.0162157320597345,2,full 1990-2025 sample for this route (not by-year),US carriers' airborne time on US-touching international segments
MSP,MZT,US,85,-15.049999999999992,17.51655913978492,2,full 1990-2025 sample for this route (not by-year),US carriers' airborne time on US-touching international segments
MSP,NAS,US,14,-7.606909090909099,18.17016666666666,2,full 1990-2025 sample for this route (not by-year),US carriers' airborne time on US-touching international segments
MSP,NRT,US,238,-19.151693548387144,27.62048387096776,6,full 1990-2025 sample for this route (not by-year),US carriers' airborne time on US-touching international segments
MSP,PLS,US,6,-10.396250000000016,5.055694444444441,2,full 1990-2025 sample for this route (not by-year),US carriers' airborne time on US-touching international segments
MSP,POP,US,14,-9.762999999999984,15.404999999999994,2,full 1990-2025 sample for this route (not by-year),US carriers' airborne time on US-touching international segments
MSP,PUJ,US,92,-15.486379310344812,12.850478448275863,2,full 1990-2025 sample for this route (not by-year),US carriers' airborne time on US-touching international segments
MSP,PVR,US,152,-15.514549999999995,12.67825000000001,4,full 1990-2025 sample for this route (not by-year),US carriers' airborne time on US-touching international segments
MSP,RTB,US,6,-15.92625,18.49875,2,full 1990-2025 sample for this route (not by-year),US carriers' airborne time on US-touching international segments
MSP,SJD,US,108,-11.93026515151516,17.20098888888886,4,full 1990-2025 sample for this route (not by-year),US carriers' airborne time on US-touching international segments
MSP,SXM,US,38,-15.1175,18.796250000000033,2,full 1990-2025 sample for this route (not by-year),US carriers' airborne time on US-touching international segments
MSP,YEG,US,343,-10.078880777023775,9.171970237226402,8,full 1990-2025 sample for this route (not by-year),US carriers' airborne time on US-touching international segments
MSP,YQR,US,231,-12.594793435200904,10.615220192586353,6,full 1990-2025 sample for this route (not by-year),US carriers' airborne time on US-touching international segments
MSP,YQT,US,136,-21.370161290322578,4.68885227975514,4,full 1990-2025 sample for this route (not by-year),US carriers' airborne time on US-touching international segments
MSP,YUL,US,293,-7.964555038182154,8.10736083588541,6,full 1990-2025 sample for this route (not by-year),US carriers' airborne time on US-touching international segments
MSP,YVR,US,276,-12.168719820078046,13.237070928231645,6,full 1990-2025 sample for this route (not by-year),US carriers' airborne time on US-touching international segments
MSP,YWG,US,381,-7.499215416117804,8.349968158902229,8,full 1990-2025 sample for this route (not by-year),US carriers' airborne time on US-touching international segments
MSP,YXE,US,276,-6.53624782318505,7.564881799493989,6,full 1990-2025 sample for this route (not by-year),US carriers' airborne time on US-touching international segments
MSP,YYC,US,324,-10.745844402277037,12.750076679005792,8,full 1990-2025 sample for this route (not by-year),US carriers' airborne time on US-touching international segments
MSP,YYZ,US,282,-4.645814242965266,4.545453605435722,6,full 1990-2025 sample for this route (not by-year),US carriers' airborne time on US-touching international segments
MSP,ZIH,US,107,-14.200431034482747,12.184438672438706,4,full 1990-2025 sample for this route (not by-year),US carriers' airborne time on US-touching international segments
MSP,ZLO,US,21,-15.849999999999989,20.45,2,full 1990-2025 sample for this route (not by-year),US carriers' airborne time on US-touching international segments
MSY,CUN,US,56,-10.444862155388478,14.834375000000005,2,full 1990-2025 sample for this route (not by-year),US carriers' airborne time on US-touching international segments
MSY,NAS,US,4,1.6066666666666576,11.885,2,full 1990-2025 sample for this route (not by-year),US carriers' airborne time on US-touching international segments
MSY,SAP,US,24,-3.402738247863247,4.735066616390138,2,full 1990-2025 sample for this route (not by-year),US carriers' airborne time on US-touching international segments
MTY,ATL,US,252,-10.567273568922735,6.6572139414164075,6,full 1990-2025 sample for this route (not by-year),US carriers' airborne time on US-touching international segments
MTY,DFW,US,388,-3.003490204254864,5.406524159866853,8,full 1990-2025 sample for this route (not by-year),US carriers' airborne time on US-touching international segments
MTY,DTW,US,115,-12.045921434886953,7.488604375231724,4,full 1990-2025 sample for this route (not by-year),US carriers' airborne time on US-touching international segments
MTY,IAH,US,388,-3.862279094260139,7.937671559266331,8,full 1990-2025 sample for this route (not by-year),US carriers' airborne time on US-touching international segments
MTY,LAX,US,10,-4.959333782860439,7.996005747126439,2,full 1990-2025 sample for this route (not by-year),US carriers' airborne time on US-touching international segments
MTY,MIA,US,76,-11.797598522167497,8.032991202346032,2,full 1990-2025 sample for this route (not by-year),US carriers' airborne time on US-touching international segments
MTY,ORD,US,116,-6.375560043099943,12.296497984773858,4,full 1990-2025 sample for this route (not by-year),US carriers' airborne time on US-touching international segments
MTY,PHX,US,12,-5.935615195149667,1.5807258064515946,2,full 1990-2025 sample for this route (not by-year),US carriers' airborne time on US-touching international segments
MUC,ATL,US,369,-27.70814814814817,28.811199999999932,8,full 1990-2025 sample for this route (not by-year),US carriers' airborne time on US-touching international segments
MUC,CLT,US,26,-29.973201566951644,8.11879403040416,2,full 1990-2025 sample for this route (not by-year),US carriers' airborne time on US-touching international segments
MUC,DEN,US,21,-13.351093807934694,10.76444444444444,2,full 1990-2025 sample for this route (not by-year),US carriers' airborne time on US-touching international segments
MUC,DTW,US,25,-9.05935483870967,20.664781609195376,2,full 1990-2025 sample for this route (not by-year),US carriers' airborne time on US-touching international segments
MUC,EWR,US,136,-28.74642857142852,14.157813895781644,4,full 1990-2025 sample for this route (not by-year),US carriers' airborne time on US-touching international segments
MUC,IAD,US,284,-30.221719662058412,28.419790322580656,6,full 1990-2025 sample for this route (not by-year),US carriers' airborne time on US-touching international segments
MUC,IAH,US,57,-46.563374344953274,16.453216931216918,2,full 1990-2025 sample for this route (not by-year),US carriers' airborne time on US-touching international segments
MUC,JFK,US,117,-42.82021505376342,25.289233161197266,4,full 1990-2025 sample for this route (not by-year),US carriers' airborne time on US-touching international segments
MUC,ORD,US,223,-37.79688122605363,27.247017369727054,6,full 1990-2025 sample for this route (not by-year),US carriers' airborne time on US-touching international segments
MUC,PHL,US,251,-28.029885057471205,29.257700563979483,6,full 1990-2025 sample for this route (not by-year),US carriers' airborne time on US-touching international segments
MUC,SFO,US,38,-12.226925925925999,16.93046774193553,2,full 1990-2025 sample for this route (not by-year),US carriers' airborne time on US-touching international segments
MVD,MIA,US,170,-34.35461822660093,18.00849968374452,4,full 1990-2025 sample for this route (not by-year),US carriers' airborne time on US-touching international segments
MXP,ATL,US,140,-20.9129569892473,24.157844430319344,4,full 1990-2025 sample for this route (not by-year),US carriers' airborne time on US-touching international segments
MXP,EWR,US,286,-31.783999999999974,30.711131868131723,6,full 1990-2025 sample for this route (not by-year),US carriers' airborne time on US-touching international segments
MXP,IAD,US,104,-31.774086021505344,31.816451612903208,4,full 1990-2025 sample for this route (not by-year),US carriers' airborne time on US-touching international segments
MXP,JFK,US,374,-31.367752821122505,24.992128597979804,8,full 1990-2025 sample for this route (not by-year),US carriers' airborne time on US-touching international segments
MXP,MIA,US,52,-27.72502150537633,17.343352369192743,2,full 1990-2025 sample for this route (not by-year),US carriers' airborne time on US-touching international segments
MXP,ORD,US,114,-22.765870967741986,17.219252688172073,4,full 1990-2025 sample for this route (not by-year),US carriers' airborne time on US-touching international segments
MXP,PHL,US,16,-10.94639302059495,24.61885795424446,2,full 1990-2025 sample for this route (not by-year),US carriers' airborne time on US-touching international segments
MZT,DEN,US,61,-12.553205128205127,9.399999999999999,2,full 1990-2025 sample for this route (not by-year),US carriers' airborne time on US-touching international segments
MZT,DFW,US,112,-8.649293103448276,4.758882758620688,4,full 1990-2025 sample for this route (not by-year),US carriers' airborne time on US-touching international segments
MZT,IAH,US,170,-18.356571428571428,25.30721598254689,4,full 1990-2025 sample for this route (not by-year),US carriers' airborne time on US-touching international segments
MZT,LAX,US,387,-6.753419358419341,7.773098817966906,8,full 1990-2025 sample for this route (not by-year),US carriers' airborne time on US-touching international segments
MZT,MSP,US,85,-12.000714285714285,16.749999999999947,2,full 1990-2025 sample for this route (not by-year),US carriers' airborne time on US-touching international segments
MZT,PHX,US,329,-7.815190918472649,5.584522144522136,8,full 1990-2025 sample for this route (not by-year),US carriers' airborne time on US-touching international segments
MZT,SEA,US,64,-20.567500000000013,106.05749999999938,2,full 1990-2025 sample for this route (not by-year),US carriers' airborne time on US-touching international segments
MZT,SFO,US,165,-13.92261437908497,23.439999999999895,4,full 1990-2025 sample for this route (not by-year),US carriers' airborne time on US-touching international segments
MZT,SLC,US,1,36.69166666666666,36.69166666666666,0,full 1990-2025 sample for this route (not by-year),US carriers' airborne time on US-touching international segments
NAP,EWR,US,12,-6.563002887947619,18.47699751607253,2,full 1990-2025 sample for this route (not by-year),US carriers' airborne time on US-touching international segments
NAS,ATL,US,382,-7.2638015873015895,7.510136602098468,8,full 1990-2025 sample for this route (not by-year),US carriers' airborne time on US-touching international segments
NAS,AUS,US,1,9.838235294117652,9.838235294117652,0,full 1990-2025 sample for this route (not by-year),US carriers' airborne time on US-touching international segments
NAS,BNA,US,4,-0.4695238095238273,8.438928571428544,2,full 1990-2025 sample for this route (not by-year),US carriers' airborne time on US-touching international segments
NAS,BOS,US,130,-9.394374109686616,12.179993961352674,4,full 1990-2025 sample for this route (not by-year),US carriers' airborne time on US-touching international segments
NAS,BWI,US,131,-8.111290322580658,16.837803643724662,4,full 1990-2025 sample for this route (not by-year),US carriers' airborne time on US-touching international segments
NAS,CLE,US,29,-10.111111111111121,9.643333333333334,2,full 1990-2025 sample for this route (not by-year),US carriers' airborne time on US-touching international segments
NAS,CLT,US,384,-10.909959503615132,9.296451612903223,8,full 1990-2025 sample for this route (not by-year),US carriers' airborne time on US-touching international segments
NAS,CVG,US,74,-15.956006235514847,17.630933257918496,2,full 1990-2025 sample for this route (not by-year),US carriers' airborne time on US-touching international segments
NAS,DCA,US,183,-15.070645161290326,17.549467040673214,4,full 1990-2025 sample for this route (not by-year),US carriers' airborne time on US-touching international segments
NAS,DEN,US,15,-11.63449999999999,15.825,2,full 1990-2025 sample for this route (not by-year),US carriers' airborne time on US-touching international segments
NAS,DFW,US,156,-10.545277777777772,11.736379310344809,4,full 1990-2025 sample for this route (not by-year),US carriers' airborne time on US-touching international segments
NAS,DTW,US,59,-9.727999999999996,11.904702380952402,2,full 1990-2025 sample for this route (not by-year),US carriers' airborne time on US-touching international segments
NAS,EWR,US,291,-11.578416110553357,14.69009409361951,6,full 1990-2025 sample for this route (not by-year),US carriers' airborne time on US-touching international segments
NAS,FLL,US,382,-7.529447087781382,12.705822841497344,8,full 1990-2025 sample for this route (not by-year),US carriers' airborne time on US-touching international segments
NAS,IAD,US,27,-20.309833333333337,20.595666666666666,2,full 1990-2025 sample for this route (not by-year),US carriers' airborne time on US-touching international segments
NAS,IAH,US,150,-11.472340909090912,15.534999999999968,4,full 1990-2025 sample for this route (not by-year),US carriers' airborne time on US-touching international segments
NAS,JFK,US,255,-7.901992248062018,8.66528275862069,6,full 1990-2025 sample for this route (not by-year),US carriers' airborne time on US-touching international segments
NAS,LGA,US,251,-9.701091987128535,15.37403993855608,6,full 1990-2025 sample for this route (not by-year),US carriers' airborne time on US-touching international segments
NAS,MCO,US,361,-13.018968816841157,29.132043010752685,8,full 1990-2025 sample for this route (not by-year),US carriers' airborne time on US-touching international segments
NAS,MIA,US,309,-12.773123979220948,6.726597138892412,8,full 1990-2025 sample for this route (not by-year),US carriers' airborne time on US-touching international segments
NAS,MSP,US,13,-18.310666666666673,9.996363636363638,2,full 1990-2025 sample for this route (not by-year),US carriers' airborne time on US-touching international segments
NAS,MSY,US,4,2.1599999999999997,10.313749999999999,2,full 1990-2025 sample for this route (not by-year),US carriers' airborne time on US-touching international segments
NAS,ORD,US,95,-8.828681818181806,9.596630051909512,2,full 1990-2025 sample for this route (not by-year),US carriers' airborne time on US-touching international segments
NAS,PBI,US,56,-4.067383606557378,1.8936823769298874,2,full 1990-2025 sample for this route (not by-year),US carriers' airborne time on US-touching international segments
NAS,PHL,US,320,-23.770479838709676,18.306177777777776,8,full 1990-2025 sample for this route (not by-year),US carriers' airborne time on US-touching international segments
NAS,TPA,US,91,-22.16627217054359,13.242741935483863,2,full 1990-2025 sample for this route (not by-year),US carriers' airborne time on US-touching international segments
NCE,ATL,US,5,-1.6841668520577378,18.309209027065474,2,full 1990-2025 sample for this route (not by-year),US carriers' airborne time on US-touching international segments
NCE,EWR,US,10,-4.452500000000007,10.129311827957011,2,full 1990-2025 sample for this route (not by-year),US carriers' airborne time on US-touching international segments
NCE,JFK,US,326,-33.58872549019607,20.991661279896604,8,full 1990-2025 sample for this route (not by-year),US carriers' airborne time on US-touching international segments
NEV,SJU,US,137,-19.47439871024811,15.83294308646719,4,full 1990-2025 sample for this route (not by-year),US carriers' airborne time on US-touching international segments
NEV,STT,US,11,-0.023910242982822183,0.019504880496258894,2,full 1990-2025 sample for this route (not by-year),US carriers' airborne time on US-touching international segments
NGO,DTW,US,251,-22.7178571428571,34.294664031620584,6,full 1990-2025 sample for this route (not by-year),US carriers' airborne time on US-touching international segments
NGO,GUM,US,356,-6.499811827956987,9.216979050797178,8,full 1990-2025 sample for this route (not by-year),US carriers' airborne time on US-touching international segments
NGO,HNL,US,169,-16.238948326423333,18.39958944281523,4,full 1990-2025 sample for this route (not by-year),US carriers' airborne time on US-touching international segments
NGO,PDX,US,98,-19.653345622119783,15.567935483870926,2,full 1990-2025 sample for this route (not by-year),US carriers' airborne time on US-touching international segments
NGO,SFO,US,20,-107.28337903225808,99.63845483870966,2,full 1990-2025 sample for this route (not by-year),US carriers' airborne time on US-touching international segments
NGO,SPN,US,201,-8.174603174603163,10.615396341463395,4,full 1990-2025 sample for this route (not by-year),US carriers' airborne time on US-touching international segments
NRT,ATL,US,238,-17.17533333333329,19.002025168379987,6,full 1990-2025 sample for this route (not by-year),US carriers' airborne time on US-touching international segments
NRT,DEN,US,68,-13.387901614668806,10.271519002595525,2,full 1990-2025 sample for this route (not by-year),US carriers' airborne time on US-touching international segments
NRT,DFW,US,388,-132.4004041353384,267.3128793897981,8,full 1990-2025 sample for this route (not by-year),US carriers' airborne time on US-touching international segments
NRT,DTW,US,339,-19.19932467532464,19.042037512218993,8,full 1990-2025 sample for this route (not by-year),US carriers' airborne time on US-touching international segments
NRT,EWR,US,329,-18.959690837239172,21.714025234025108,8,full 1990-2025 sample for this route (not by-year),US carriers' airborne time on US-touching international segments
NRT,GUM,US,388,-6.00935206222078,9.44346665116459,8,full 1990-2025 sample for this route (not by-year),US carriers' airborne time on US-touching international segments
NRT,HNL,US,378,-32.726190536214425,54.444782291743934,8,full 1990-2025 sample for this route (not by-year),US carriers' airborne time on US-touching international segments
NRT,IAD,US,138,-14.702358175750803,21.032282051281957,4,full 1990-2025 sample for this route (not by-year),US carriers' airborne time on US-touching international segments
NRT,IAH,US,259,-42.72309397499056,146.6258791208789,6,full 1990-2025 sample for this route (not by-year),US carriers' airborne time on US-touching international segments
NRT,JFK,US,297,-20.975722718676302,23.929290322580623,6,full 1990-2025 sample for this route (not by-year),US carriers' airborne time on US-touching international segments
NRT,LAS,US,12,-44.66864102564095,14.383923076923013,2,full 1990-2025 sample for this route (not by-year),US carriers' airborne time on US-touching international segments
NRT,LAX,US,378,-29.85241446172792,48.428589263420726,8,full 1990-2025 sample for this route (not by-year),US carriers' airborne time on US-touching international segments
NRT,MSP,US,240,-18.76587499999998,20.631944444444482,6,full 1990-2025 sample for this route (not by-year),US carriers' airborne time on US-touching international segments
NRT,ORD,US,348,-24.68459047266219,18.880592483419285,8,full 1990-2025 sample for this route (not by-year),US carriers' airborne time on US-touching international segments
NRT,PDX,US,277,-17.160372759856592,24.51076381164254,6,full 1990-2025 sample for this route (not by-year),US carriers' airborne time on US-touching international segments
NRT,SEA,US,339,-21.22648185669554,51.00549462973437,8,full 1990-2025 sample for this route (not by-year),US carriers' airborne time on US-touching international segments
NRT,SFO,US,388,-22.968319821110224,27.968838709677385,8,full 1990-2025 sample for this route (not by-year),US carriers' airborne time on US-touching international segments
NRT,SJC,US,164,-22.39942047685835,239.61850864890155,4,full 1990-2025 sample for this route (not by-year),US carriers' airborne time on US-touching international segments
NRT,SLC,US,4,-9.825184953490494,7.935872564935126,2,full 1990-2025 sample for this route (not by-year),US carriers' airborne time on US-touching international segments
NRT,SPN,US,333,-5.968103225806456,9.95564624752684,8,full 1990-2025 sample for this route (not by-year),US carriers' airborne time on US-touching international segments
NSB,FLL,US,48,-12.958526604068858,15.96034123277691,2,full 1990-2025 sample for this route (not by-year),US carriers' airborne time on US-touching international segments
NSB,MPB,US,5,-1.1369527777777773,25.415782544155928,2,full 1990-2025 sample for this route (not by-year),US carriers' airborne time on US-touching international segments
OAK,PVR,US,11,-6.694050791424561,6.133744498718375,2,full 1990-2025 sample for this route (not by-year),US carriers' airborne time on US-touching international segments
OAK,SJD,US,33,-14.493999999999996,21.292281105990796,2,full 1990-2025 sample for this route (not by-year),US carriers' airborne time on US-touching international segments
OAX,DFW,US,32,-7.562717948717933,5.477632183908071,2,full 1990-2025 sample for this route (not by-year),US carriers' airborne time on US-touching international segments
OAX,IAH,US,204,-6.198342545994546,9.157916256157623,6,full 1990-2025 sample for this route (not by-year),US carriers' airborne time on US-touching international segments
OKA,GUM,US,65,-7.179917287014058,4.89701465201467,2,full 1990-2025 sample for this route (not by-year),US carriers' airborne time on US-touching international segments
OKJ,GUM,US,179,-7.294500000000006,10.396777777777773,4,full 1990-2025 sample for this route (not by-year),US carriers' airborne time on US-touching international segments
OPO,EWR,US,14,-11.366260752688154,15.367468553459124,2,full 1990-2025 sample for this route (not by-year),US carriers' airborne time on US-touching international segments
ORD,ACA,US,55,-24.674,14.973333333333342,2,full 1990-2025 sample for this route (not by-year),US carriers' airborne time on US-touching international segments
ORD,AMS,US,230,-24.715264069264066,26.441290322580674,6,full 1990-2025 sample for this route (not by-year),US carriers' airborne time on US-touching international segments
ORD,ARN,US,117,-14.097462365591388,17.99775009269557,4,full 1990-2025 sample for this route (not by-year),US carriers' airborne time on US-touching international segments
ORD,ATH,US,10,-5.662206214689242,15.469492528735623,2,full 1990-2025 sample for this route (not by-year),US carriers' airborne time on US-touching international segments
ORD,AUA,US,196,-10.228968253968258,12.371666666666695,4,full 1990-2025 sample for this route (not by-year),US carriers' airborne time on US-touching international segments
ORD,BCN,US,16,-6.383870967741925,9.530887927861649,2,full 1990-2025 sample for this route (not by-year),US carriers' airborne time on US-touching international segments
ORD,BDA,US,4,-0.9440833333333276,5.221555555555561,2,full 1990-2025 sample for this route (not by-year),US carriers' airborne time on US-touching international segments
ORD,BHX,US,60,-22.081791666666685,15.387408602150508,2,full 1990-2025 sample for this route (not by-year),US carriers' airborne time on US-touching international segments
ORD,BRU,US,381,-27.28411973130583,25.828935324964228,8,full 1990-2025 sample for this route (not by-year),US carriers' airborne time on US-touching international segments
ORD,BZE,US,28,-17.560999999999996,7.922749999999998,2,full 1990-2025 sample for this route (not by-year),US carriers' airborne time on US-touching international segments
ORD,CDG,US,373,-25.759394670406703,25.40790127313908,8,full 1990-2025 sample for this route (not by-year),US carriers' airborne time on US-touching international segments
ORD,CUN,US,256,-8.301500618439189,10.241752577319575,6,full 1990-2025 sample for this route (not by-year),US carriers' airborne time on US-touching international segments
ORD,CZM,US,69,-11.986000000000004,13.852222222222213,2,full 1990-2025 sample for this route (not by-year),US carriers' airborne time on US-touching international segments
ORD,DEL,US,52,-35.81904121863798,10.720270114942583,2,full 1990-2025 sample for this route (not by-year),US carriers' airborne time on US-touching international segments
ORD,DUB,US,116,-22.749404761904767,21.957047043010743,4,full 1990-2025 sample for this route (not by-year),US carriers' airborne time on US-touching international segments
ORD,DUS,US,94,-25.302257115749512,23.624570634037827,2,full 1990-2025 sample for this route (not by-year),US carriers' airborne time on US-touching international segments
ORD,EDI,US,28,-11.694019095291061,6.140448879551839,2,full 1990-2025 sample for this route (not by-year),US carriers' airborne time on US-touching international segments
ORD,EZE,US,22,-7.916983870967812,27.32658008898776,2,full 1990-2025 sample for this route (not by-year),US carriers' airborne time on US-touching international segments
ORD,FCO,US,142,-20.05744696053994,21.760424731182763,4,full 1990-2025 sample for this route (not by-year),US carriers' airborne time on US-touching international segments
ORD,FRA,US,384,-23.23702616529231,20.156403602433752,8,full 1990-2025 sample for this route (not by-year),US carriers' airborne time on US-touching international segments
ORD,GCM,US,34,-9.58625,8.523360294117648,2,full 1990-2025 sample for this route (not by-year),US carriers' airborne time on US-touching international segments
ORD,GLA,US,98,-19.346800345006013,12.153342602892103,2,full 1990-2025 sample for this route (not by-year),US carriers' airborne time on US-touching international segments
ORD,GRU,US,285,-23.866666666666703,24.99406451612903,6,full 1990-2025 sample for this route (not by-year),US carriers' airborne time on US-touching international segments
ORD,GUA,US,24,-11.604000000000001,8.913749999999988,2,full 1990-2025 sample for this route (not by-year),US carriers' airborne time on US-touching international segments
ORD,HEL,US,6,-10.833002699938366,3.5290961416824542,2,full 1990-2025 sample for this route (not by-year),US carriers' airborne time on US-touching international segments
ORD,HKG,US,239,-35.55765528516634,35.688689655172425,6,full 1990-2025 sample for this route (not by-year),US carriers' airborne time on US-touching international segments
ORD,HND,US,24,-16.994090311986884,12.50903225806443,2,full 1990-2025 sample for this route (not by-year),US carriers' airborne time on US-touching international segments
ORD,HUX,US,2,-2.4459999999999997,2.846000000000034,2,full 1990-2025 sample for this route (not by-year),US carriers' airborne time on US-touching international segments
ORD,KEF,US,9,-3.5695121328224717,8.57634325889169,2,full 1990-2025 sample for this route (not by-year),US carriers' airborne time on US-touching international segments
ORD,KIX,US,8,2.2466715927749523,15.170661290322604,2,full 1990-2025 sample for this route (not by-year),US carriers' airborne time on US-touching international segments
ORD,LHR,US,386,-22.127894786373055,26.643800211416483,8,full 1990-2025 sample for this route (not by-year),US carriers' airborne time on US-touching international segments
ORD,LIR,US,91,-13.000833333333338,10.365476190476176,2,full 1990-2025 sample for this route (not by-year),US carriers' airborne time on US-touching international segments
ORD,MAN,US,313,-25.985920652576954,29.831062068965494,8,full 1990-2025 sample for this route (not by-year),US carriers' airborne time on US-touching international segments
ORD,MBJ,US,148,-11.417257575757583,8.706893772893777,4,full 1990-2025 sample for this route (not by-year),US carriers' airborne time on US-touching international segments
ORD,MEX,US,357,-11.077132942962479,10.648970607392776,8,full 1990-2025 sample for this route (not by-year),US carriers' airborne time on US-touching international segments
ORD,MTY,US,116,-13.023950304259625,15.627087542087542,4,full 1990-2025 sample for this route (not by-year),US carriers' airborne time on US-touching international segments
ORD,MUC,US,223,-31.283025974025968,22.889605263157897,6,full 1990-2025 sample for this route (not by-year),US carriers' airborne time on US-touching international segments
ORD,MXP,US,114,-23.849849753694606,22.576775729646712,4,full 1990-2025 sample for this route (not by-year),US carriers' airborne time on US-touching international segments
ORD,NAS,US,95,-9.13150143973673,11.118285714285719,2,full 1990-2025 sample for this route (not by-year),US carriers' airborne time on US-touching international segments
ORD,NRT,US,348,-21.859131232957672,22.2610665004751,8,full 1990-2025 sample for this route (not by-year),US carriers' airborne time on US-touching international segments
ORD,ORY,US,93,-21.472032258064527,27.102527252502732,2,full 1990-2025 sample for this route (not by-year),US carriers' airborne time on US-touching international segments
ORD,PEK,US,200,-26.109690986582105,26.267600806451654,4,full 1990-2025 sample for this route (not by-year),US carriers' airborne time on US-touching international segments
ORD,PLS,US,44,-8.215766594516602,15.200295454545458,2,full 1990-2025 sample for this route (not by-year),US carriers' airborne time on US-touching international segments
ORD,PUJ,US,181,-8.743535353535355,8.654636562027875,4,full 1990-2025 sample for this route (not by-year),US carriers' airborne time on US-touching international segments
ORD,PVG,US,159,-18.608091555830505,13.959432724668794,4,full 1990-2025 sample for this route (not by-year),US carriers' airborne time on US-touching international segments
ORD,PVR,US,199,-11.927000000000005,11.968915928515942,4,full 1990-2025 sample for this route (not by-year),US carriers' airborne time on US-touching international segments
ORD,SJD,US,225,-14.966197852945188,14.007588627588637,6,full 1990-2025 sample for this route (not by-year),US carriers' airborne time on US-touching international segments
ORD,SJO,US,50,-11.58641666666666,17.31860576923072,2,full 1990-2025 sample for this route (not by-year),US carriers' airborne time on US-touching international segments
ORD,SNN,US,18,-10.044724137931016,7.480043010752707,2,full 1990-2025 sample for this route (not by-year),US carriers' airborne time on US-touching international segments
ORD,SXM,US,72,-11.16066666666666,13.278750000000018,2,full 1990-2025 sample for this route (not by-year),US carriers' airborne time on US-touching international segments
ORD,UVF,US,24,-10.816750000000015,12.486250000000021,2,full 1990-2025 sample for this route (not by-year),US carriers' airborne time on US-touching international segments
ORD,YEG,US,117,-11.008820205251237,13.703555287217531,4,full 1990-2025 sample for this route (not by-year),US carriers' airborne time on US-touching international segments
ORD,YHZ,US,69,-11.372561576354677,11.807375970134572,2,full 1990-2025 sample for this route (not by-year),US carriers' airborne time on US-touching international segments
ORD,YKF,US,29,-1.5868166424770191,2.8293053173241853,2,full 1990-2025 sample for this route (not by-year),US carriers' airborne time on US-touching international segments
ORD,YOW,US,288,-5.789206334738402,16.940632318501162,6,full 1990-2025 sample for this route (not by-year),US carriers' airborne time on US-touching international segments
ORD,YQB,US,102,-5.323078313253015,9.055546085040174,4,full 1990-2025 sample for this route (not by-year),US carriers' airborne time on US-touching international segments
ORD,YQR,US,29,-4.817978494623646,7.9265344081206015,2,full 1990-2025 sample for this route (not by-year),US carriers' airborne time on US-touching international segments
ORD,YUL,US,376,-5.547501644546607,5.324284256266186,8,full 1990-2025 sample for this route (not by-year),US carriers' airborne time on US-touching international segments
ORD,YVR,US,358,-17.825060101305276,14.48010901001111,8,full 1990-2025 sample for this route (not by-year),US carriers' airborne time on US-touching international segments
ORD,YWG,US,178,-4.773463392875166,5.814418279400087,4,full 1990-2025 sample for this route (not by-year),US carriers' airborne time on US-touching international segments
ORD,YXU,US,58,-2.728465013556126,3.1998196685253832,2,full 1990-2025 sample for this route (not by-year),US carriers' airborne time on US-touching international segments
ORD,YYC,US,300,-10.75588461836375,12.479080263963704,6,full 1990-2025 sample for this route (not by-year),US carriers' airborne time on US-touching international segments
ORD,YYZ,US,388,-3.026951563159112,3.2978588431242573,8,full 1990-2025 sample for this route (not by-year),US carriers' airborne time on US-touching international segments
ORD,ZIH,US,28,-13.458250000000003,14.065750000000005,2,full 1990-2025 sample for this route (not by-year),US carriers' airborne time on US-touching international segments
ORD,ZRH,US,125,-24.395238095238074,27.252715053763488,4,full 1990-2025 sample for this route (not by-year),US carriers' airborne time on US-touching international segments
ORY,ATL,US,64,-33.05551279199108,28.961095661846443,2,full 1990-2025 sample for this route (not by-year),US carriers' airborne time on US-touching international segments
ORY,BOS,US,17,-14.594764294248131,24.530547274749658,2,full 1990-2025 sample for this route (not by-year),US carriers' airborne time on US-touching international segments
ORY,CVG,US,57,-47.19856209150325,20.218738351254498,2,full 1990-2025 sample for this route (not by-year),US carriers' airborne time on US-touching international segments
ORY,DFW,US,93,-42.27305376344091,22.291999999999966,2,full 1990-2025 sample for this route (not by-year),US carriers' airborne time on US-touching international segments
ORY,EWR,US,64,-32.69349462365594,24.628586643890035,2,full 1990-2025 sample for this route (not by-year),US carriers' airborne time on US-touching international segments
ORY,IAH,US,35,-32.22270646422815,13.169242532855366,2,full 1990-2025 sample for this route (not by-year),US carriers' airborne time on US-touching international segments
ORY,JFK,US,94,-40.73445935895146,30.554532166422256,2,full 1990-2025 sample for this route (not by-year),US carriers' airborne time on US-touching international segments
ORY,MIA,US,67,-27.383932888394487,18.35670967741938,2,full 1990-2025 sample for this route (not by-year),US carriers' airborne time on US-touching international segments
ORY,ORD,US,93,-31.643779013718955,13.334838709677344,2,full 1990-2025 sample for this route (not by-year),US carriers' airborne time on US-touching international segments
ORY,PHL,US,15,-21.12144086021506,29.69046833930708,2,full 1990-2025 sample for this route (not by-year),US carriers' airborne time on US-touching international segments
ORY,RDU,US,33,-25.11566184649605,26.723277504105067,2,full 1990-2025 sample for this route (not by-year),US carriers' airborne time on US-touching international segments
OSA,HNL,US,33,-11.632888293152606,13.781944341372915,2,full 1990-2025 sample for this route (not by-year),US carriers' airborne time on US-touching international segments
OSA,JFK,US,8,-13.986366133866166,1.7466016483517073,2,full 1990-2025 sample for this route (not by-year),US carriers' airborne time on US-touching international segments
OSA,LAX,US,32,-20.29043290043293,23.576263403263425,2,full 1990-2025 sample for this route (not by-year),US carriers' airborne time on US-touching international segments
OSA,SFO,US,32,-18.884387096774173,19.891247311828007,2,full 1990-2025 sample for this route (not by-year),US carriers' airborne time on US-touching international segments
OSL,EWR,US,117,-32.72622990407196,22.60748629531393,4,full 1990-2025 sample for this route (not by-year),US carriers' airborne time on US-touching international segments
OTP,JFK,US,4,-5.12767075163397,3.7207310924370183,2,full 1990-2025 sample for this route (not by-year),US carriers' airborne time on US-touching international segments
PAP,ATL,US,70,-6.621603000447848,8.560946553446556,2,full 1990-2025 sample for this route (not by-year),US carriers' airborne time on US-touching international segments
PAP,BOS,US,33,-13.423888888888891,5.572931995540689,2,full 1990-2025 sample for this route (not by-year),US carriers' airborne time on US-touching international segments
PAP,FLL,US,205,-6.405112062237568,5.5776486042692905,6,full 1990-2025 sample for this route (not by-year),US carriers' airborne time on US-touching international segments
PAP,JFK,US,357,-7.844509337860797,20.5671632453568,8,full 1990-2025 sample for this route (not by-year),US carriers' airborne time on US-touching international segments
PAP,MCO,US,4,-1.4974268518518479,4.395033521303267,2,full 1990-2025 sample for this route (not by-year),US carriers' airborne time on US-touching international segments
PAP,MIA,US,361,-3.980364656381488,5.787426931289144,8,full 1990-2025 sample for this route (not by-year),US carriers' airborne time on US-touching international segments
PBC,DFW,US,52,-6.380210727969351,6.1126275491286615,2,full 1990-2025 sample for this route (not by-year),US carriers' airborne time on US-touching international segments
PBC,IAH,US,211,-4.7079091406677644,11.011405835543776,6,full 1990-2025 sample for this route (not by-year),US carriers' airborne time on US-touching international segments
PBI,FPO,US,48,-4.642804223448912,1.5852549281858517,2,full 1990-2025 sample for this route (not by-year),US carriers' airborne time on US-touching international segments
PBI,MHH,US,167,-5.707094902981733,5.203433062880322,4,full 1990-2025 sample for this route (not by-year),US carriers' airborne time on US-touching international segments
PBI,NAS,US,56,-4.23765950663511,2.098663051328751,2,full 1990-2025 sample for this route (not by-year),US carriers' airborne time on US-touching international segments
PBI,TCB,US,2,0.03307804232804159,5.996948412698417,2,full 1990-2025 sample for this route (not by-year),US carriers' airborne time on US-touching international segments
PDL,EWR,US,8,-0.6551000903259302,11.852192204301076,2,full 1990-2025 sample for this route (not by-year),US carriers' airborne time on US-touching international segments
PDX,AMS,US,126,-18.823790322580606,25.470075070120373,4,full 1990-2025 sample for this route (not by-year),US carriers' airborne time on US-touching international segments
PDX,CUN,US,8,-9.61625,12.95875000000002,2,full 1990-2025 sample for this route (not by-year),US carriers' airborne time on US-touching international segments
PDX,LHR,US,5,-1.7714568838288596,1.831592929025701,2,full 1990-2025 sample for this route (not by-year),US carriers' airborne time on US-touching international segments
PDX,NGO,US,98,-20.978268817204267,18.746577380952356,2,full 1990-2025 sample for this route (not by-year),US carriers' airborne time on US-touching international segments
PDX,NRT,US,277,-22.166435786435727,24.375701149425236,6,full 1990-2025 sample for this route (not by-year),US carriers' airborne time on US-touching international segments
PDX,PVR,US,49,-8.636666666666663,7.338096041283897,2,full 1990-2025 sample for this route (not by-year),US carriers' airborne time on US-touching international segments
PDX,SEL,US,86,-34.151790450928374,18.828190743337984,2,full 1990-2025 sample for this route (not by-year),US carriers' airborne time on US-touching international segments
PDX,SJD,US,51,-7.714488485883763,9.258614469821367,2,full 1990-2025 sample for this route (not by-year),US carriers' airborne time on US-touching international segments
PDX,TPE,US,7,-19.759551820728216,25.301797385620887,2,full 1990-2025 sample for this route (not by-year),US carriers' airborne time on US-touching international segments
PDX,YVR,US,343,-6.485437378325764,7.64503722453841,8,full 1990-2025 sample for this route (not by-year),US carriers' airborne time on US-touching international segments
PEI,MIA,US,18,-7.53374927167751,4.491695549074579,2,full 1990-2025 sample for this route (not by-year),US carriers' airborne time on US-touching international segments
PEK,DFW,US,49,-19.85804989671072,11.243709677419314,2,full 1990-2025 sample for this route (not by-year),US carriers' airborne time on US-touching international segments
PEK,DTW,US,127,-29.462142857142865,28.83826574500761,4,full 1990-2025 sample for this route (not by-year),US carriers' airborne time on US-touching international segments
PEK,EWR,US,153,-16.864985337243326,13.825878136200684,4,full 1990-2025 sample for this route (not by-year),US carriers' airborne time on US-touching international segments
PEK,HNL,US,31,-17.633150183150214,15.799633699633654,2,full 1990-2025 sample for this route (not by-year),US carriers' airborne time on US-touching international segments
PEK,IAD,US,114,-19.773295932678778,26.14002780867634,4,full 1990-2025 sample for this route (not by-year),US carriers' airborne time on US-touching international segments
PEK,LAX,US,11,-42.122050830889485,7.677766489515149,2,full 1990-2025 sample for this route (not by-year),US carriers' airborne time on US-touching international segments
PEK,ORD,US,201,-22.66666666666663,22.868131868131854,4,full 1990-2025 sample for this route (not by-year),US carriers' airborne time on US-touching international segments
PEK,SEA,US,92,-22.705847911821255,15.682068965517256,2,full 1990-2025 sample for this route (not by-year),US carriers' airborne time on US-touching international segments
PEK,SFO,US,167,-32.28013142174427,26.323225806451653,4,full 1990-2025 sample for this route (not by-year),US carriers' airborne time on US-touching international segments
PHL,AMS,US,254,-29.164489053360064,24.159266666666657,6,full 1990-2025 sample for this route (not by-year),US carriers' airborne time on US-touching international segments
PHL,ANU,US,21,-10.666666666666663,17.730000000000008,2,full 1990-2025 sample for this route (not by-year),US carriers' airborne time on US-touching international segments
PHL,ARN,US,9,-8.727258340226058,10.250325889164573,2,full 1990-2025 sample for this route (not by-year),US carriers' airborne time on US-touching international segments
PHL,ATH,US,67,-19.56442857142856,14.552206896551708,2,full 1990-2025 sample for this route (not by-year),US carriers' airborne time on US-touching international segments
PHL,AUA,US,252,-11.679995112414455,13.13523076923077,6,full 1990-2025 sample for this route (not by-year),US carriers' airborne time on US-touching international segments
PHL,BCN,US,108,-13.527045977011479,15.79816239316239,4,full 1990-2025 sample for this route (not by-year),US carriers' airborne time on US-touching international segments
PHL,BDA,US,340,-4.916677419354841,6.034403571428576,8,full 1990-2025 sample for this route (not by-year),US carriers' airborne time on US-touching international segments
PHL,BGI,US,45,-10.619207478005881,17.758387096774197,2,full 1990-2025 sample for this route (not by-year),US carriers' airborne time on US-touching international segments
PHL,BRU,US,80,-21.318939036816392,24.245840267121284,2,full 1990-2025 sample for this route (not by-year),US carriers' airborne time on US-touching international segments
PHL,CDG,US,299,-21.475275434243137,20.399343344456724,6,full 1990-2025 sample for this route (not by-year),US carriers' airborne time on US-touching international segments
PHL,CUN,US,298,-13.021115876887647,11.041336419752975,6,full 1990-2025 sample for this route (not by-year),US carriers' airborne time on US-touching international segments
PHL,DOH,US,3,9.041698924731266,21.946612903225738,2,full 1990-2025 sample for this route (not by-year),US carriers' airborne time on US-touching international segments
PHL,DUB,US,193,-21.68632148541116,24.100576937337774,4,full 1990-2025 sample for this route (not by-year),US carriers' airborne time on US-touching international segments
PHL,FCO,US,286,-23.330223325062043,22.570039554438832,6,full 1990-2025 sample for this route (not by-year),US carriers' airborne time on US-touching international segments
PHL,FPO,US,54,-10.89740322580645,23.054999999999993,2,full 1990-2025 sample for this route (not by-year),US carriers' airborne time on US-touching international segments
PHL,FRA,US,252,-23.262779940674847,19.769913978494635,6,full 1990-2025 sample for this route (not by-year),US carriers' airborne time on US-touching international segments
PHL,GCM,US,154,-15.659749999999999,13.676785714285707,4,full 1990-2025 sample for this route (not by-year),US carriers' airborne time on US-touching international segments
PHL,GLA,US,70,-17.555252873563195,17.863511904761893,2,full 1990-2025 sample for this route (not by-year),US carriers' airborne time on US-touching international segments
PHL,LGW,US,114,-21.40603149001536,19.332137931034467,4,full 1990-2025 sample for this route (not by-year),US carriers' airborne time on US-touching international segments
PHL,LHR,US,158,-20.416157661782673,15.496929971988802,4,full 1990-2025 sample for this route (not by-year),US carriers' airborne time on US-touching international segments
PHL,LIS,US,93,-13.6506432748538,13.937862433862424,2,full 1990-2025 sample for this route (not by-year),US carriers' airborne time on US-touching international segments
PHL,MAD,US,283,-24.86068223952541,21.8165251231527,6,full 1990-2025 sample for this route (not by-year),US carriers' airborne time on US-touching international segments
PHL,MAN,US,215,-23.288489774963626,21.49812903225803,6,full 1990-2025 sample for this route (not by-year),US carriers' airborne time on US-touching international segments
PHL,MBJ,US,296,-11.024791666666646,10.101916812331158,6,full 1990-2025 sample for this route (not by-year),US carriers' airborne time on US-touching international segments
PHL,MUC,US,251,-20.632706766917323,19.370026525198938,6,full 1990-2025 sample for this route (not by-year),US carriers' airborne time on US-touching international segments
PHL,MXP,US,16,-6.309112903225815,15.202325396825367,2,full 1990-2025 sample for this route (not by-year),US carriers' airborne time on US-touching international segments
PHL,NAS,US,320,-13.688388888888879,18.80975518433181,8,full 1990-2025 sample for this route (not by-year),US carriers' airborne time on US-touching international segments
PHL,ORY,US,15,-18.512466666666654,12.976344827586221,2,full 1990-2025 sample for this route (not by-year),US carriers' airborne time on US-touching international segments
PHL,PLS,US,179,-17.73277777777778,17.368333333333318,4,full 1990-2025 sample for this route (not by-year),US carriers' airborne time on US-touching international segments
PHL,PUJ,US,226,-19.109050179211472,15.977418028574341,6,full 1990-2025 sample for this route (not by-year),US carriers' airborne time on US-touching international segments
PHL,SDQ,US,197,-13.55,17.67187096774192,4,full 1990-2025 sample for this route (not by-year),US carriers' airborne time on US-touching international segments
PHL,SJO,US,31,-12.558823529411745,24.834999999999997,2,full 1990-2025 sample for this route (not by-year),US carriers' airborne time on US-touching international segments
PHL,SKB,US,9,-3.7789999999999897,9.169999999999995,2,full 1990-2025 sample for this route (not by-year),US carriers' airborne time on US-touching international segments
PHL,SNN,US,53,-13.639919354838705,21.71739068100357,2,full 1990-2025 sample for this route (not by-year),US carriers' airborne time on US-touching international segments
PHL,SXM,US,242,-13.010583333333338,13.92122619047617,6,full 1990-2025 sample for this route (not by-year),US carriers' airborne time on US-touching international segments
PHL,TLV,US,55,-28.122344086021467,18.86163104507656,2,full 1990-2025 sample for this route (not by-year),US carriers' airborne time on US-touching international segments
PHL,UVF,US,89,-15.63400000000001,20.27000000000004,2,full 1990-2025 sample for this route (not by-year),US carriers' airborne time on US-touching international segments
PHL,VCE,US,91,-24.705094549499442,15.500000000000027,2,full 1990-2025 sample for this route (not by-year),US carriers' airborne time on US-touching international segments
PHL,YHZ,US,66,-6.303429902828452,6.110880966789521,2,full 1990-2025 sample for this route (not by-year),US carriers' airborne time on US-touching international segments
PHL,YOW,US,210,-8.40316766953583,6.133646080402437,6,full 1990-2025 sample for this route (not by-year),US carriers' airborne time on US-touching international segments
PHL,YQB,US,61,-5.704186401833459,7.260568592464237,2,full 1990-2025 sample for this route (not by-year),US carriers' airborne time on US-touching international segments
PHL,YUL,US,380,-5.214330726508426,6.243771078634764,8,full 1990-2025 sample for this route (not by-year),US carriers' airborne time on US-touching international segments
PHL,YYZ,US,382,-6.460143101063904,4.6394637708565085,8,full 1990-2025 sample for this route (not by-year),US carriers' airborne time on US-touching international segments
PHL,ZRH,US,102,-30.32053512132823,17.850806729699713,4,full 1990-2025 sample for this route (not by-year),US carriers' airborne time on US-touching international segments
PHX,ACA,US,143,-13.323999999999995,12.198000000000041,4,full 1990-2025 sample for this route (not by-year),US carriers' airborne time on US-touching international segments
PHX,CUN,US,223,-32.20722580645162,15.996551912568325,6,full 1990-2025 sample for this route (not by-year),US carriers' airborne time on US-touching international segments
PHX,GDL,US,231,-13.510158646218937,9.818494623655907,6,full 1990-2025 sample for this route (not by-year),US carriers' airborne time on US-touching international segments
PHX,GYM,US,92,-33.373958333333334,10.55135834688118,2,full 1990-2025 sample for this route (not by-year),US carriers' airborne time on US-touching international segments
PHX,HMO,US,229,-25.365217649239902,5.154587319243603,6,full 1990-2025 sample for this route (not by-year),US carriers' airborne time on US-touching international segments
PHX,LHR,US,14,-9.092241379310282,12.952051612903249,2,full 1990-2025 sample for this route (not by-year),US carriers' airborne time on US-touching international segments
PHX,LTO,US,21,-1.6245505452402,4.036935483870969,2,full 1990-2025 sample for this route (not by-year),US carriers' airborne time on US-touching international segments
PHX,MEX,US,353,-7.954709677419366,8.36359923186108,8,full 1990-2025 sample for this route (not by-year),US carriers' airborne time on US-touching international segments
PHX,MTY,US,12,-1.2939090909090847,4.437263440860216,2,full 1990-2025 sample for this route (not by-year),US carriers' airborne time on US-touching international segments
PHX,MZT,US,329,-7.112419354838717,6.056103896103886,8,full 1990-2025 sample for this route (not by-year),US carriers' airborne time on US-touching international segments
PHX,PVR,US,317,-7.552479128014843,5.878760397497239,8,full 1990-2025 sample for this route (not by-year),US carriers' airborne time on US-touching international segments
PHX,SJD,US,331,-3.9749310980622807,5.428436792452825,8,full 1990-2025 sample for this route (not by-year),US carriers' airborne time on US-touching international segments
PHX,SJO,US,120,-12.817076923076916,10.554647058823512,4,full 1990-2025 sample for this route (not by-year),US carriers' airborne time on US-touching international segments
PHX,YEG,US,144,-9.444741238152854,29.7923333333333,4,full 1990-2025 sample for this route (not by-year),US carriers' airborne time on US-touching international segments
PHX,YVR,US,273,-9.397032600325149,10.336723502304146,6,full 1990-2025 sample for this route (not by-year),US carriers' airborne time on US-touching international segments
PHX,YYC,US,140,-27.61268953397238,15.461077126469489,4,full 1990-2025 sample for this route (not by-year),US carriers' airborne time on US-touching international segments
PHX,YYZ,US,72,-11.153903225806452,8.655928571428571,2,full 1990-2025 sample for this route (not by-year),US carriers' airborne time on US-touching international segments
PHX,ZIH,US,242,-10.376999999999995,8.318833333333338,6,full 1990-2025 sample for this route (not by-year),US carriers' airborne time on US-touching international segments
PHX,ZLO,US,84,-7.7125,10.621624999999995,2,full 1990-2025 sample for this route (not by-year),US carriers' airborne time on US-touching international segments
PID,FLL,US,15,-13.81928745163074,5.484650386792737,2,full 1990-2025 sample for this route (not by-year),US carriers' airborne time on US-touching international segments
PIT,CDG,US,68,-18.999455645161287,18.882913662239037,2,full 1990-2025 sample for this route (not by-year),US carriers' airborne time on US-touching international segments
PIT,CUN,US,147,-27.803999999999995,15.341452380952372,4,full 1990-2025 sample for this route (not by-year),US carriers' airborne time on US-touching international segments
PIT,FRA,US,142,-26.313959621802,20.10015854256054,4,full 1990-2025 sample for this route (not by-year),US carriers' airborne time on US-touching international segments
PIT,LGW,US,19,-13.880668308702807,15.46596811271781,2,full 1990-2025 sample for this route (not by-year),US carriers' airborne time on US-touching international segments
PIT,MBJ,US,4,-6.247249999999995,-0.6205000000000118,2,full 1990-2025 sample for this route (not by-year),US carriers' airborne time on US-touching international segments
PIT,NAS,US,3,-15.117261904761923,4.319404761904753,2,full 1990-2025 sample for this route (not by-year),US carriers' airborne time on US-touching international segments
PIT,PUJ,US,74,-49.79107142857142,34.85672222222186,2,full 1990-2025 sample for this route (not by-year),US carriers' airborne time on US-touching international segments
PIT,YOW,US,27,-2.97730431224462,2.205396409370196,2,full 1990-2025 sample for this route (not by-year),US carriers' airborne time on US-touching international segments
PIT,YUL,US,110,-3.274337916102263,26.176179670516756,4,full 1990-2025 sample for this route (not by-year),US carriers' airborne time on US-touching international segments
PIT,YYZ,US,193,-3.7505980692583463,15.37930457516339,4,full 1990-2025 sample for this route (not by-year),US carriers' airborne time on US-touching international segments
PKC,ANC,US,4,-3.9318333333333553,12.260083333333322,2,full 1990-2025 sample for this route (not by-year),US carriers' airborne time on US-touching international segments
PLS,ATL,US,219,-7.38844444444443,11.884679802955661,6,full 1990-2025 sample for this route (not by-year),US carriers' airborne time on US-touching international segments
PLS,BOS,US,117,-12.38342299644091,15.18695652173912,4,full 1990-2025 sample for this route (not by-year),US carriers' airborne time on US-touching international segments
PLS,BWI,US,3,-3.8825,12.5325,2,full 1990-2025 sample for this route (not by-year),US carriers' airborne time on US-touching international segments
PLS,CLT,US,229,-9.793333333333335,11.543302325581394,6,full 1990-2025 sample for this route (not by-year),US carriers' airborne time on US-touching international segments
PLS,DFW,US,90,-15.0525,15.016666666666675,2,full 1990-2025 sample for this route (not by-year),US carriers' airborne time on US-touching international segments
PLS,EWR,US,121,-8.218494623655914,8.6875,4,full 1990-2025 sample for this route (not by-year),US carriers' airborne time on US-touching international segments
PLS,FLL,US,60,-8.712306673052357,16.260169232348094,2,full 1990-2025 sample for this route (not by-year),US carriers' airborne time on US-touching international segments
PLS,IAD,US,33,-4.123000000000007,10.386761904761897,2,full 1990-2025 sample for this route (not by-year),US carriers' airborne time on US-touching international segments
PLS,IAH,US,20,-17.618750000000016,33.542499999999976,2,full 1990-2025 sample for this route (not by-year),US carriers' airborne time on US-touching international segments
PLS,JFK,US,261,-7.908176365158937,14.152121212121196,6,full 1990-2025 sample for this route (not by-year),US carriers' airborne time on US-touching international segments
PLS,MIA,US,380,-4.1476545363908235,6.21245490196077,8,full 1990-2025 sample for this route (not by-year),US carriers' airborne time on US-touching international segments
PLS,MSP,US,6,0.45600649350647016,10.769464285714276,2,full 1990-2025 sample for this route (not by-year),US carriers' airborne time on US-touching international segments
PLS,ORD,US,44,-8.935803571428565,16.588000000000008,2,full 1990-2025 sample for this route (not by-year),US carriers' airborne time on US-touching international segments
PLS,PHL,US,173,-14.231111111111112,16.28599999999998,4,full 1990-2025 sample for this route (not by-year),US carriers' airborne time on US-touching international segments
PMI,EWR,US,8,-7.191432072829111,11.985647727272724,2,full 1990-2025 sample for this route (not by-year),US carriers' airborne time on US-touching international segments
POA,MIA,US,4,1.404795698924738,11.303314686806651,2,full 1990-2025 sample for this route (not by-year),US carriers' airborne time on US-touching international segments
POM,GUM,US,11,-3.1049999999999898,5.1625000000000005,2,full 1990-2025 sample for this route (not by-year),US carriers' airborne time on US-touching international segments
POP,ATL,US,20,-5.766154761904758,9.450500000000002,2,full 1990-2025 sample for this route (not by-year),US carriers' airborne time on US-touching international segments
POP,BOS,US,41,-15.980000000000018,19.70000000000002,2,full 1990-2025 sample for this route (not by-year),US carriers' airborne time on US-touching international segments
POP,CLT,US,53,-10.665333333333331,10.700517241379302,2,full 1990-2025 sample for this route (not by-year),US carriers' airborne time on US-touching international segments
POP,EWR,US,267,-13.813129032258075,9.516708333333321,6,full 1990-2025 sample for this route (not by-year),US carriers' airborne time on US-touching international segments
POP,JFK,US,349,-8.380236559139785,9.322325513196471,8,full 1990-2025 sample for this route (not by-year),US carriers' airborne time on US-touching international segments
POP,MIA,US,385,-6.036074749721923,6.4766956521739125,8,full 1990-2025 sample for this route (not by-year),US carriers' airborne time on US-touching international segments
POP,MSP,US,13,-8.92,11.076999999999975,2,full 1990-2025 sample for this route (not by-year),US carriers' airborne time on US-touching international segments
POP,SJU,US,229,-10.07370447523061,13.111332682944628,6,full 1990-2025 sample for this route (not by-year),US carriers' airborne time on US-touching international segments
POS,ATL,US,10,-6.145558823529392,10.583160539215633,2,full 1990-2025 sample for this route (not by-year),US carriers' airborne time on US-touching international segments
POS,EWR,US,136,-13.85517241379311,13.799007936507946,4,full 1990-2025 sample for this route (not by-year),US carriers' airborne time on US-touching international segments
POS,FLL,US,50,-8.202749999999993,6.442311827956973,2,full 1990-2025 sample for this route (not by-year),US carriers' airborne time on US-touching international segments
POS,IAH,US,195,-10.924353607918244,11.093688172043008,4,full 1990-2025 sample for this route (not by-year),US carriers' airborne time on US-touching international segments
POS,JFK,US,87,-10.234651835372654,9.183554901054919,2,full 1990-2025 sample for this route (not by-year),US carriers' airborne time on US-touching international segments
POS,MIA,US,344,-8.086800889877646,7.679677419354833,8,full 1990-2025 sample for this route (not by-year),US carriers' airborne time on US-touching international segments
POS,SJU,US,158,-14.119419354838726,15.504977011494269,4,full 1990-2025 sample for this route (not by-year),US carriers' airborne time on US-touching international segments
PPG,APW,US,11,-3.128333333333334,10.436447368421051,2,full 1990-2025 sample for this route (not by-year),US carriers' airborne time on US-touching international segments
PPG,TBU,US,14,-2.778411324786324,4.042763888888884,2,full 1990-2025 sample for this route (not by-year),US carriers' airborne time on US-touching international segments
PPT,HNL,US,368,-19.006666666666664,21.116000000000003,8,full 1990-2025 sample for this route (not by-year),US carriers' airborne time on US-touching international segments
PPT,LAX,US,4,9.618351648351648,25.313905594405583,2,full 1990-2025 sample for this route (not by-year),US carriers' airborne time on US-touching international segments
PPT,SFO,US,34,-8.655334267040155,12.121401098901098,2,full 1990-2025 sample for this route (not by-year),US carriers' airborne time on US-touching international segments
PRG,ATL,US,12,-9.450794817927212,14.292371323529329,2,full 1990-2025 sample for this route (not by-year),US carriers' airborne time on US-touching international segments
PRG,JFK,US,69,-18.83561904761903,36.91488246307461,2,full 1990-2025 sample for this route (not by-year),US carriers' airborne time on US-touching international segments
PSA,JFK,US,32,-32.96153361344535,17.774922268907602,2,full 1990-2025 sample for this route (not by-year),US carriers' airborne time on US-touching international segments
PSP,YVR,US,37,-9.211000000000004,115.49500000000009,2,full 1990-2025 sample for this route (not by-year),US carriers' airborne time on US-touching international segments
PTP,JFK,US,4,-0.03464743589745467,10.101593406593407,2,full 1990-2025 sample for this route (not by-year),US carriers' airborne time on US-touching international segments
PTP,MIA,US,69,-20.951999999999998,15.041714285714253,2,full 1990-2025 sample for this route (not by-year),US carriers' airborne time on US-touching international segments
PTP,SJU,US,279,-6.407322136813483,7.566287064190285,6,full 1990-2025 sample for this route (not by-year),US carriers' airborne time on US-touching international segments
PTY,ATL,US,282,-8.02133481646275,7.7875977011494415,6,full 1990-2025 sample for this route (not by-year),US carriers' airborne time on US-touching international segments
PTY,DFW,US,64,-9.350555555555557,13.138500000000002,2,full 1990-2025 sample for this route (not by-year),US carriers' airborne time on US-touching international segments
PTY,EWR,US,298,-12.726003584229352,10.222064516129,6,full 1990-2025 sample for this route (not by-year),US carriers' airborne time on US-touching international segments
PTY,FLL,US,140,-6.652239819004523,8.374362859362849,4,full 1990-2025 sample for this route (not by-year),US carriers' airborne time on US-touching international segments
PTY,IAH,US,381,-11.928490386143324,10.729032258064523,8,full 1990-2025 sample for this route (not by-year),US carriers' airborne time on US-touching international segments
PTY,MIA,US,382,-6.802012463343099,6.581079365079349,8,full 1990-2025 sample for this route (not by-year),US carriers' airborne time on US-touching international segments
PUJ,ATL,US,195,-8.835021711366538,9.006091148122078,4,full 1990-2025 sample for this route (not by-year),US carriers' airborne time on US-touching international segments
PUJ,AUS,US,3,1.5343169934640775,18.662539215686284,2,full 1990-2025 sample for this route (not by-year),US carriers' airborne time on US-touching international segments
PUJ,BDL,US,4,-7.465500000000006,11.140750000000008,2,full 1990-2025 sample for this route (not by-year),US carriers' airborne time on US-touching international segments
PUJ,BOS,US,158,-15.129558823529404,13.575982905982931,4,full 1990-2025 sample for this route (not by-year),US carriers' airborne time on US-touching international segments
PUJ,BWI,US,177,-8.182896358543426,12.29559732097968,4,full 1990-2025 sample for this route (not by-year),US carriers' airborne time on US-touching international segments
PUJ,CLE,US,66,-15.898786630036648,38.89230769230755,2,full 1990-2025 sample for this route (not by-year),US carriers' airborne time on US-touching international segments
PUJ,CLT,US,230,-8.109068156245582,8.590656893121476,6,full 1990-2025 sample for this route (not by-year),US carriers' airborne time on US-touching international segments
PUJ,CVG,US,39,-12.460000000000006,9.61985714285713,2,full 1990-2025 sample for this route (not by-year),US carriers' airborne time on US-touching international segments
PUJ,DEN,US,1,10.800000000000011,10.800000000000011,0,full 1990-2025 sample for this route (not by-year),US carriers' airborne time on US-touching international segments
PUJ,DFW,US,63,-18.887500000000017,16.15095906009699,2,full 1990-2025 sample for this route (not by-year),US carriers' airborne time on US-touching international segments
PUJ,DTW,US,114,-15.666904761904762,16.086124999999985,4,full 1990-2025 sample for this route (not by-year),US carriers' airborne time on US-touching international segments
PUJ,EWR,US,218,-9.299812493707824,10.250872628220641,6,full 1990-2025 sample for this route (not by-year),US carriers' airborne time on US-touching international segments
PUJ,FLL,US,130,-5.300875186047351,5.4678504160899895,4,full 1990-2025 sample for this route (not by-year),US carriers' airborne time on US-touching international segments
PUJ,HOU,US,1,-6.724999999999994,-6.724999999999994,0,full 1990-2025 sample for this route (not by-year),US carriers' airborne time on US-touching international segments
PUJ,IAD,US,123,-11.247999999999996,10.989999999999995,4,full 1990-2025 sample for this route (not by-year),US carriers' airborne time on US-touching international segments
PUJ,IAH,US,83,-12.097444444444431,12.687717271234504,2,full 1990-2025 sample for this route (not by-year),US carriers' airborne time on US-touching international segments
PUJ,JFK,US,250,-8.927260869565227,16.370798475609746,6,full 1990-2025 sample for this route (not by-year),US carriers' airborne time on US-touching international segments
PUJ,MCO,US,24,-5.92335156031536,8.239190667665664,2,full 1990-2025 sample for this route (not by-year),US carriers' airborne time on US-touching international segments
PUJ,MDW,US,72,-13.112071428571424,11.53902101370855,2,full 1990-2025 sample for this route (not by-year),US carriers' airborne time on US-touching international segments
PUJ,MIA,US,231,-4.776324884792627,6.236915744882201,6,full 1990-2025 sample for this route (not by-year),US carriers' airborne time on US-touching international segments
PUJ,MKE,US,9,-9.332857142857167,4.802634920634905,2,full 1990-2025 sample for this route (not by-year),US carriers' airborne time on US-touching international segments
PUJ,MSP,US,87,-14.33,16.32,2,full 1990-2025 sample for this route (not by-year),US carriers' airborne time on US-touching international segments
PUJ,ORD,US,180,-11.409333333333311,13.014358974359006,4,full 1990-2025 sample for this route (not by-year),US carriers' airborne time on US-touching international segments
PUJ,PHL,US,226,-16.51134931437791,19.520363206533432,6,full 1990-2025 sample for this route (not by-year),US carriers' airborne time on US-touching international segments
PUJ,PIT,US,71,-7.583888888888873,19.92664141414138,2,full 1990-2025 sample for this route (not by-year),US carriers' airborne time on US-touching international segments
PUJ,SJU,US,366,-11.879045163879855,7.331372549019629,8,full 1990-2025 sample for this route (not by-year),US carriers' airborne time on US-touching international segments
PUJ,STL,US,79,-15.48,21.763684873949575,2,full 1990-2025 sample for this route (not by-year),US carriers' airborne time on US-touching international segments
PUJ,TPA,US,3,-8.959807081807076,0.4808595848595825,2,full 1990-2025 sample for this route (not by-year),US carriers' airborne time on US-touching international segments
PVG,ATL,US,3,-7.450460784313684,6.5667473518142465,2,full 1990-2025 sample for this route (not by-year),US carriers' airborne time on US-touching international segments
PVG,DFW,US,54,-16.110258064516117,16.651880669880157,2,full 1990-2025 sample for this route (not by-year),US carriers' airborne time on US-touching international segments
PVG,DTW,US,114,-23.6639554329372,25.03804301075268,4,full 1990-2025 sample for this route (not by-year),US carriers' airborne time on US-touching international segments
PVG,EWR,US,108,-22.16168458781359,14.39992610837433,4,full 1990-2025 sample for this route (not by-year),US carriers' airborne time on US-touching international segments
PVG,GUM,US,17,-6.215555555555571,6.836111111111113,2,full 1990-2025 sample for this route (not by-year),US carriers' airborne time on US-touching international segments
PVG,LAX,US,106,-23.15391588518321,17.662256056980322,4,full 1990-2025 sample for this route (not by-year),US carriers' airborne time on US-touching international segments
PVG,ORD,US,159,-18.089187609585043,25.96304335207521,4,full 1990-2025 sample for this route (not by-year),US carriers' airborne time on US-touching international segments
PVG,SEA,US,66,-16.572775153100537,21.401720430107503,2,full 1990-2025 sample for this route (not by-year),US carriers' airborne time on US-touching international segments
PVG,SFO,US,228,-21.581682266009793,32.25699999999989,6,full 1990-2025 sample for this route (not by-year),US carriers' airborne time on US-touching international segments
PVR,ATL,US,184,-10.968825757575752,9.88157142857141,4,full 1990-2025 sample for this route (not by-year),US carriers' airborne time on US-touching international segments
PVR,AUS,US,9,-2.279357466063349,7.27814466647903,2,full 1990-2025 sample for this route (not by-year),US carriers' airborne time on US-touching international segments
PVR,CLE,US,1,9.625,9.625,0,full 1990-2025 sample for this route (not by-year),US carriers' airborne time on US-touching international segments
PVR,DEN,US,217,-8.863099429306335,17.102206896551724,6,full 1990-2025 sample for this route (not by-year),US carriers' airborne time on US-touching international segments
PVR,DFW,US,388,-11.881612903225811,5.724067567567556,8,full 1990-2025 sample for this route (not by-year),US carriers' airborne time on US-touching international segments
PVR,DTW,US,113,-13.512000000000004,15.875428571428554,4,full 1990-2025 sample for this route (not by-year),US carriers' airborne time on US-touching international segments
PVR,EWR,US,210,-17.378846153846155,17.20247727272725,6,full 1990-2025 sample for this route (not by-year),US carriers' airborne time on US-touching international segments
PVR,HOU,US,73,-5.301056729699662,7.233613445378157,2,full 1990-2025 sample for this route (not by-year),US carriers' airborne time on US-touching international segments
PVR,IAH,US,387,-7.277039361329196,5.730597402597395,8,full 1990-2025 sample for this route (not by-year),US carriers' airborne time on US-touching international segments
PVR,JFK,US,25,-11.542000000000014,13.09428571428571,2,full 1990-2025 sample for this route (not by-year),US carriers' airborne time on US-touching international segments
PVR,LAS,US,18,-40.87693548387095,12.174021739130422,2,full 1990-2025 sample for this route (not by-year),US carriers' airborne time on US-touching international segments
PVR,LAX,US,388,-7.1653259019951,11.567465281790815,8,full 1990-2025 sample for this route (not by-year),US carriers' airborne time on US-touching international segments
PVR,MCI,US,31,-12.617499999999993,19.324999999999996,2,full 1990-2025 sample for this route (not by-year),US carriers' airborne time on US-touching international segments
PVR,MDW,US,4,-2.847222222222219,11.994478174603161,2,full 1990-2025 sample for this route (not by-year),US carriers' airborne time on US-touching international segments
PVR,MSP,US,152,-14.054166666666669,13.638411326378538,4,full 1990-2025 sample for this route (not by-year),US carriers' airborne time on US-touching international segments
PVR,OAK,US,11,-5.700451145395047,7.488854978176406,2,full 1990-2025 sample for this route (not by-year),US carriers' airborne time on US-touching international segments
PVR,ORD,US,199,-8.616832851273927,10.22359823034376,4,full 1990-2025 sample for this route (not by-year),US carriers' airborne time on US-touching international segments
PVR,PDX,US,49,-10.415921855921843,6.832767001114827,2,full 1990-2025 sample for this route (not by-year),US carriers' airborne time on US-touching international segments
PVR,PHX,US,317,-7.17464918088448,8.143063217355953,8,full 1990-2025 sample for this route (not by-year),US carriers' airborne time on US-touching international segments
PVR,SAN,US,143,-13.536209677419357,10.015032051282049,4,full 1990-2025 sample for this route (not by-year),US carriers' airborne time on US-touching international segments
PVR,SEA,US,167,-15.265053763440855,19.783908730158778,4,full 1990-2025 sample for this route (not by-year),US carriers' airborne time on US-touching international segments
PVR,SFO,US,387,-10.705785327924268,13.458658363201893,8,full 1990-2025 sample for this route (not by-year),US carriers' airborne time on US-touching international segments
PVR,SJC,US,49,-12.6186568627451,11.758487394957996,2,full 1990-2025 sample for this route (not by-year),US carriers' airborne time on US-touching international segments
PVR,SLC,US,169,-22.9506923076923,62.46913810826826,4,full 1990-2025 sample for this route (not by-year),US carriers' airborne time on US-touching international segments
PVR,SNA,US,55,-5.014424562534238,7.040137479541732,2,full 1990-2025 sample for this route (not by-year),US carriers' airborne time on US-touching international segments
PVR,STL,US,25,-13.743333333333318,7.491361344537806,2,full 1990-2025 sample for this route (not by-year),US carriers' airborne time on US-touching international segments
QRO,DFW,US,135,-9.408092565994934,5.813443700836431,4,full 1990-2025 sample for this route (not by-year),US carriers' airborne time on US-touching international segments
QRO,IAH,US,203,-5.225040681906239,8.141818412468261,6,full 1990-2025 sample for this route (not by-year),US carriers' airborne time on US-touching international segments
RAR,HNL,US,7,-10.956999999999958,-3.167,2,full 1990-2025 sample for this route (not by-year),US carriers' airborne time on US-touching international segments
RAR,PPG,US,1,2.25,2.25,0,full 1990-2025 sample for this route (not by-year),US carriers' airborne time on US-touching international segments
RDU,BDA,US,24,-3.4019193548387117,3.740479792361893,2,full 1990-2025 sample for this route (not by-year),US carriers' airborne time on US-touching international segments
RDU,CDG,US,23,-21.63417142857142,3.777709677419401,2,full 1990-2025 sample for this route (not by-year),US carriers' airborne time on US-touching international segments
RDU,CUN,US,143,-18.41927330733783,28.103171215880973,4,full 1990-2025 sample for this route (not by-year),US carriers' airborne time on US-touching international segments
RDU,GCM,US,5,-5.283741935483877,0.5130234170723804,2,full 1990-2025 sample for this route (not by-year),US carriers' airborne time on US-touching international segments
RDU,LGW,US,143,-35.60078976640711,23.38107515110859,4,full 1990-2025 sample for this route (not by-year),US carriers' airborne time on US-touching international segments
RDU,LHR,US,139,-20.574068965517256,18.056905233049243,4,full 1990-2025 sample for this route (not by-year),US carriers' airborne time on US-touching international segments
RDU,ORY,US,33,-23.99235467980296,29.84270469834204,2,full 1990-2025 sample for this route (not by-year),US carriers' airborne time on US-touching international segments
RDU,SXM,US,8,-7.772517867074506,6.725320276497703,2,full 1990-2025 sample for this route (not by-year),US carriers' airborne time on US-touching international segments
REC,MIA,US,66,-11.757536231884078,17.440526089594464,2,full 1990-2025 sample for this route (not by-year),US carriers' airborne time on US-touching international segments
RNO,YVR,US,24,-4.41867779013719,10.49056578320105,2,full 1990-2025 sample for this route (not by-year),US carriers' airborne time on US-touching international segments
ROC,YYZ,US,42,-2.3824702677521277,1.271790972186414,2,full 1990-2025 sample for this route (not by-year),US carriers' airborne time on US-touching international segments
ROR,GUM,US,316,-5.183907407407402,4.71495078995079,8,full 1990-2025 sample for this route (not by-year),US carriers' airborne time on US-touching international segments
ROR,MNL,US,33,-4.947692307692309,3.6769230769230816,2,full 1990-2025 sample for this route (not by-year),US carriers' airborne time on US-touching international segments
ROR,SPN,US,9,-7.847000000000005,4.492999999999999,2,full 1990-2025 sample for this route (not by-year),US carriers' airborne time on US-touching international segments
ROR,YAP,US,33,-1.747838827838824,3.522051282051282,2,full 1990-2025 sample for this route (not by-year),US carriers' airborne time on US-touching international segments
RTB,ATL,US,174,-10.18875,14.975000000000037,4,full 1990-2025 sample for this route (not by-year),US carriers' airborne time on US-touching international segments
RTB,DEN,US,8,-6.79,9.615999999999989,2,full 1990-2025 sample for this route (not by-year),US carriers' airborne time on US-touching international segments
RTB,DFW,US,68,-11.2475,15.130999999999986,2,full 1990-2025 sample for this route (not by-year),US carriers' airborne time on US-touching international segments
RTB,EWR,US,1,8.150000000000006,8.150000000000006,0,full 1990-2025 sample for this route (not by-year),US carriers' airborne time on US-touching international segments
RTB,IAH,US,206,-7.084379084967315,8.972401960784298,6,full 1990-2025 sample for this route (not by-year),US carriers' airborne time on US-touching international segments
RTB,MIA,US,108,-6.104327956989244,10.096777777777781,4,full 1990-2025 sample for this route (not by-year),US carriers' airborne time on US-touching international segments
RTB,MSP,US,6,-8.413750000000022,4.2237499999999795,2,full 1990-2025 sample for this route (not by-year),US carriers' airborne time on US-touching international segments
SAL,ATL,US,283,-8.424301075268826,7.933863287250388,6,full 1990-2025 sample for this route (not by-year),US carriers' airborne time on US-touching international segments
SAL,DFW,US,102,-9.834774370709377,9.789862439747868,4,full 1990-2025 sample for this route (not by-year),US carriers' airborne time on US-touching international segments
SAL,EWR,US,234,-15.205416666666657,16.394999999999975,6,full 1990-2025 sample for this route (not by-year),US carriers' airborne time on US-touching international segments
SAL,FLL,US,117,-4.964230769230774,11.450787841191072,4,full 1990-2025 sample for this route (not by-year),US carriers' airborne time on US-touching international segments
SAL,IAD,US,16,-6.8395125433776895,5.021861471861476,2,full 1990-2025 sample for this route (not by-year),US carriers' airborne time on US-touching international segments
SAL,IAH,US,388,-9.198040782718195,7.392681693989073,8,full 1990-2025 sample for this route (not by-year),US carriers' airborne time on US-touching international segments
SAL,LAX,US,256,-19.690469829157323,11.08927881008715,6,full 1990-2025 sample for this route (not by-year),US carriers' airborne time on US-touching international segments
SAL,MCO,US,6,-5.648611111111116,3.1949519230769248,2,full 1990-2025 sample for this route (not by-year),US carriers' airborne time on US-touching international segments
SAL,MIA,US,383,-5.451225274725262,5.999556292235121,8,full 1990-2025 sample for this route (not by-year),US carriers' airborne time on US-touching international segments
SAN,CUN,US,3,-15.095,11.7325,2,full 1990-2025 sample for this route (not by-year),US carriers' airborne time on US-touching international segments
SAN,MEX,US,53,-6.587343141793168,6.732903225806435,2,full 1990-2025 sample for this route (not by-year),US carriers' airborne time on US-touching international segments
SAN,PVR,US,144,-24.7721954459203,10.771532258064516,4,full 1990-2025 sample for this route (not by-year),US carriers' airborne time on US-touching international segments
SAN,SJD,US,376,-5.621428571428567,6.0378218272955095,8,full 1990-2025 sample for this route (not by-year),US carriers' airborne time on US-touching international segments
SAP,ATL,US,187,-7.176188172043034,9.551211428746216,4,full 1990-2025 sample for this route (not by-year),US carriers' airborne time on US-touching international segments
SAP,EWR,US,177,-16.664000000000005,20.25,3,full 1990-2025 sample for this route (not by-year),US carriers' airborne time on US-touching international segments
SAP,FLL,US,174,-6.375097402597401,6.4836505163479865,4,full 1990-2025 sample for this route (not by-year),US carriers' airborne time on US-touching international segments
SAP,IAH,US,386,-6.284706221198161,6.823150537634388,8,full 1990-2025 sample for this route (not by-year),US carriers' airborne time on US-touching international segments
SAP,MCO,US,31,-6.210256410256394,4.851689976689979,2,full 1990-2025 sample for this route (not by-year),US carriers' airborne time on US-touching international segments
SAP,MIA,US,375,-5.072081020255067,4.942774984611539,8,full 1990-2025 sample for this route (not by-year),US carriers' airborne time on US-touching international segments
SAP,MSY,US,24,-5.174185520361976,4.870026525198935,2,full 1990-2025 sample for this route (not by-year),US carriers' airborne time on US-touching international segments
SAQ,FXE,US,17,-27.691133108304562,22.430814016172505,2,full 1990-2025 sample for this route (not by-year),US carriers' airborne time on US-touching international segments
SAT,CUN,US,58,-6.5837500000000055,8.68863461538461,2,full 1990-2025 sample for this route (not by-year),US carriers' airborne time on US-touching international segments
SAT,MEX,US,83,-5.915786120899966,7.398580645161288,2,full 1990-2025 sample for this route (not by-year),US carriers' airborne time on US-touching international segments
SBH,SJU,US,149,-15.81467591196865,4.169656146081249,4,full 1990-2025 sample for this route (not by-year),US carriers' airborne time on US-touching international segments
SBH,STT,US,36,-11.64,3.139107142857144,2,full 1990-2025 sample for this route (not by-year),US carriers' airborne time on US-touching international segments
SCL,ATL,US,250,-14.044362903225853,10.962206368899905,6,full 1990-2025 sample for this route (not by-year),US carriers' airborne time on US-touching international segments
SCL,DFW,US,281,-22.98444022770402,20.275113500597442,6,full 1990-2025 sample for this route (not by-year),US carriers' airborne time on US-touching international segments
SCL,EWR,US,1,-1.4874999999999545,-1.4874999999999545,0,full 1990-2025 sample for this route (not by-year),US carriers' airborne time on US-touching international segments
SCL,IAH,US,70,-26.198427536231918,9.044591397849421,2,full 1990-2025 sample for this route (not by-year),US carriers' airborne time on US-touching international segments
SCL,MIA,US,380,-19.911397849462364,11.839739867659198,8,full 1990-2025 sample for this route (not by-year),US carriers' airborne time on US-touching international segments
SCU,MIA,US,14,-3.6924272394272397,1.4113928571428578,2,full 1990-2025 sample for this route (not by-year),US carriers' airborne time on US-touching international segments
SDJ,GUM,US,302,-9.43769230769232,9.285416666666663,8,full 1990-2025 sample for this route (not by-year),US carriers' airborne time on US-touching international segments
SDJ,SPN,US,65,-6.8737570272864374,13.48967032967033,2,full 1990-2025 sample for this route (not by-year),US carriers' airborne time on US-touching international segments
SDQ,ATL,US,189,-8.210038679073145,8.613428861199647,4,full 1990-2025 sample for this route (not by-year),US carriers' airborne time on US-touching international segments
SDQ,BOS,US,239,-8.701601551581534,11.152222222222237,6,full 1990-2025 sample for this route (not by-year),US carriers' airborne time on US-touching international segments
SDQ,BQN,US,1,-1.1708333333333343,-1.1708333333333343,0,full 1990-2025 sample for this route (not by-year),US carriers' airborne time on US-touching international segments
SDQ,EWR,US,386,-15.690821573801752,10.214999999999968,8,full 1990-2025 sample for this route (not by-year),US carriers' airborne time on US-touching international segments
SDQ,FLL,US,220,-7.013985682991698,6.122059582599728,6,full 1990-2025 sample for this route (not by-year),US carriers' airborne time on US-touching international segments
SDQ,JFK,US,388,-8.038563615452846,11.173966541353371,8,full 1990-2025 sample for this route (not by-year),US carriers' airborne time on US-touching international segments
SDQ,MAZ,US,3,2.052095947063685,11.463249131513653,2,full 1990-2025 sample for this route (not by-year),US carriers' airborne time on US-touching international segments
SDQ,MCO,US,167,-8.380442326490709,8.019635060280244,4,full 1990-2025 sample for this route (not by-year),US carriers' airborne time on US-touching international segments
SDQ,MIA,US,385,-5.319905232179054,5.5835424075130105,8,full 1990-2025 sample for this route (not by-year),US carriers' airborne time on US-touching international segments
SDQ,PHL,US,199,-18.85,17.15033333333334,4,full 1990-2025 sample for this route (not by-year),US carriers' airborne time on US-touching international segments
SDQ,SJU,US,388,-9.482072020587184,10.954169277472403,8,full 1990-2025 sample for this route (not by-year),US carriers' airborne time on US-touching international segments
SDQ,TPA,US,4,-8.018666666666686,-0.8751343240093329,2,full 1990-2025 sample for this route (not by-year),US carriers' airborne time on US-touching international segments
SEA,AMS,US,286,-22.04252688172045,21.957533733133374,6,full 1990-2025 sample for this route (not by-year),US carriers' airborne time on US-touching international segments
SEA,BZE,US,12,-10.388785714285707,11.440076923076944,2,full 1990-2025 sample for this route (not by-year),US carriers' airborne time on US-touching international segments
SEA,CDG,US,105,-23.336582542694558,28.168952380952458,4,full 1990-2025 sample for this route (not by-year),US carriers' airborne time on US-touching international segments
SEA,CUN,US,71,-10.360645962732946,7.90465151515148,2,full 1990-2025 sample for this route (not by-year),US carriers' airborne time on US-touching international segments
SEA,HKG,US,42,-21.75187179487178,13.470843685300173,2,full 1990-2025 sample for this route (not by-year),US carriers' airborne time on US-touching international segments
SEA,HND,US,28,-22.549109010011193,11.250804271159803,2,full 1990-2025 sample for this route (not by-year),US carriers' airborne time on US-touching international segments
SEA,ICN,US,95,-27.64793103448282,33.72754968553466,2,full 1990-2025 sample for this route (not by-year),US carriers' airborne time on US-touching international segments
SEA,KIX,US,74,-22.531615756302514,12.01442275042444,2,full 1990-2025 sample for this route (not by-year),US carriers' airborne time on US-touching international segments
SEA,LHR,US,72,-17.268772727272705,41.207427350427324,2,full 1990-2025 sample for this route (not by-year),US carriers' airborne time on US-touching international segments
SEA,MZT,US,64,-18.9225,104.42074999999944,2,full 1990-2025 sample for this route (not by-year),US carriers' airborne time on US-touching international segments
SEA,NRT,US,339,-30.54651026392953,29.452043715847065,8,full 1990-2025 sample for this route (not by-year),US carriers' airborne time on US-touching international segments
SEA,PEK,US,92,-33.797555555555476,18.437747578655213,2,full 1990-2025 sample for this route (not by-year),US carriers' airborne time on US-touching international segments
SEA,PVG,US,67,-33.90319376026271,23.72519901029638,2,full 1990-2025 sample for this route (not by-year),US carriers' airborne time on US-touching international segments
SEA,PVR,US,168,-16.14952694235587,20.14568252527878,4,full 1990-2025 sample for this route (not by-year),US carriers' airborne time on US-touching international segments
SEA,SEL,US,27,-18.270666666666603,17.031013736263667,2,full 1990-2025 sample for this route (not by-year),US carriers' airborne time on US-touching international segments
SEA,SJD,US,157,-15.972151067323464,14.042580645161289,4,full 1990-2025 sample for this route (not by-year),US carriers' airborne time on US-touching international segments
SEA,TPE,US,1,-18.15238095238101,-18.15238095238101,0,full 1990-2025 sample for this route (not by-year),US carriers' airborne time on US-touching international segments
SEA,YEG,US,290,-59.122046893220066,16.36113688002632,6,full 1990-2025 sample for this route (not by-year),US carriers' airborne time on US-touching international segments
SEA,YKA,US,12,-4.250809396060984,29.90535317018912,2,full 1990-2025 sample for this route (not by-year),US carriers' airborne time on US-touching international segments
SEA,YLW,US,255,-5.0863003110763465,5.920024008077239,6,full 1990-2025 sample for this route (not by-year),US carriers' airborne time on US-touching international segments
SEA,YVR,US,388,-3.7067447596889815,3.595787982909533,8,full 1990-2025 sample for this route (not by-year),US carriers' airborne time on US-touching international segments
SEA,YYC,US,305,-9.081906456512284,13.066872455037432,8,full 1990-2025 sample for this route (not by-year),US carriers' airborne time on US-touching international segments
SEA,YYJ,US,369,-5.591471715319324,3.8256772589571404,8,full 1990-2025 sample for this route (not by-year),US carriers' airborne time on US-touching international segments
SEL,DTW,US,73,-17.232268907562993,21.102141025641018,2,full 1990-2025 sample for this route (not by-year),US carriers' airborne time on US-touching international segments
SEL,GUM,US,41,-17.09225023342671,6.173690476190474,2,full 1990-2025 sample for this route (not by-year),US carriers' airborne time on US-touching international segments
SEL,HNL,US,10,-9.44477321842714,1.031678749864271,2,full 1990-2025 sample for this route (not by-year),US carriers' airborne time on US-touching international segments
SEL,LAX,US,20,-16.84093115512332,30.85452480307578,2,full 1990-2025 sample for this route (not by-year),US carriers' airborne time on US-touching international segments
SEL,PDX,US,86,-17.160833333333322,15.421471861471948,2,full 1990-2025 sample for this route (not by-year),US carriers' airborne time on US-touching international segments
SEL,SEA,US,27,-9.636025641025613,11.334814102564053,2,full 1990-2025 sample for this route (not by-year),US carriers' airborne time on US-touching international segments
SEL,SFO,US,77,-22.118740740740776,18.62640211640209,2,full 1990-2025 sample for this route (not by-year),US carriers' airborne time on US-touching international segments
SEL,SPN,US,43,-6.743978494623651,7.492320261437908,2,full 1990-2025 sample for this route (not by-year),US carriers' airborne time on US-touching international segments
SFB,MHH,US,15,-12.55180598213039,4.399969029663141,2,full 1990-2025 sample for this route (not by-year),US carriers' airborne time on US-touching international segments
SFB,TCB,US,13,-13.402511671335205,8.962952380952387,2,full 1990-2025 sample for this route (not by-year),US carriers' airborne time on US-touching international segments
SFO,AKL,US,26,-14.023617952928362,8.99642857142851,2,full 1990-2025 sample for this route (not by-year),US carriers' airborne time on US-touching international segments
SFO,AMS,US,14,-3.943829365079348,14.180967741935461,2,full 1990-2025 sample for this route (not by-year),US carriers' airborne time on US-touching international segments
SFO,BNE,US,14,-18.482609003899316,9.235785586962129,2,full 1990-2025 sample for this route (not by-year),US carriers' airborne time on US-touching international segments
SFO,CDG,US,225,-39.74664516129033,32.440585607940484,6,full 1990-2025 sample for this route (not by-year),US carriers' airborne time on US-touching international segments
SFO,CHC,US,1,-3.8041958041958424,-3.8041958041958424,0,full 1990-2025 sample for this route (not by-year),US carriers' airborne time on US-touching international segments
SFO,CTU,US,44,-22.18258241758243,10.253939393939357,2,full 1990-2025 sample for this route (not by-year),US carriers' airborne time on US-touching international segments
SFO,CUN,US,205,-18.11900000000001,22.3098235294118,6,full 1990-2025 sample for this route (not by-year),US carriers' airborne time on US-touching international segments
SFO,FCO,US,5,-3.5595469039673344,8.565964722707722,2,full 1990-2025 sample for this route (not by-year),US carriers' airborne time on US-touching international segments
SFO,FRA,US,261,-17.586881720430142,20.50378197997775,6,full 1990-2025 sample for this route (not by-year),US carriers' airborne time on US-touching international segments
SFO,GDL,US,53,-4.895403747705981,15.404645161290297,2,full 1990-2025 sample for this route (not by-year),US carriers' airborne time on US-touching international segments
SFO,HKG,US,346,-17.33827586206898,30.781666666666773,8,full 1990-2025 sample for this route (not by-year),US carriers' airborne time on US-touching international segments
SFO,HND,US,60,-21.793229064039423,12.60457373271891,2,full 1990-2025 sample for this route (not by-year),US carriers' airborne time on US-touching international segments
SFO,ICN,US,222,-39.860242424242344,19.450991987877014,6,full 1990-2025 sample for this route (not by-year),US carriers' airborne time on US-touching international segments
SFO,KIX,US,295,-28.57662561576357,22.644000000000027,6,full 1990-2025 sample for this route (not by-year),US carriers' airborne time on US-touching international segments
SFO,LHR,US,380,-24.177316187739418,29.630216964038482,8,full 1990-2025 sample for this route (not by-year),US carriers' airborne time on US-touching international segments
SFO,LIR,US,12,-9.9625,4.859750000000022,2,full 1990-2025 sample for this route (not by-year),US carriers' airborne time on US-touching international segments
SFO,LTO,US,3,-3.1734999999999887,-1.1890000000000112,2,full 1990-2025 sample for this route (not by-year),US carriers' airborne time on US-touching international segments
SFO,MEL,US,19,-8.754219132369338,15.02633990147777,2,full 1990-2025 sample for this route (not by-year),US carriers' airborne time on US-touching international segments
SFO,MEX,US,384,-12.897846496106792,9.975953149001532,8,full 1990-2025 sample for this route (not by-year),US carriers' airborne time on US-touching international segments
SFO,MNL,US,2,-5.8452336840569865,4.9543166359706925,2,full 1990-2025 sample for this route (not by-year),US carriers' airborne time on US-touching international segments
SFO,MUC,US,37,-10.53202977667494,15.286293075684387,2,full 1990-2025 sample for this route (not by-year),US carriers' airborne time on US-touching international segments
SFO,MZT,US,165,-14.078703296703285,13.688136065971264,4,full 1990-2025 sample for this route (not by-year),US carriers' airborne time on US-touching international segments
SFO,NGO,US,20,-12.5137096774193,13.940081622678369,2,full 1990-2025 sample for this route (not by-year),US carriers' airborne time on US-touching international segments
SFO,NRT,US,388,-26.849851335940023,21.430335583752523,8,full 1990-2025 sample for this route (not by-year),US carriers' airborne time on US-touching international segments
SFO,OSA,US,32,-19.791500000000013,14.346451612903248,2,full 1990-2025 sample for this route (not by-year),US carriers' airborne time on US-touching international segments
SFO,PEK,US,166,-22.65833333333332,30.301887017320873,4,full 1990-2025 sample for this route (not by-year),US carriers' airborne time on US-touching international segments
SFO,PPT,US,34,-11.846556659453094,7.977106837606829,2,full 1990-2025 sample for this route (not by-year),US carriers' airborne time on US-touching international segments
SFO,PVG,US,227,-29.150413952010226,24.596208355367555,6,full 1990-2025 sample for this route (not by-year),US carriers' airborne time on US-touching international segments
SFO,PVR,US,387,-8.42364727975696,8.325565656565642,8,full 1990-2025 sample for this route (not by-year),US carriers' airborne time on US-touching international segments
SFO,SEL,US,77,-25.84662365591394,19.59956498673738,2,full 1990-2025 sample for this route (not by-year),US carriers' airborne time on US-touching international segments
SFO,SIN,US,50,-13.474952278325132,15.87199053030309,2,full 1990-2025 sample for this route (not by-year),US carriers' airborne time on US-touching international segments
SFO,SJD,US,334,-8.708602278749346,7.897279411764725,8,full 1990-2025 sample for this route (not by-year),US carriers' airborne time on US-touching international segments
SFO,SYD,US,335,-16.619137110016386,28.710142857142863,8,full 1990-2025 sample for this route (not by-year),US carriers' airborne time on US-touching international segments
SFO,TLV,US,45,-15.907509115858351,17.759673624288396,2,full 1990-2025 sample for this route (not by-year),US carriers' airborne time on US-touching international segments
SFO,TPE,US,224,-27.280274193548372,19.257954545454513,6,full 1990-2025 sample for this route (not by-year),US carriers' airborne time on US-touching international segments
SFO,YEG,US,101,-8.093220338983059,12.453043478260867,2,full 1990-2025 sample for this route (not by-year),US carriers' airborne time on US-touching international segments
SFO,YVR,US,385,-8.174921839703632,10.739223993848592,8,full 1990-2025 sample for this route (not by-year),US carriers' airborne time on US-touching international segments
SFO,YYC,US,288,-8.62547811059907,9.41612798491831,6,full 1990-2025 sample for this route (not by-year),US carriers' airborne time on US-touching international segments
SFO,YYJ,US,104,-5.833064263322887,8.36504597701149,4,full 1990-2025 sample for this route (not by-year),US carriers' airborne time on US-touching international segments
SFO,YYZ,US,181,-17.48387096774196,14.001167434715809,4,full 1990-2025 sample for this route (not by-year),US carriers' airborne time on US-touching international segments
SFO,ZIH,US,54,-14.10125,118.24577777777755,2,full 1990-2025 sample for this route (not by-year),US carriers' airborne time on US-touching international segments
SFO,ZRH,US,11,-7.474712643678208,5.160574712643734,2,full 1990-2025 sample for this route (not by-year),US carriers' airborne time on US-touching international segments
SIN,SFO,US,50,-10.2753374711236,20.335051038528952,2,full 1990-2025 sample for this route (not by-year),US carriers' airborne time on US-touching international segments
SJC,GDL,US,126,-8.304579493087545,8.360761989135298,4,full 1990-2025 sample for this route (not by-year),US carriers' airborne time on US-touching international segments
SJC,NRT,US,164,-18.03992307692309,26.175087719298187,4,full 1990-2025 sample for this route (not by-year),US carriers' airborne time on US-touching international segments
SJC,PVR,US,49,-6.65808015513898,9.494178762414066,2,full 1990-2025 sample for this route (not by-year),US carriers' airborne time on US-touching international segments
SJC,SJD,US,172,-6.0001294997662376,7.583095238095234,4,full 1990-2025 sample for this route (not by-year),US carriers' airborne time on US-touching international segments
SJC,YVR,US,51,-8.221036423614933,5.100358422939067,2,full 1990-2025 sample for this route (not by-year),US carriers' airborne time on US-touching international segments
SJD,ATL,US,213,-10.350857142857137,8.655576036866337,6,full 1990-2025 sample for this route (not by-year),US carriers' airborne time on US-touching international segments
SJD,AUS,US,34,-13.152428571428567,19.997272727272737,2,full 1990-2025 sample for this route (not by-year),US carriers' airborne time on US-touching international segments
SJD,BWI,US,5,-5.17,2.0810000000000217,2,full 1990-2025 sample for this route (not by-year),US carriers' airborne time on US-touching international segments
SJD,CLT,US,94,-13.8095,17.40249999999996,2,full 1990-2025 sample for this route (not by-year),US carriers' airborne time on US-touching international segments
SJD,DEN,US,218,-9.35279332403589,8.21378498158521,6,full 1990-2025 sample for this route (not by-year),US carriers' airborne time on US-touching international segments
SJD,DFW,US,306,-7.94431845541679,6.783186570601833,8,full 1990-2025 sample for this route (not by-year),US carriers' airborne time on US-touching international segments
SJD,DTW,US,66,-13.54055555555557,13.409999999999982,2,full 1990-2025 sample for this route (not by-year),US carriers' airborne time on US-touching international segments
SJD,EWR,US,208,-11.792125000000011,16.492948416289586,6,full 1990-2025 sample for this route (not by-year),US carriers' airborne time on US-touching international segments
SJD,HOU,US,76,-4.6301319983528835,6.56358091623747,2,full 1990-2025 sample for this route (not by-year),US carriers' airborne time on US-touching international segments
SJD,IAD,US,3,-3.6165,9.736,2,full 1990-2025 sample for this route (not by-year),US carriers' airborne time on US-touching international segments
SJD,IAH,US,329,-8.99263470695643,9.19347214076246,8,full 1990-2025 sample for this route (not by-year),US carriers' airborne time on US-touching international segments
SJD,JFK,US,26,-11.303932619435585,16.73138209829385,2,full 1990-2025 sample for this route (not by-year),US carriers' airborne time on US-touching international segments
SJD,LAS,US,22,-33.71699999999999,40.19254834347528,2,full 1990-2025 sample for this route (not by-year),US carriers' airborne time on US-touching international segments
SJD,LAX,US,388,-5.900516244310921,8.628174731182787,8,full 1990-2025 sample for this route (not by-year),US carriers' airborne time on US-touching international segments
SJD,MCI,US,10,-27.017500000000005,7.319249999999984,2,full 1990-2025 sample for this route (not by-year),US carriers' airborne time on US-touching international segments
SJD,MDW,US,10,-18.47574999999999,7.640909090909101,2,full 1990-2025 sample for this route (not by-year),US carriers' airborne time on US-touching international segments
SJD,MSP,US,106,-12.633757575757564,17.661346153846157,4,full 1990-2025 sample for this route (not by-year),US carriers' airborne time on US-touching international segments
SJD,OAK,US,31,-6.854999999999992,13.43818277310924,2,full 1990-2025 sample for this route (not by-year),US carriers' airborne time on US-touching international segments
SJD,ORD,US,225,-11.130786588272688,10.425253782637867,6,full 1990-2025 sample for this route (not by-year),US carriers' airborne time on US-touching international segments
SJD,PDX,US,51,-9.195707070707073,8.785714285714292,2,full 1990-2025 sample for this route (not by-year),US carriers' airborne time on US-touching international segments
SJD,PHX,US,331,-4.10470425043669,4.224537037037039,8,full 1990-2025 sample for this route (not by-year),US carriers' airborne time on US-touching international segments
SJD,SAN,US,376,-5.627011494252866,7.384788074712645,8,full 1990-2025 sample for this route (not by-year),US carriers' airborne time on US-touching international segments
SJD,SEA,US,157,-11.529032258064525,12.430709677419348,4,full 1990-2025 sample for this route (not by-year),US carriers' airborne time on US-touching international segments
SJD,SFO,US,334,-9.787239790243133,9.789727092099128,8,full 1990-2025 sample for this route (not by-year),US carriers' airborne time on US-touching international segments
SJD,SJC,US,172,-8.742657930107523,7.420241596638647,4,full 1990-2025 sample for this route (not by-year),US carriers' airborne time on US-touching international segments
SJD,SLC,US,177,-8.763523809523813,12.496695652174,4,full 1990-2025 sample for this route (not by-year),US carriers' airborne time on US-touching international segments
SJD,SMF,US,39,-7.367833333333346,11.517206959706948,2,full 1990-2025 sample for this route (not by-year),US carriers' airborne time on US-touching international segments
SJD,SNA,US,104,-6.273242690058487,4.835934371523908,4,full 1990-2025 sample for this route (not by-year),US carriers' airborne time on US-touching international segments
SJO,ATL,US,282,-8.450602636534832,8.140796255098264,6,full 1990-2025 sample for this route (not by-year),US carriers' airborne time on US-touching international segments
SJO,BWI,US,43,-11.01585057471265,8.389999999999997,2,full 1990-2025 sample for this route (not by-year),US carriers' airborne time on US-touching international segments
SJO,CLT,US,188,-8.324285714285713,11.960169354838703,4,full 1990-2025 sample for this route (not by-year),US carriers' airborne time on US-touching international segments
SJO,DEN,US,69,-21.742318840579685,15.841999999999988,2,full 1990-2025 sample for this route (not by-year),US carriers' airborne time on US-touching international segments
SJO,DFW,US,319,-10.119470046082967,8.81882278340695,8,full 1990-2025 sample for this route (not by-year),US carriers' airborne time on US-touching international segments
SJO,EWR,US,281,-9.06223084593206,9.887104189840567,6,full 1990-2025 sample for this route (not by-year),US carriers' airborne time on US-touching international segments
SJO,FLL,US,186,-6.297241803895043,5.121943344750302,4,full 1990-2025 sample for this route (not by-year),US carriers' airborne time on US-touching international segments
SJO,HOU,US,65,-7.2295216907675,6.5823914625272835,2,full 1990-2025 sample for this route (not by-year),US carriers' airborne time on US-touching international segments
SJO,IAD,US,49,-12.958117647058824,13.603999999999985,2,full 1990-2025 sample for this route (not by-year),US carriers' airborne time on US-touching international segments
SJO,IAH,US,356,-7.387045826274894,9.41442982456141,8,full 1990-2025 sample for this route (not by-year),US carriers' airborne time on US-touching international segments
SJO,JFK,US,47,-29.98930414746544,25.279398900948625,2,full 1990-2025 sample for this route (not by-year),US carriers' airborne time on US-touching international segments
SJO,LAX,US,107,-6.654682968168917,14.379268927650115,4,full 1990-2025 sample for this route (not by-year),US carriers' airborne time on US-touching international segments
SJO,MCO,US,151,-6.728648233486965,5.882228733095289,4,full 1990-2025 sample for this route (not by-year),US carriers' airborne time on US-touching international segments
SJO,MIA,US,383,-4.814052272192151,4.924442015688728,8,full 1990-2025 sample for this route (not by-year),US carriers' airborne time on US-touching international segments
SJO,ORD,US,50,-13.470805555555556,8.386755952380929,2,full 1990-2025 sample for this route (not by-year),US carriers' airborne time on US-touching international segments
SJO,PHL,US,21,-8.732647058823527,17.989444444444434,2,full 1990-2025 sample for this route (not by-year),US carriers' airborne time on US-touching international segments
SJO,PHX,US,121,-12.666666666666663,14.049999999999997,4,full 1990-2025 sample for this route (not by-year),US carriers' airborne time on US-touching international segments
SJU,ANU,US,270,-10.835662281305959,18.96990292016154,6,full 1990-2025 sample for this route (not by-year),US carriers' airborne time on US-touching international segments
SJU,AUA,US,200,-12.173101830663615,37.981731182795684,4,full 1990-2025 sample for this route (not by-year),US carriers' airborne time on US-touching international segments
SJU,AXA,US,337,-15.220583333333336,21.117154834347517,8,full 1990-2025 sample for this route (not by-year),US carriers' airborne time on US-touching international segments
SJU,BGI,US,241,-6.257961733080324,57.65483870967743,6,full 1990-2025 sample for this route (not by-year),US carriers' airborne time on US-touching international segments
SJU,BON,US,71,-9.210040765685921,7.598145660641166,2,full 1990-2025 sample for this route (not by-year),US carriers' airborne time on US-touching international segments
SJU,CCS,US,181,-3.1012903225806467,5.069262295081963,4,full 1990-2025 sample for this route (not by-year),US carriers' airborne time on US-touching international segments
SJU,CIW,US,23,-14.603831871345038,6.955059829059838,2,full 1990-2025 sample for this route (not by-year),US carriers' airborne time on US-touching international segments
SJU,CUN,US,2,-5.069038461538464,1.3574999999999826,2,full 1990-2025 sample for this route (not by-year),US carriers' airborne time on US-touching international segments
SJU,CUR,US,49,-15.867379679144388,8.029330316742078,2,full 1990-2025 sample for this route (not by-year),US carriers' airborne time on US-touching international segments
SJU,DOM,US,302,-21.1071908496732,6.92564088512476,8,full 1990-2025 sample for this route (not by-year),US carriers' airborne time on US-touching international segments
SJU,EIS,US,377,-6.009200738156164,5.335151830248261,8,full 1990-2025 sample for this route (not by-year),US carriers' airborne time on US-touching international segments
SJU,FDF,US,162,-9.117008012149139,9.997743589743587,4,full 1990-2025 sample for this route (not by-year),US carriers' airborne time on US-touching international segments
SJU,GND,US,225,-10.33926881720431,53.94986435070304,6,full 1990-2025 sample for this route (not by-year),US carriers' airborne time on US-touching international segments
SJU,LRM,US,252,-6.022697436621903,6.4250602998696245,6,full 1990-2025 sample for this route (not by-year),US carriers' airborne time on US-touching international segments
SJU,NEV,US,138,-19.630428578445823,23.39327450980392,4,full 1990-2025 sample for this route (not by-year),US carriers' airborne time on US-touching international segments
SJU,POP,US,229,-9.181917197025525,17.835617616325525,6,full 1990-2025 sample for this route (not by-year),US carriers' airborne time on US-touching international segments
SJU,POS,US,158,-12.454612903225804,11.352208436724583,4,full 1990-2025 sample for this route (not by-year),US carriers' airborne time on US-touching international segments
SJU,PTP,US,279,-6.165700595289029,7.023852941176477,6,full 1990-2025 sample for this route (not by-year),US carriers' airborne time on US-touching international segments
SJU,PUJ,US,364,-11.369549458793273,8.124797914585418,8,full 1990-2025 sample for this route (not by-year),US carriers' airborne time on US-touching international segments
SJU,SBH,US,150,-19.210746002378748,4.7591972979300525,4,full 1990-2025 sample for this route (not by-year),US carriers' airborne time on US-touching international segments
SJU,SDQ,US,385,-8.94880379031183,10.26243574990409,8,full 1990-2025 sample for this route (not by-year),US carriers' airborne time on US-touching international segments
SJU,SKB,US,345,-11.725691993032012,6.180521682847898,8,full 1990-2025 sample for this route (not by-year),US carriers' airborne time on US-touching international segments
SJU,SLU,US,239,-6.26441679322001,5.006677489859552,6,full 1990-2025 sample for this route (not by-year),US carriers' airborne time on US-touching international segments
SJU,STI,US,285,-109.34841025641026,263.90370370370374,6,full 1990-2025 sample for this route (not by-year),US carriers' airborne time on US-touching international segments
SJU,SVD,US,27,-4.761013056835637,5.400060150375944,2,full 1990-2025 sample for this route (not by-year),US carriers' airborne time on US-touching international segments
SJU,SXM,US,369,-12.189182951519566,11.67269938630687,8,full 1990-2025 sample for this route (not by-year),US carriers' airborne time on US-touching international segments
SJU,TAB,US,15,-4.01199078341015,8.53792946875919,2,full 1990-2025 sample for this route (not by-year),US carriers' airborne time on US-touching international segments
SJU,UVF,US,76,-3.533188585607938,5.032258064516128,2,full 1990-2025 sample for this route (not by-year),US carriers' airborne time on US-touching international segments
SJU,VIJ,US,64,-15.428834653308966,3.9207920792079207,1,full 1990-2025 sample for this route (not by-year),US carriers' airborne time on US-touching international segments
SKB,ATL,US,85,-15.470000000000006,10.003999999999987,2,full 1990-2025 sample for this route (not by-year),US carriers' airborne time on US-touching international segments
SKB,CLT,US,148,-17.4275,15.659000000000006,4,full 1990-2025 sample for this route (not by-year),US carriers' airborne time on US-touching international segments
SKB,EWR,US,24,-11.242500000000012,12.849999999999998,2,full 1990-2025 sample for this route (not by-year),US carriers' airborne time on US-touching international segments
SKB,JFK,US,112,-16.31493055555554,12.520793650793646,4,full 1990-2025 sample for this route (not by-year),US carriers' airborne time on US-touching international segments
SKB,MIA,US,203,-5.834661953587098,8.182842432950189,6,full 1990-2025 sample for this route (not by-year),US carriers' airborne time on US-touching international segments
SKB,PHL,US,10,-5.6785000000000005,25.709000000000003,2,full 1990-2025 sample for this route (not by-year),US carriers' airborne time on US-touching international segments
SKB,SJU,US,345,-7.535133826208075,6.396382464208884,8,full 1990-2025 sample for this route (not by-year),US carriers' airborne time on US-touching international segments
SKB,STT,US,5,0.0,0.0,0,full 1990-2025 sample for this route (not by-year),US carriers' airborne time on US-touching international segments
SLC,AMS,US,66,-18.66705128205127,16.733706709956635,2,full 1990-2025 sample for this route (not by-year),US carriers' airborne time on US-touching international segments
SLC,CDG,US,140,-17.85325287356327,18.616635817198137,4,full 1990-2025 sample for this route (not by-year),US carriers' airborne time on US-touching international segments
SLC,CUN,US,185,-11.34957142857142,13.153692307692303,4,full 1990-2025 sample for this route (not by-year),US carriers' airborne time on US-touching international segments
SLC,GDL,US,68,-18.133796169108667,28.11694444444442,2,full 1990-2025 sample for this route (not by-year),US carriers' airborne time on US-touching international segments
SLC,LHR,US,34,-19.51522043010749,24.14131280788177,2,full 1990-2025 sample for this route (not by-year),US carriers' airborne time on US-touching international segments
SLC,MEX,US,123,-6.44927272727272,7.983198757763967,4,full 1990-2025 sample for this route (not by-year),US carriers' airborne time on US-touching international segments
SLC,MZT,US,1,-42.55138888888888,-42.55138888888888,0,full 1990-2025 sample for this route (not by-year),US carriers' airborne time on US-touching international segments
SLC,NRT,US,4,-5.7185876623377405,6.180757575757608,2,full 1990-2025 sample for this route (not by-year),US carriers' airborne time on US-touching international segments
SLC,PVR,US,169,-19.333254467754475,43.89640918708939,4,full 1990-2025 sample for this route (not by-year),US carriers' airborne time on US-touching international segments
SLC,SJD,US,177,-8.594035087719295,9.97224675324675,4,full 1990-2025 sample for this route (not by-year),US carriers' airborne time on US-touching international segments
SLC,YEG,US,114,-5.594973045822097,8.022074527252503,4,full 1990-2025 sample for this route (not by-year),US carriers' airborne time on US-touching international segments
SLC,YVR,US,206,-9.791894253979518,21.21809602736661,6,full 1990-2025 sample for this route (not by-year),US carriers' airborne time on US-touching international segments
SLC,YYC,US,304,-8.887298440065681,26.273605008672835,8,full 1990-2025 sample for this route (not by-year),US carriers' airborne time on US-touching international segments
SLC,YYZ,US,44,-6.6904445680385605,10.065406072106267,2,full 1990-2025 sample for this route (not by-year),US carriers' airborne time on US-touching international segments
SLP,DFW,US,207,-7.22016708541736,5.008304566401345,6,full 1990-2025 sample for this route (not by-year),US carriers' airborne time on US-touching international segments
SLP,IAH,US,263,-9.417834449178326,6.921705403995643,6,full 1990-2025 sample for this route (not by-year),US carriers' airborne time on US-touching international segments
SLU,SJU,US,239,-6.830158133845165,6.963839357660872,6,full 1990-2025 sample for this route (not by-year),US carriers' airborne time on US-touching international segments
SLW,IAH,US,159,-21.885166666666667,8.386150537634386,4,full 1990-2025 sample for this route (not by-year),US carriers' airborne time on US-touching international segments
SMF,SJD,US,39,-6.796642857142855,6.9963549881491,2,full 1990-2025 sample for this route (not by-year),US carriers' airborne time on US-touching international segments
SNA,MEX,US,32,-6.585612903225813,8.069404761904758,2,full 1990-2025 sample for this route (not by-year),US carriers' airborne time on US-touching international segments
SNA,PVR,US,55,-3.954969013544592,6.387380952380953,2,full 1990-2025 sample for this route (not by-year),US carriers' airborne time on US-touching international segments
SNA,SJD,US,104,-3.2556795907640392,5.321728494623645,4,full 1990-2025 sample for this route (not by-year),US carriers' airborne time on US-touching international segments
SNN,ATL,US,192,-25.761911764705882,28.488333333333298,4,full 1990-2025 sample for this route (not by-year),US carriers' airborne time on US-touching international segments
SNN,EWR,US,244,-22.76064444444444,21.95989901477831,6,full 1990-2025 sample for this route (not by-year),US carriers' airborne time on US-touching international segments
SNN,JFK,US,135,-33.74778571428569,23.908333333333328,4,full 1990-2025 sample for this route (not by-year),US carriers' airborne time on US-touching international segments
SNN,ORD,US,18,-12.919666666666647,14.059861715296176,2,full 1990-2025 sample for this route (not by-year),US carriers' airborne time on US-touching international segments
SNN,PHL,US,53,-12.75547063688999,16.185974025974016,2,full 1990-2025 sample for this route (not by-year),US carriers' airborne time on US-touching international segments
SNU,FLL,US,16,-5.153146712158813,4.304744623655912,2,full 1990-2025 sample for this route (not by-year),US carriers' airborne time on US-touching international segments
SNU,MIA,US,29,-2.2490470219435768,2.315880184331801,2,full 1990-2025 sample for this route (not by-year),US carriers' airborne time on US-touching international segments
SPN,CTS,US,68,-8.855148809523818,16.62083333333334,2,full 1990-2025 sample for this route (not by-year),US carriers' airborne time on US-touching international segments
SPN,FUK,US,51,-6.59552139037433,12.393650793650792,2,full 1990-2025 sample for this route (not by-year),US carriers' airborne time on US-touching international segments
SPN,HKG,US,51,-14.025000000000006,17.196428571428584,2,full 1990-2025 sample for this route (not by-year),US carriers' airborne time on US-touching international segments
SPN,KIX,US,30,-13.290588246199482,8.829301871053074,2,full 1990-2025 sample for this route (not by-year),US carriers' airborne time on US-touching international segments
SPN,MNL,US,98,-8.654928571428577,12.951378205128218,2,full 1990-2025 sample for this route (not by-year),US carriers' airborne time on US-touching international segments
SPN,NGO,US,167,-7.877047748527178,13.073275434243186,4,full 1990-2025 sample for this route (not by-year),US carriers' airborne time on US-touching international segments
SPN,NRT,US,333,-7.565659309564229,13.195027559410871,8,full 1990-2025 sample for this route (not by-year),US carriers' airborne time on US-touching international segments
SPN,SDJ,US,67,-9.079090909090908,13.073441558441584,2,full 1990-2025 sample for this route (not by-year),US carriers' airborne time on US-touching international segments
SPN,SEL,US,32,-5.099492972627631,10.216594454986337,2,full 1990-2025 sample for this route (not by-year),US carriers' airborne time on US-touching international segments
SPN,TPE,US,71,-11.342916666666664,9.999125874125859,2,full 1990-2025 sample for this route (not by-year),US carriers' airborne time on US-touching international segments
SSA,MIA,US,19,-13.457660427807475,10.117754010695212,2,full 1990-2025 sample for this route (not by-year),US carriers' airborne time on US-touching international segments
STI,ATL,US,8,-2.571999999999994,5.289999999999999,2,full 1990-2025 sample for this route (not by-year),US carriers' airborne time on US-touching international segments
STI,BOS,US,127,-7.857870085470098,8.856470912599953,4,full 1990-2025 sample for this route (not by-year),US carriers' airborne time on US-touching international segments
STI,EWR,US,143,-6.396561307069792,8.005032258064519,4,full 1990-2025 sample for this route (not by-year),US carriers' airborne time on US-touching international segments
STI,FLL,US,152,-4.931746794871796,7.661924731182798,4,full 1990-2025 sample for this route (not by-year),US carriers' airborne time on US-touching international segments
STI,JFK,US,238,-6.88941596804377,7.982797412384776,6,full 1990-2025 sample for this route (not by-year),US carriers' airborne time on US-touching international segments
STI,MCO,US,2,-3.0690847564832247,0.8036198608475936,2,full 1990-2025 sample for this route (not by-year),US carriers' airborne time on US-touching international segments
STI,MIA,US,236,-4.02448156682028,5.492081872370273,6,full 1990-2025 sample for this route (not by-year),US carriers' airborne time on US-touching international segments
STI,SJU,US,285,-36.90105747126439,71.08365034965618,6,full 1990-2025 sample for this route (not by-year),US carriers' airborne time on US-touching international segments
STL,CDG,US,49,-15.608829493087567,13.716129032258054,2,full 1990-2025 sample for this route (not by-year),US carriers' airborne time on US-touching international segments
STL,CUN,US,243,-6.70936363636362,12.643058540372653,6,full 1990-2025 sample for this route (not by-year),US carriers' airborne time on US-touching international segments
STL,LGW,US,142,-27.472743339159898,31.453256166982904,4,full 1990-2025 sample for this route (not by-year),US carriers' airborne time on US-touching international segments
STL,MBJ,US,66,-8.91909722222224,12.707771929824531,2,full 1990-2025 sample for this route (not by-year),US carriers' airborne time on US-touching international segments
STL,PUJ,US,79,-13.106836208167469,15.618904761904748,2,full 1990-2025 sample for this route (not by-year),US carriers' airborne time on US-touching international segments
STL,PVR,US,23,-18.802265087853336,3.2169999999999987,2,full 1990-2025 sample for this route (not by-year),US carriers' airborne time on US-touching international segments
STL,YVR,US,13,-11.742423728813575,1.958756835785618,2,full 1990-2025 sample for this route (not by-year),US carriers' airborne time on US-touching international segments
STL,YYZ,US,44,-9.993660494058654,32.89373274016926,2,full 1990-2025 sample for this route (not by-year),US carriers' airborne time on US-touching international segments
STL,ZIH,US,12,-10.82375,17.042250000000003,2,full 1990-2025 sample for this route (not by-year),US carriers' airborne time on US-touching international segments
STN,JFK,US,9,-18.176521024938282,67.63845280996843,2,full 1990-2025 sample for this route (not by-year),US carriers' airborne time on US-touching international segments
STR,ATL,US,250,-24.048005376344108,24.78205730839041,6,full 1990-2025 sample for this route (not by-year),US carriers' airborne time on US-touching international segments
STR,EWR,US,16,-13.236279330572799,20.784815705128175,2,full 1990-2025 sample for this route (not by-year),US carriers' airborne time on US-touching international segments
STR,JFK,US,1,-7.843162393162402,-7.843162393162402,0,full 1990-2025 sample for this route (not by-year),US carriers' airborne time on US-touching international segments
STT,AXA,US,41,0.0,67.00000000000011,1,full 1990-2025 sample for this route (not by-year),US carriers' airborne time on US-touching international segments
STT,EIS,US,45,-17.216024844720497,11.045333333333344,2,full 1990-2025 sample for this route (not by-year),US carriers' airborne time on US-touching international segments
STT,NEV,US,11,-0.014201480848800685,0.01878967497381865,2,full 1990-2025 sample for this route (not by-year),US carriers' airborne time on US-touching international segments
STT,SBH,US,42,-15.613219780219778,3.0884999999999985,2,full 1990-2025 sample for this route (not by-year),US carriers' airborne time on US-touching international segments
STT,SKB,US,5,0.0,0.0,0,full 1990-2025 sample for this route (not by-year),US carriers' airborne time on US-touching international segments
STT,SXM,US,13,-0.11354838709677723,0.0,1,full 1990-2025 sample for this route (not by-year),US carriers' airborne time on US-touching international segments
STT,VIJ,US,4,-10.54049104138223,17.846348039215684,2,full 1990-2025 sample for this route (not by-year),US carriers' airborne time on US-touching international segments
SVD,MIA,US,30,-7.165176767676761,8.834315476190469,2,full 1990-2025 sample for this route (not by-year),US carriers' airborne time on US-touching international segments
SVD,SJU,US,27,-6.141768853778066,8.460036258610936,2,full 1990-2025 sample for this route (not by-year),US carriers' airborne time on US-touching international segments
SVO,ATL,US,43,-23.113774964427076,16.429819423495896,2,full 1990-2025 sample for this route (not by-year),US carriers' airborne time on US-touching international segments
SVO,JFK,US,292,-26.542156739811997,23.66399611608588,6,full 1990-2025 sample for this route (not by-year),US carriers' airborne time on US-touching international segments
SXM,ATL,US,222,-11.736,13.656249999999993,6,full 1990-2025 sample for this route (not by-year),US carriers' airborne time on US-touching international segments
SXM,BOS,US,83,-16.27,12.425999999999998,2,full 1990-2025 sample for this route (not by-year),US carriers' airborne time on US-touching international segments
SXM,BWI,US,14,-6.079154761904758,8.917499999999997,2,full 1990-2025 sample for this route (not by-year),US carriers' airborne time on US-touching international segments
SXM,CLT,US,273,-9.843169705469839,10.875595533498757,6,full 1990-2025 sample for this route (not by-year),US carriers' airborne time on US-touching international segments
SXM,DTW,US,6,-8.241249999999999,13.672500000000001,2,full 1990-2025 sample for this route (not by-year),US carriers' airborne time on US-touching international segments
SXM,EWR,US,201,-10.215099268547533,12.075872777896762,4,full 1990-2025 sample for this route (not by-year),US carriers' airborne time on US-touching international segments
SXM,FLL,US,166,-11.799166666666668,7.9549999999999965,4,full 1990-2025 sample for this route (not by-year),US carriers' airborne time on US-touching international segments
SXM,IAD,US,111,-15.290277777777785,15.80357142857143,4,full 1990-2025 sample for this route (not by-year),US carriers' airborne time on US-touching international segments
SXM,JFK,US,360,-9.699564247311837,11.612172619047616,8,full 1990-2025 sample for this route (not by-year),US carriers' airborne time on US-touching international segments
SXM,MCO,US,4,-12.986749999999994,3.63300000000001,2,full 1990-2025 sample for this route (not by-year),US carriers' airborne time on US-touching international segments
SXM,MIA,US,379,-9.142039094434557,9.417130743761607,8,full 1990-2025 sample for this route (not by-year),US carriers' airborne time on US-touching international segments
SXM,MSP,US,19,-23.26699999999997,17.44,2,full 1990-2025 sample for this route (not by-year),US carriers' airborne time on US-touching international segments
SXM,ORD,US,62,-17.672500000000024,13.683714285714302,2,full 1990-2025 sample for this route (not by-year),US carriers' airborne time on US-touching international segments
SXM,PHL,US,240,-15.109555555555561,16.829376623376596,6,full 1990-2025 sample for this route (not by-year),US carriers' airborne time on US-touching international segments
SXM,RDU,US,4,-2.1602954538137027,2.667645161290345,2,full 1990-2025 sample for this route (not by-year),US carriers' airborne time on US-touching international segments
SXM,SJU,US,370,-9.426220045321498,10.447458506634982,8,full 1990-2025 sample for this route (not by-year),US carriers' airborne time on US-touching international segments
SXM,STT,US,13,0.0,0.0,0,full 1990-2025 sample for this route (not by-year),US carriers' airborne time on US-touching international segments
SYD,GUM,US,18,-23.01362500000002,10.730535714285747,2,full 1990-2025 sample for this route (not by-year),US carriers' airborne time on US-touching international segments
SYD,HNL,US,218,-14.403949286345904,20.647468982630233,6,full 1990-2025 sample for this route (not by-year),US carriers' airborne time on US-touching international segments
SYD,IAH,US,10,-14.910385416610657,26.676054032812615,2,full 1990-2025 sample for this route (not by-year),US carriers' airborne time on US-touching international segments
SYD,LAX,US,386,-13.739173927599126,17.463311192764166,8,full 1990-2025 sample for this route (not by-year),US carriers' airborne time on US-touching international segments
SYD,SFO,US,335,-18.991184278828328,22.24903225806458,8,full 1990-2025 sample for this route (not by-year),US carriers' airborne time on US-touching international segments
SYR,YOW,US,28,-1.2048664893655292,8.946032076360929,2,full 1990-2025 sample for this route (not by-year),US carriers' airborne time on US-touching international segments
SYR,YUL,US,29,-2.329463659147867,2.7170713098429737,2,full 1990-2025 sample for this route (not by-year),US carriers' airborne time on US-touching international segments
SYR,YYZ,US,24,-16.60563365528363,2.042092745030315,2,full 1990-2025 sample for this route (not by-year),US carriers' airborne time on US-touching international segments
TAB,ATL,US,2,2.389,16.010999999999978,2,full 1990-2025 sample for this route (not by-year),US carriers' airborne time on US-touching international segments
TAB,SJU,US,15,-3.948935483870975,10.028314652485589,2,full 1990-2025 sample for this route (not by-year),US carriers' airborne time on US-touching international segments
TAM,IAH,US,284,-11.201220930743702,5.824913978494637,6,full 1990-2025 sample for this route (not by-year),US carriers' airborne time on US-touching international segments
TBI,FLL,US,34,-6.736783216783216,28.49125641025642,2,full 1990-2025 sample for this route (not by-year),US carriers' airborne time on US-touching international segments
TBU,PPG,US,15,-3.0450000000000013,3.8833333333333337,2,full 1990-2025 sample for this route (not by-year),US carriers' airborne time on US-touching international segments
TCB,DAB,US,42,-6.346320433598657,8.110570261437903,2,full 1990-2025 sample for this route (not by-year),US carriers' airborne time on US-touching international segments
TCB,FLL,US,174,-11.727763095238092,11.517595604395645,4,full 1990-2025 sample for this route (not by-year),US carriers' airborne time on US-touching international segments
TCB,MIA,US,50,-5.568227777777781,7.240409429280387,2,full 1990-2025 sample for this route (not by-year),US carriers' airborne time on US-touching international segments
TCB,MLB,US,37,-5.1684210526315795,4.196812905764312,2,full 1990-2025 sample for this route (not by-year),US carriers' airborne time on US-touching international segments
TCB,PBI,US,1,-3.875,-3.875,0,full 1990-2025 sample for this route (not by-year),US carriers' airborne time on US-touching international segments
TCB,SFB,US,15,-18.5429799820063,0.7227014042867659,2,full 1990-2025 sample for this route (not by-year),US carriers' airborne time on US-touching international segments
TFS,EWR,US,4,-11.407505494505466,3.4709935897436215,2,full 1990-2025 sample for this route (not by-year),US carriers' airborne time on US-touching international segments
TGU,ATL,US,112,-7.807619375845192,6.897737486095666,4,full 1990-2025 sample for this route (not by-year),US carriers' airborne time on US-touching international segments
TGU,IAH,US,262,-7.486178621518729,6.516839345304298,6,full 1990-2025 sample for this route (not by-year),US carriers' airborne time on US-touching international segments
TGU,MIA,US,347,-5.436213570634043,4.906104433497544,8,full 1990-2025 sample for this route (not by-year),US carriers' airborne time on US-touching international segments
TGZ,IAH,US,16,-3.768055555555543,4.296180555555554,2,full 1990-2025 sample for this route (not by-year),US carriers' airborne time on US-touching international segments
TKK,GUM,US,376,-4.271836007130133,5.597117794486216,8,full 1990-2025 sample for this route (not by-year),US carriers' airborne time on US-touching international segments
TLC,FLL,US,32,-8.615000000000004,6.858125000000001,2,full 1990-2025 sample for this route (not by-year),US carriers' airborne time on US-touching international segments
TLC,IAH,US,75,-5.913518724508707,7.573478309232485,2,full 1990-2025 sample for this route (not by-year),US carriers' airborne time on US-touching international segments
TLV,ATL,US,41,-29.400013086435887,17.37414874551971,2,full 1990-2025 sample for this route (not by-year),US carriers' airborne time on US-touching international segments
TLV,BGR,US,1,-6.1749999999999545,-6.1749999999999545,0,full 1990-2025 sample for this route (not by-year),US carriers' airborne time on US-touching international segments
TLV,EWR,US,260,-24.336015986829707,16.058608529250982,6,full 1990-2025 sample for this route (not by-year),US carriers' airborne time on US-touching international segments
TLV,JFK,US,249,-59.384,37.153174325674385,6,full 1990-2025 sample for this route (not by-year),US carriers' airborne time on US-touching international segments
TLV,PHL,US,55,-6.41165739710786,41.62561510143549,2,full 1990-2025 sample for this route (not by-year),US carriers' airborne time on US-touching international segments
TLV,SFO,US,45,-19.10413793103448,19.164568038561306,2,full 1990-2025 sample for this route (not by-year),US carriers' airborne time on US-touching international segments
TPA,CUN,US,149,-7.786823529411765,10.440000000000033,4,full 1990-2025 sample for this route (not by-year),US carriers' airborne time on US-touching international segments
TPA,HAV,US,58,-2.9699661154784516,6.040623768472905,2,full 1990-2025 sample for this route (not by-year),US carriers' airborne time on US-touching international segments
TPA,MBJ,US,117,-3.9148090470893515,11.032035595105672,4,full 1990-2025 sample for this route (not by-year),US carriers' airborne time on US-touching international segments
TPA,MHH,US,15,-4.173999999999999,7.3463846153846175,2,full 1990-2025 sample for this route (not by-year),US carriers' airborne time on US-touching international segments
TPA,NAS,US,95,-20.84177777777777,25.688306451613013,2,full 1990-2025 sample for this route (not by-year),US carriers' airborne time on US-touching international segments
TPA,PUJ,US,3,0.5621153846153704,2.362670940170962,2,full 1990-2025 sample for this route (not by-year),US carriers' airborne time on US-touching international segments
TPA,SDQ,US,4,-0.2429049422799423,4.434282051282047,2,full 1990-2025 sample for this route (not by-year),US carriers' airborne time on US-touching international segments
TPA,YYZ,US,37,-7.926553289086704,4.2404819683359225,2,full 1990-2025 sample for this route (not by-year),US carriers' airborne time on US-touching international segments
TPE,GUM,US,148,-7.561549783549784,9.619141178738696,4,full 1990-2025 sample for this route (not by-year),US carriers' airborne time on US-touching international segments
TPE,LAX,US,5,-14.602967032967058,11.302354312354323,2,full 1990-2025 sample for this route (not by-year),US carriers' airborne time on US-touching international segments
TPE,PDX,US,7,-11.8882189542483,7.556960784313707,2,full 1990-2025 sample for this route (not by-year),US carriers' airborne time on US-touching international segments
TPE,SFO,US,222,-20.876907407407423,158.63548387096654,6,full 1990-2025 sample for this route (not by-year),US carriers' airborne time on US-touching international segments
TPE,SPN,US,20,-2.9522907647907504,5.7212583943833915,2,full 1990-2025 sample for this route (not by-year),US carriers' airborne time on US-touching international segments
TRC,DFW,US,212,-6.212665530006025,4.670515758249909,6,full 1990-2025 sample for this route (not by-year),US carriers' airborne time on US-touching international segments
TRC,IAH,US,177,-15.179669354838715,6.6570765441455055,4,full 1990-2025 sample for this route (not by-year),US carriers' airborne time on US-touching international segments
TXL,EWR,US,153,-32.37223684210525,25.632266666666656,4,full 1990-2025 sample for this route (not by-year),US carriers' airborne time on US-touching international segments
TXL,JFK,US,120,-40.53721510673234,24.155352449223386,4,full 1990-2025 sample for this route (not by-year),US carriers' airborne time on US-touching international segments
TYM,FXE,US,4,-8.280320807568305,-2.891232903133669,2,full 1990-2025 sample for this route (not by-year),US carriers' airborne time on US-touching international segments
TZN,FXE,US,19,-20.43641025641026,23.602352941176473,2,full 1990-2025 sample for this route (not by-year),US carriers' airborne time on US-touching international segments
UIO,ATL,US,157,-10.026798850574705,8.425918458781359,4,full 1990-2025 sample for this route (not by-year),US carriers' airborne time on US-touching international segments
UIO,DFW,US,13,-10.305249401578829,6.901761904761863,2,full 1990-2025 sample for this route (not by-year),US carriers' airborne time on US-touching international segments
UIO,FLL,US,54,-4.945484566184641,8.746372330029315,2,full 1990-2025 sample for this route (not by-year),US carriers' airborne time on US-touching international segments
UIO,IAH,US,214,-17.81471264367816,7.547161290322552,6,full 1990-2025 sample for this route (not by-year),US carriers' airborne time on US-touching international segments
UIO,MIA,US,379,-6.487008951861296,7.38269641165076,8,full 1990-2025 sample for this route (not by-year),US carriers' airborne time on US-touching international segments
UVF,ATL,US,214,-10.757939393939404,10.818639610389624,6,full 1990-2025 sample for this route (not by-year),US carriers' airborne time on US-touching international segments
UVF,BOS,US,42,-9.354000000000013,18.533749999999944,2,full 1990-2025 sample for this route (not by-year),US carriers' airborne time on US-touching international segments
UVF,CLT,US,155,-20.182999999999993,19.199000000000016,4,full 1990-2025 sample for this route (not by-year),US carriers' airborne time on US-touching international segments
UVF,EWR,US,66,-10.325000000000012,15.597232142857141,2,full 1990-2025 sample for this route (not by-year),US carriers' airborne time on US-touching international segments
UVF,JFK,US,167,-10.183468379446639,7.067347402597432,4,full 1990-2025 sample for this route (not by-year),US carriers' airborne time on US-touching international segments
UVF,MIA,US,207,-8.456359605911338,8.615065722952473,6,full 1990-2025 sample for this route (not by-year),US carriers' airborne time on US-touching international segments
UVF,ORD,US,24,-12.913000000000004,27.585999999999995,2,full 1990-2025 sample for this route (not by-year),US carriers' airborne time on US-touching international segments
UVF,PHL,US,91,-17.482499999999998,29.40499999999998,2,full 1990-2025 sample for this route (not by-year),US carriers' airborne time on US-touching international segments
UVF,SJU,US,76,-3.52041454791037,28.54784946236559,2,full 1990-2025 sample for this route (not by-year),US carriers' airborne time on US-touching international segments
VCE,ATL,US,59,-14.322825396825431,13.582438095238079,2,full 1990-2025 sample for this route (not by-year),US carriers' airborne time on US-touching international segments
VCE,EWR,US,29,-7.927043678160958,13.52324481902965,2,full 1990-2025 sample for this route (not by-year),US carriers' airborne time on US-touching international segments
VCE,JFK,US,198,-19.052603025158138,25.57485645933019,4,full 1990-2025 sample for this route (not by-year),US carriers' airborne time on US-touching international segments
VCE,PHL,US,91,-20.844493368700306,15.820862068965427,2,full 1990-2025 sample for this route (not by-year),US carriers' airborne time on US-touching international segments
VER,DFW,US,12,-6.4708694390715475,3.0342761952357034,2,full 1990-2025 sample for this route (not by-year),US carriers' airborne time on US-touching international segments
VER,IAH,US,286,-5.954524486914643,7.467586206896546,6,full 1990-2025 sample for this route (not by-year),US carriers' airborne time on US-touching international segments
VIE,ATL,US,17,-25.570926049520025,16.793098729227705,2,full 1990-2025 sample for this route (not by-year),US carriers' airborne time on US-touching international segments
VIE,JFK,US,29,-36.123077533577586,23.665444444444425,2,full 1990-2025 sample for this route (not by-year),US carriers' airborne time on US-touching international segments
VIJ,SJU,US,64,-16.386570817713213,8.967105263157894,1,full 1990-2025 sample for this route (not by-year),US carriers' airborne time on US-touching international segments
VIJ,STT,US,4,-10.466957206795763,17.846348039215684,2,full 1990-2025 sample for this route (not by-year),US carriers' airborne time on US-touching international segments
VLC,JFK,US,6,-10.37180351307192,10.479930555555582,2,full 1990-2025 sample for this route (not by-year),US carriers' airborne time on US-touching international segments
VRA,MIA,US,30,-2.073913627863482,2.180901010708169,2,full 1990-2025 sample for this route (not by-year),US carriers' airborne time on US-touching international segments
VSA,IAH,US,163,-5.401095238095232,6.336086021505369,4,full 1990-2025 sample for this route (not by-year),US carriers' airborne time on US-touching international segments
VVI,MIA,US,311,-10.318586789554491,10.389454926624722,8,full 1990-2025 sample for this route (not by-year),US carriers' airborne time on US-touching international segments
XPL,DFW,US,17,-9.034999999999991,9.718461538461538,2,full 1990-2025 sample for this route (not by-year),US carriers' airborne time on US-touching international segments
XPL,FLL,US,23,-2.654583333333336,4.733657160050336,2,full 1990-2025 sample for this route (not by-year),US carriers' airborne time on US-touching international segments
XPL,IAH,US,24,-3.3468872380798516,7.697049380616509,2,full 1990-2025 sample for this route (not by-year),US carriers' airborne time on US-touching international segments
XPL,MIA,US,24,-4.1389829954806805,4.0045045460893505,2,full 1990-2025 sample for this route (not by-year),US carriers' airborne time on US-touching international segments
YAP,GUM,US,345,-3.7241025641025685,4.068615384615386,8,full 1990-2025 sample for this route (not by-year),US carriers' airborne time on US-touching international segments
YAP,ROR,US,33,-1.8712087912087876,4.416874236874237,2,full 1990-2025 sample for this route (not by-year),US carriers' airborne time on US-touching international segments
YBL,BFI,US,1,2.1456938913835444,2.1456938913835444,0,full 1990-2025 sample for this route (not by-year),US carriers' airborne time on US-touching international segments
YBL,KEH,US,5,-6.8850877192982445,17.163157894736838,2,full 1990-2025 sample for this route (not by-year),US carriers' airborne time on US-touching international segments
YBL,LKE,US,16,-53.85264238099781,26.62794751273011,2,full 1990-2025 sample for this route (not by-year),US carriers' airborne time on US-touching international segments
YCD,LKE,US,1,43.677957532861484,43.677957532861484,0,full 1990-2025 sample for this route (not by-year),US carriers' airborne time on US-touching international segments
YCF,KEH,US,7,-25.417365079365094,1.7325141700404807,2,full 1990-2025 sample for this route (not by-year),US carriers' airborne time on US-touching international segments
YDS,KEH,US,6,-14.947022287175738,2.277106227106223,2,full 1990-2025 sample for this route (not by-year),US carriers' airborne time on US-touching international segments
YEG,DEN,US,210,-10.39483092688213,9.016887549592642,6,full 1990-2025 sample for this route (not by-year),US carriers' airborne time on US-touching international segments
YEG,IAH,US,111,-14.371290322580657,11.701873536299775,4,full 1990-2025 sample for this route (not by-year),US carriers' airborne time on US-touching international segments
YEG,LAS,US,41,-14.959887779563239,14.588472906403942,2,full 1990-2025 sample for this route (not by-year),US carriers' airborne time on US-touching international segments
YEG,MSP,US,343,-8.749307994500938,7.883050903891733,8,full 1990-2025 sample for this route (not by-year),US carriers' airborne time on US-touching international segments
YEG,ORD,US,117,-7.119790435614821,9.071845358113448,4,full 1990-2025 sample for this route (not by-year),US carriers' airborne time on US-touching international segments
YEG,PHX,US,145,-12.708332543405724,9.855772054419445,4,full 1990-2025 sample for this route (not by-year),US carriers' airborne time on US-touching international segments
YEG,SEA,US,290,-63.760274183569,87.55840031603498,6,full 1990-2025 sample for this route (not by-year),US carriers' airborne time on US-touching international segments
YEG,SFO,US,101,-13.41122994652406,15.816666666666663,2,full 1990-2025 sample for this route (not by-year),US carriers' airborne time on US-touching international segments
YEG,SLC,US,114,-4.478114919354838,7.849570803717879,4,full 1990-2025 sample for this route (not by-year),US carriers' airborne time on US-touching international segments
YFC,BOS,US,29,-12.023475409836065,7.171894544639136,2,full 1990-2025 sample for this route (not by-year),US carriers' airborne time on US-touching international segments
YHH,KEH,US,10,-29.426835664335673,105.82098214285716,2,full 1990-2025 sample for this route (not by-year),US carriers' airborne time on US-touching international segments
YHH,LKE,US,2,78.30027173913044,109.67980072463769,2,full 1990-2025 sample for this route (not by-year),US carriers' airborne time on US-touching international segments
YHS,KEH,US,1,-27.849999999999994,-27.849999999999994,0,full 1990-2025 sample for this route (not by-year),US carriers' airborne time on US-touching international segments
YHZ,ATL,US,8,-114.63683333333336,12.971500000000008,2,full 1990-2025 sample for this route (not by-year),US carriers' airborne time on US-touching international segments
YHZ,BOS,US,87,-21.16026769948359,9.798561969439728,2,full 1990-2025 sample for this route (not by-year),US carriers' airborne time on US-touching international segments
YHZ,DCA,US,11,-9.450833333333328,13.205000000000002,2,full 1990-2025 sample for this route (not by-year),US carriers' airborne time on US-touching international segments
YHZ,DTW,US,50,-9.85935407296352,7.29390704714487,2,full 1990-2025 sample for this route (not by-year),US carriers' airborne time on US-touching international segments
YHZ,EWR,US,242,-19.29051603004119,9.828070820294151,6,full 1990-2025 sample for this route (not by-year),US carriers' airborne time on US-touching international segments
YHZ,IAD,US,40,-17.14872549019607,30.09110983102917,2,full 1990-2025 sample for this route (not by-year),US carriers' airborne time on US-touching international segments
YHZ,JFK,US,77,-9.963270277816559,10.0297075717565,2,full 1990-2025 sample for this route (not by-year),US carriers' airborne time on US-touching international segments
YHZ,LGA,US,20,-9.899287829486397,6.81866452624127,2,full 1990-2025 sample for this route (not by-year),US carriers' airborne time on US-touching international segments
YHZ,ORD,US,69,-17.271461110635745,17.56450574712641,2,full 1990-2025 sample for this route (not by-year),US carriers' airborne time on US-touching international segments
YHZ,PHL,US,66,-10.136924648786714,8.163633082513716,2,full 1990-2025 sample for this route (not by-year),US carriers' airborne time on US-touching international segments
YIG,KEH,US,3,-66.25550699300699,-4.690833333333338,2,full 1990-2025 sample for this route (not by-year),US carriers' airborne time on US-touching international segments
YKA,SEA,US,12,-4.997659365106534,30.46696885428256,2,full 1990-2025 sample for this route (not by-year),US carriers' airborne time on US-touching international segments
YKF,DTW,US,36,-2.9593199436222672,5.723135406615613,2,full 1990-2025 sample for this route (not by-year),US carriers' airborne time on US-touching international segments
YKF,ORD,US,29,-3.2136843356162217,4.169927804221025,2,full 1990-2025 sample for this route (not by-year),US carriers' airborne time on US-touching international segments
YLW,LAX,US,1,-12.454301075268802,-12.454301075268802,0,full 1990-2025 sample for this route (not by-year),US carriers' airborne time on US-touching international segments
YLW,SEA,US,255,-5.815416700314943,6.2855695343042,6,full 1990-2025 sample for this route (not by-year),US carriers' airborne time on US-touching international segments
YMP,KEH,US,2,-29.32161283891547,-18.931776315789463,2,full 1990-2025 sample for this route (not by-year),US carriers' airborne time on US-touching international segments
YOW,ALB,US,4,0.8104260687979831,3.9742597293675916,2,full 1990-2025 sample for this route (not by-year),US carriers' airborne time on US-touching international segments
YOW,ATL,US,66,-7.862314882697946,7.573600310180573,2,full 1990-2025 sample for this route (not by-year),US carriers' airborne time on US-touching international segments
YOW,BOS,US,23,-26.038039498455504,4.964445977295277,2,full 1990-2025 sample for this route (not by-year),US carriers' airborne time on US-touching international segments
YOW,BWI,US,66,-8.246937687290675,6.038285626811604,2,full 1990-2025 sample for this route (not by-year),US carriers' airborne time on US-touching international segments
YOW,CLT,US,36,-5.902685185185181,11.246144354293445,2,full 1990-2025 sample for this route (not by-year),US carriers' airborne time on US-touching international segments
YOW,DTW,US,269,-40.127503097286564,43.147993780573024,6,full 1990-2025 sample for this route (not by-year),US carriers' airborne time on US-touching international segments
YOW,EWR,US,259,-15.64982337662337,5.6584029709504495,6,full 1990-2025 sample for this route (not by-year),US carriers' airborne time on US-touching international segments
YOW,IAD,US,157,-3.7669029435820964,3.6211375665232897,4,full 1990-2025 sample for this route (not by-year),US carriers' airborne time on US-touching international segments
YOW,JFK,US,29,-7.004980030721965,5.064000000000001,2,full 1990-2025 sample for this route (not by-year),US carriers' airborne time on US-touching international segments
YOW,LGA,US,12,-2.130163976522377,2.2913245581574437,2,full 1990-2025 sample for this route (not by-year),US carriers' airborne time on US-touching international segments
YOW,ORD,US,289,-5.932382363660329,7.784678667445941,6,full 1990-2025 sample for this route (not by-year),US carriers' airborne time on US-touching international segments
YOW,PHL,US,210,-15.146096423500245,7.009465165265112,6,full 1990-2025 sample for this route (not by-year),US carriers' airborne time on US-touching international segments
YOW,PIT,US,27,-4.439180735930733,9.464379870542473,2,full 1990-2025 sample for this route (not by-year),US carriers' airborne time on US-touching international segments
YOW,SYR,US,28,-1.9158567871563634,9.994462650808593,2,full 1990-2025 sample for this route (not by-year),US carriers' airborne time on US-touching international segments
YPW,KEH,US,10,-37.11458333333332,8.31625,2,full 1990-2025 sample for this route (not by-year),US carriers' airborne time on US-touching international segments
YQB,BOS,US,9,-20.78665909395606,-11.12990045675957,2,full 1990-2025 sample for this route (not by-year),US carriers' airborne time on US-touching international segments
YQB,CLE,US,4,-4.3850833333333235,3.1158750000000026,2,full 1990-2025 sample for this route (not by-year),US carriers' airborne time on US-touching international segments
YQB,DTW,US,85,-7.146002956264669,7.322174397031542,2,full 1990-2025 sample for this route (not by-year),US carriers' airborne time on US-touching international segments
YQB,EWR,US,246,-15.195353195937875,5.148260073260068,6,full 1990-2025 sample for this route (not by-year),US carriers' airborne time on US-touching international segments
YQB,IAD,US,4,-6.626090100111234,1.0592536050156676,2,full 1990-2025 sample for this route (not by-year),US carriers' airborne time on US-touching international segments
YQB,JFK,US,24,-7.55857142857143,5.730436828600194,2,full 1990-2025 sample for this route (not by-year),US carriers' airborne time on US-touching international segments
YQB,ORD,US,102,-14.542235221674872,11.994211945461942,4,full 1990-2025 sample for this route (not by-year),US carriers' airborne time on US-touching international segments
YQB,PHL,US,61,-7.0224319958648405,8.597117276618855,2,full 1990-2025 sample for this route (not by-year),US carriers' airborne time on US-touching international segments
YQK,LYU,US,2,3.2743693792766386,21.748769265232973,2,full 1990-2025 sample for this route (not by-year),US carriers' airborne time on US-touching international segments
YQM,EWR,US,78,-5.870891129032259,19.327760919540243,2,full 1990-2025 sample for this route (not by-year),US carriers' airborne time on US-touching international segments
YQR,DEN,US,44,-5.842203389830511,4.681878487344978,2,full 1990-2025 sample for this route (not by-year),US carriers' airborne time on US-touching international segments
YQR,MSP,US,231,-8.355079323109464,11.364418562998425,6,full 1990-2025 sample for this route (not by-year),US carriers' airborne time on US-touching international segments
YQR,ORD,US,29,-5.419204301075278,7.71567816091955,2,full 1990-2025 sample for this route (not by-year),US carriers' airborne time on US-touching international segments
YQT,MSP,US,136,-24.198494073766835,6.019741834417611,4,full 1990-2025 sample for this route (not by-year),US carriers' airborne time on US-touching international segments
YQX,EWR,US,2,-6.254166666666666,5.587499999999981,2,full 1990-2025 sample for this route (not by-year),US carriers' airborne time on US-touching international segments
YTG,KEH,US,5,-26.4,60.0,1,full 1990-2025 sample for this route (not by-year),US carriers' airborne time on US-touching international segments
YTM,EWR,US,7,-7.198333333333334,19.988470803706104,2,full 1990-2025 sample for this route (not by-year),US carriers' airborne time on US-touching international segments
YUL,ALB,US,4,-2.567386747771239,4.256561663143053,2,full 1990-2025 sample for this route (not by-year),US carriers' airborne time on US-touching international segments
YUL,ATL,US,316,-10.022851662404083,10.458888978156526,8,full 1990-2025 sample for this route (not by-year),US carriers' airborne time on US-touching international segments
YUL,BDL,US,24,-23.3699594077548,2.64807681925337,2,full 1990-2025 sample for this route (not by-year),US carriers' airborne time on US-touching international segments
YUL,BOS,US,82,-7.712566916134712,3.8308333892237276,2,full 1990-2025 sample for this route (not by-year),US carriers' airborne time on US-touching international segments
YUL,BUF,US,23,-3.2758787541713037,5.68829190904284,2,full 1990-2025 sample for this route (not by-year),US carriers' airborne time on US-touching international segments
YUL,BWI,US,28,-4.43025034422613,2.9969784261095294,2,full 1990-2025 sample for this route (not by-year),US carriers' airborne time on US-touching international segments
YUL,CLE,US,177,-22.58506777427314,6.180857065741304,4,full 1990-2025 sample for this route (not by-year),US carriers' airborne time on US-touching international segments
YUL,CLT,US,158,-13.096925255704146,8.747414492753633,4,full 1990-2025 sample for this route (not by-year),US carriers' airborne time on US-touching international segments
YUL,CVG,US,155,-13.747591836734694,12.275427512063699,4,full 1990-2025 sample for this route (not by-year),US carriers' airborne time on US-touching international segments
YUL,DCA,US,1,2.5587148700356295,2.5587148700356295,0,full 1990-2025 sample for this route (not by-year),US carriers' airborne time on US-touching international segments
YUL,DFW,US,239,-11.69859283154121,17.422806758832564,6,full 1990-2025 sample for this route (not by-year),US carriers' airborne time on US-touching international segments
YUL,DTW,US,388,-8.084131498532427,7.933898299965151,8,full 1990-2025 sample for this route (not by-year),US carriers' airborne time on US-touching international segments
YUL,EWR,US,306,-14.244243394337737,17.048758183628298,8,full 1990-2025 sample for this route (not by-year),US carriers' airborne time on US-touching international segments
YUL,IAD,US,217,-5.70393564135181,4.860043459365499,6,full 1990-2025 sample for this route (not by-year),US carriers' airborne time on US-touching international segments
YUL,IAH,US,27,-18.084834408602163,4.573956989247289,2,full 1990-2025 sample for this route (not by-year),US carriers' airborne time on US-touching international segments
YUL,JFK,US,258,-23.77508206905184,21.274295572283073,6,full 1990-2025 sample for this route (not by-year),US carriers' airborne time on US-touching international segments
YUL,LGA,US,278,-15.407415632902595,14.372834203219918,6,full 1990-2025 sample for this route (not by-year),US carriers' airborne time on US-touching international segments
YUL,MIA,US,353,-11.38912135176653,11.375153344986497,8,full 1990-2025 sample for this route (not by-year),US carriers' airborne time on US-touching international segments
YUL,MSP,US,293,-13.863302270011934,16.353416920334567,6,full 1990-2025 sample for this route (not by-year),US carriers' airborne time on US-touching international segments
YUL,ORD,US,376,-9.380686823048837,9.588419595811384,8,full 1990-2025 sample for this route (not by-year),US carriers' airborne time on US-touching international segments
YUL,PHL,US,380,-6.0563419468506865,5.568431362705812,8,full 1990-2025 sample for this route (not by-year),US carriers' airborne time on US-touching international segments
YUL,PIT,US,111,-11.055474172719936,11.745326367735588,4,full 1990-2025 sample for this route (not by-year),US carriers' airborne time on US-touching international segments
YUL,SYR,US,29,-1.7240399385560712,4.6464114022472405,2,full 1990-2025 sample for this route (not by-year),US carriers' airborne time on US-touching international segments
YVR,ANC,US,15,-16.273870967741935,10.86028152492667,2,full 1990-2025 sample for this route (not by-year),US carriers' airborne time on US-touching international segments
YVR,ATL,US,60,-14.077192307692293,15.661796536796503,2,full 1990-2025 sample for this route (not by-year),US carriers' airborne time on US-touching international segments
YVR,BLI,US,24,-7.992999999999999,10.567499999999999,2,full 1990-2025 sample for this route (not by-year),US carriers' airborne time on US-touching international segments
YVR,BOS,US,3,-0.5520942860488117,10.198164627363685,2,full 1990-2025 sample for this route (not by-year),US carriers' airborne time on US-touching international segments
YVR,DEN,US,302,-6.048042208857283,7.72330877143845,8,full 1990-2025 sample for this route (not by-year),US carriers' airborne time on US-touching international segments
YVR,DFW,US,320,-9.418525345622108,9.999355673095058,8,full 1990-2025 sample for this route (not by-year),US carriers' airborne time on US-touching international segments
YVR,DTW,US,72,-11.362226190476202,15.12364215686276,2,full 1990-2025 sample for this route (not by-year),US carriers' airborne time on US-touching international segments
YVR,EWR,US,77,-13.175000000000004,16.179714285714255,2,full 1990-2025 sample for this route (not by-year),US carriers' airborne time on US-touching international segments
YVR,GEG,US,39,-3.8969557529051873,2.0679400113186217,2,full 1990-2025 sample for this route (not by-year),US carriers' airborne time on US-touching international segments
YVR,HNL,US,25,-21.865128205128215,16.254531017369693,2,full 1990-2025 sample for this route (not by-year),US carriers' airborne time on US-touching international segments
YVR,IAD,US,12,-5.142612903225791,24.52573446833932,2,full 1990-2025 sample for this route (not by-year),US carriers' airborne time on US-touching international segments
YVR,IAH,US,268,-13.550626445724863,11.097261083743842,6,full 1990-2025 sample for this route (not by-year),US carriers' airborne time on US-touching international segments
YVR,JFK,US,68,-16.016451612903207,13.354756451612875,2,full 1990-2025 sample for this route (not by-year),US carriers' airborne time on US-touching international segments
YVR,LAS,US,142,-7.413678160919548,23.89971615138601,4,full 1990-2025 sample for this route (not by-year),US carriers' airborne time on US-touching international segments
YVR,LAX,US,368,-7.099575887038933,10.048068647196008,8,full 1990-2025 sample for this route (not by-year),US carriers' airborne time on US-touching international segments
YVR,MEM,US,12,-11.293253703703702,7.890000000000001,2,full 1990-2025 sample for this route (not by-year),US carriers' airborne time on US-touching international segments
YVR,MSP,US,276,-10.07751310501736,8.675038586201588,6,full 1990-2025 sample for this route (not by-year),US carriers' airborne time on US-touching international segments
YVR,ORD,US,358,-12.527753228410006,10.616390853049396,8,full 1990-2025 sample for this route (not by-year),US carriers' airborne time on US-touching international segments
YVR,PDX,US,343,-8.084428571428568,8.24406869531148,8,full 1990-2025 sample for this route (not by-year),US carriers' airborne time on US-touching international segments
YVR,PHX,US,273,-8.780242424242417,10.033398012857962,6,full 1990-2025 sample for this route (not by-year),US carriers' airborne time on US-touching international segments
YVR,PSP,US,36,-9.205489766081865,101.90820707070688,2,full 1990-2025 sample for this route (not by-year),US carriers' airborne time on US-touching international segments
YVR,RNO,US,24,-3.544453972716025,6.362560451585346,2,full 1990-2025 sample for this route (not by-year),US carriers' airborne time on US-touching international segments
YVR,SEA,US,388,-5.144390043374792,4.8015494313582785,8,full 1990-2025 sample for this route (not by-year),US carriers' airborne time on US-touching international segments
YVR,SFO,US,385,-8.73406006674083,10.169737545305397,8,full 1990-2025 sample for this route (not by-year),US carriers' airborne time on US-touching international segments
YVR,SJC,US,51,-6.796750818139316,5.002540315389176,2,full 1990-2025 sample for this route (not by-year),US carriers' airborne time on US-touching international segments
YVR,SLC,US,206,-6.768719879518073,36.126217228464334,6,full 1990-2025 sample for this route (not by-year),US carriers' airborne time on US-touching international segments
YVR,STL,US,13,-10.614333333333331,5.384679117147711,2,full 1990-2025 sample for this route (not by-year),US carriers' airborne time on US-touching international segments
YWG,DEN,US,186,-7.857713837886257,9.740762425188676,4,full 1990-2025 sample for this route (not by-year),US carriers' airborne time on US-touching international segments
YWG,DTW,US,5,-5.306,-0.7879999999999894,2,full 1990-2025 sample for this route (not by-year),US carriers' airborne time on US-touching international segments
YWG,MSP,US,381,-7.73449615024809,8.402060706002837,8,full 1990-2025 sample for this route (not by-year),US carriers' airborne time on US-touching international segments
YWG,ORD,US,178,-4.474088116436082,8.105312135671735,4,full 1990-2025 sample for this route (not by-year),US carriers' airborne time on US-touching international segments
YWH,FBS,US,1,-5.866666666666667,-5.866666666666667,0,full 1990-2025 sample for this route (not by-year),US carriers' airborne time on US-touching international segments
YWH,KEH,US,40,-27.647499999999997,7.956111111111113,2,full 1990-2025 sample for this route (not by-year),US carriers' airborne time on US-touching international segments
YWH,LKE,US,141,-18.78694251484949,20.241355267695774,4,full 1990-2025 sample for this route (not by-year),US carriers' airborne time on US-touching international segments
YXE,DEN,US,54,-13.396416056610299,9.329612638815435,2,full 1990-2025 sample for this route (not by-year),US carriers' airborne time on US-touching international segments
YXE,MSP,US,276,-4.890544138295734,6.915747028862473,6,full 1990-2025 sample for this route (not by-year),US carriers' airborne time on US-touching international segments
YXU,DTW,US,138,-6.777057233704293,9.486033495145607,4,full 1990-2025 sample for this route (not by-year),US carriers' airborne time on US-touching international segments
YXU,ORD,US,57,-4.847356373197821,4.351377283191523,2,full 1990-2025 sample for this route (not by-year),US carriers' airborne time on US-touching international segments
YYC,DEN,US,384,-5.879161375661382,8.096301400076712,8,full 1990-2025 sample for this route (not by-year),US carriers' airborne time on US-touching international segments
YYC,DFW,US,388,-9.69677580672147,10.901632149513066,8,full 1990-2025 sample for this route (not by-year),US carriers' airborne time on US-touching international segments
YYC,DTW,US,4,-5.902301075268825,1.0320430107527048,2,full 1990-2025 sample for this route (not by-year),US carriers' airborne time on US-touching international segments
YYC,EWR,US,2,-7.0457500000000115,-6.62925,2,full 1990-2025 sample for this route (not by-year),US carriers' airborne time on US-touching international segments
YYC,GEG,US,42,-2.3253185357467934,2.2796939203354243,2,full 1990-2025 sample for this route (not by-year),US carriers' airborne time on US-touching international segments
YYC,IAD,US,3,-2.728231368186883,10.6737787427626,2,full 1990-2025 sample for this route (not by-year),US carriers' airborne time on US-touching international segments
YYC,IAH,US,263,-11.996101694915254,11.897973504093624,6,full 1990-2025 sample for this route (not by-year),US carriers' airborne time on US-touching international segments
YYC,LAS,US,37,-12.442188940092171,8.895023041474657,2,full 1990-2025 sample for this route (not by-year),US carriers' airborne time on US-touching international segments
YYC,LAX,US,87,-8.37886206896551,28.918667490627534,2,full 1990-2025 sample for this route (not by-year),US carriers' airborne time on US-touching international segments
YYC,MSP,US,324,-9.567034969803217,7.732923597349818,8,full 1990-2025 sample for this route (not by-year),US carriers' airborne time on US-touching international segments
YYC,ORD,US,300,-9.674497887777155,9.859897930414839,6,full 1990-2025 sample for this route (not by-year),US carriers' airborne time on US-touching international segments
YYC,PHX,US,140,-9.03345854108353,12.8179742580824,4,full 1990-2025 sample for this route (not by-year),US carriers' airborne time on US-touching international segments
YYC,SEA,US,304,-6.9043013684455605,14.109273683481385,8,full 1990-2025 sample for this route (not by-year),US carriers' airborne time on US-touching international segments
YYC,SFO,US,288,-11.786096774193563,11.528075268817187,6,full 1990-2025 sample for this route (not by-year),US carriers' airborne time on US-touching international segments
YYC,SLC,US,305,-6.072723020380895,13.7949992358844,8,full 1990-2025 sample for this route (not by-year),US carriers' airborne time on US-touching international segments
YYG,BOS,US,3,-2.477327380952382,-1.2900993498066549,2,full 1990-2025 sample for this route (not by-year),US carriers' airborne time on US-touching international segments
YYG,DTW,US,9,-17.70466666666665,4.456722689075634,2,full 1990-2025 sample for this route (not by-year),US carriers' airborne time on US-touching international segments
YYG,JFK,US,11,-15.409051724137935,10.222660098522166,2,full 1990-2025 sample for this route (not by-year),US carriers' airborne time on US-touching international segments
YYJ,BLI,US,35,-1.8563393090569553,2.9749327307672315,2,full 1990-2025 sample for this route (not by-year),US carriers' airborne time on US-touching international segments
YYJ,CLM,US,63,-1.905445106988682,1.7197410639469477,2,full 1990-2025 sample for this route (not by-year),US carriers' airborne time on US-touching international segments
YYJ,LKE,US,66,-30.505209150014373,32.38541951664379,2,full 1990-2025 sample for this route (not by-year),US carriers' airborne time on US-touching international segments
YYJ,SEA,US,289,-7.060001988829101,5.053656634336563,6,full 1990-2025 sample for this route (not by-year),US carriers' airborne time on US-touching international segments
YYJ,SFO,US,104,-9.66399605003291,7.801808105872617,4,full 1990-2025 sample for this route (not by-year),US carriers' airborne time on US-touching international segments
YYR,EWR,US,4,-6.145357142857131,18.509392857142846,2,full 1990-2025 sample for this route (not by-year),US carriers' airborne time on US-touching international segments
YYT,EWR,US,116,-18.68672083434392,21.247333333333284,4,full 1990-2025 sample for this route (not by-year),US carriers' airborne time on US-touching international segments
YYZ,ALB,US,1,7.603599114064231,7.603599114064231,0,full 1990-2025 sample for this route (not by-year),US carriers' airborne time on US-touching international segments
YYZ,ATL,US,321,-6.304478037565613,5.650933717202126,8,full 1990-2025 sample for this route (not by-year),US carriers' airborne time on US-touching international segments
YYZ,BDL,US,24,-28.208288216999108,4.015189355013998,2,full 1990-2025 sample for this route (not by-year),US carriers' airborne time on US-touching international segments
YYZ,BNA,US,41,-4.446843853820601,7.791994877492969,2,full 1990-2025 sample for this route (not by-year),US carriers' airborne time on US-touching international segments
YYZ,BOS,US,190,-18.42226309893361,14.469919096058632,4,full 1990-2025 sample for this route (not by-year),US carriers' airborne time on US-touching international segments
YYZ,BUF,US,18,-1.6937061770704227,0.18220120562897904,2,full 1990-2025 sample for this route (not by-year),US carriers' airborne time on US-touching international segments
YYZ,CLE,US,216,-21.347042859252696,8.48862195767497,6,full 1990-2025 sample for this route (not by-year),US carriers' airborne time on US-touching international segments
YYZ,CLT,US,265,-7.023860967119923,6.295755329740112,6,full 1990-2025 sample for this route (not by-year),US carriers' airborne time on US-touching international segments
YYZ,CVG,US,223,-9.612689170663403,13.589134157311156,6,full 1990-2025 sample for this route (not by-year),US carriers' airborne time on US-touching international segments
YYZ,DCA,US,131,-14.818105297157617,3.561176900584782,4,full 1990-2025 sample for this route (not by-year),US carriers' airborne time on US-touching international segments
YYZ,DEN,US,168,-14.106586646810618,14.510534726740492,4,full 1990-2025 sample for this route (not by-year),US carriers' airborne time on US-touching international segments
YYZ,DFW,US,385,-9.48720390463363,12.803795178693116,8,full 1990-2025 sample for this route (not by-year),US carriers' airborne time on US-touching international segments
YYZ,DTW,US,388,-3.9382573769187945,6.689133776608956,8,full 1990-2025 sample for this route (not by-year),US carriers' airborne time on US-touching international segments
YYZ,ERI,US,10,-1.4738224066909735,1.420273507127131,2,full 1990-2025 sample for this route (not by-year),US carriers' airborne time on US-touching international segments
YYZ,EWR,US,294,-5.86629220518133,5.865368718450787,6,full 1990-2025 sample for this route (not by-year),US carriers' airborne time on US-touching international segments
YYZ,IAD,US,247,-18.45593500697902,4.283871562285424,6,full 1990-2025 sample for this route (not by-year),US carriers' airborne time on US-touching international segments
YYZ,IAH,US,279,-12.017172836801763,13.517479787395718,6,full 1990-2025 sample for this route (not by-year),US carriers' airborne time on US-touching international segments
YYZ,JFK,US,237,-7.5666666165543095,8.427336635107698,6,full 1990-2025 sample for this route (not by-year),US carriers' airborne time on US-touching international segments
YYZ,LAS,US,57,-9.471551782682539,14.985159420289854,2,full 1990-2025 sample for this route (not by-year),US carriers' airborne time on US-touching international segments
YYZ,LAX,US,197,-13.61254310344828,16.271258396775615,4,full 1990-2025 sample for this route (not by-year),US carriers' airborne time on US-touching international segments
YYZ,LGA,US,371,-5.7966083053944235,4.386533259408325,8,full 1990-2025 sample for this route (not by-year),US carriers' airborne time on US-touching international segments
YYZ,MEM,US,50,-11.800507712200304,9.450873406141902,2,full 1990-2025 sample for this route (not by-year),US carriers' airborne time on US-touching international segments
YYZ,MIA,US,370,-8.856742984162256,10.644611049314056,8,full 1990-2025 sample for this route (not by-year),US carriers' airborne time on US-touching international segments
YYZ,MKE,US,123,-10.884858695652172,7.201680011198208,4,full 1990-2025 sample for this route (not by-year),US carriers' airborne time on US-touching international segments
YYZ,MSP,US,282,-7.323272036013179,8.509047077922075,6,full 1990-2025 sample for this route (not by-year),US carriers' airborne time on US-touching international segments
YYZ,ORD,US,388,-5.143941408601667,4.885471851517467,8,full 1990-2025 sample for this route (not by-year),US carriers' airborne time on US-touching international segments
YYZ,PHL,US,382,-4.571360419848299,4.878972816214982,8,full 1990-2025 sample for this route (not by-year),US carriers' airborne time on US-touching international segments
YYZ,PHX,US,72,-12.034088669950743,17.088602150537668,2,full 1990-2025 sample for this route (not by-year),US carriers' airborne time on US-touching international segments
YYZ,PIT,US,193,-3.8047965116279086,15.669202630383548,4,full 1990-2025 sample for this route (not by-year),US carriers' airborne time on US-touching international segments
YYZ,ROC,US,42,-1.682599568264242,1.2624923910260293,2,full 1990-2025 sample for this route (not by-year),US carriers' airborne time on US-touching international segments
YYZ,SFO,US,181,-19.739523809523767,15.393456696560092,4,full 1990-2025 sample for this route (not by-year),US carriers' airborne time on US-touching international segments
YYZ,SLC,US,44,-9.659669192876095,10.90451724137932,2,full 1990-2025 sample for this route (not by-year),US carriers' airborne time on US-touching international segments
YYZ,STL,US,44,-5.364199354879102,15.583544676557587,2,full 1990-2025 sample for this route (not by-year),US carriers' airborne time on US-touching international segments
YYZ,SYR,US,24,-14.001028286528287,3.4328975274550504,2,full 1990-2025 sample for this route (not by-year),US carriers' airborne time on US-touching international segments
YYZ,TPA,US,37,-6.191892594686266,6.153383264540836,2,full 1990-2025 sample for this route (not by-year),US carriers' airborne time on US-touching international segments
YZT,KEH,US,1,-0.2820512820512704,-0.2820512820512704,0,full 1990-2025 sample for this route (not by-year),US carriers' airborne time on US-touching international segments
YZT,LKE,US,20,-20.261363636363633,16.661837606837604,2,full 1990-2025 sample for this route (not by-year),US carriers' airborne time on US-touching international segments
ZCL,DFW,US,97,-7.767357142857143,4.727601731601726,2,full 1990-2025 sample for this route (not by-year),US carriers' airborne time on US-touching international segments
ZIH,DEN,US,20,-10.24849999999999,10.071666666666657,2,full 1990-2025 sample for this route (not by-year),US carriers' airborne time on US-touching international segments
ZIH,DFW,US,79,-7.7625,10.432333333333322,2,full 1990-2025 sample for this route (not by-year),US carriers' airborne time on US-touching international segments
ZIH,DTW,US,14,-9.174250000000004,14.707499999999998,2,full 1990-2025 sample for this route (not by-year),US carriers' airborne time on US-touching international segments
ZIH,IAH,US,307,-14.149439853805804,14.037346405228776,8,full 1990-2025 sample for this route (not by-year),US carriers' airborne time on US-touching international segments
ZIH,LAX,US,351,-9.615277777777777,13.34294871794873,8,full 1990-2025 sample for this route (not by-year),US carriers' airborne time on US-touching international segments
ZIH,MSP,US,105,-12.194000000000017,14.185172413793094,4,full 1990-2025 sample for this route (not by-year),US carriers' airborne time on US-touching international segments
ZIH,ORD,US,27,-12.488499999999998,17.166931818181826,2,full 1990-2025 sample for this route (not by-year),US carriers' airborne time on US-touching international segments
ZIH,PHX,US,243,-10.998857142857146,10.441999999999972,6,full 1990-2025 sample for this route (not by-year),US carriers' airborne time on US-touching international segments
ZIH,SFO,US,52,-11.32982967032967,154.69784722222275,2,full 1990-2025 sample for this route (not by-year),US carriers' airborne time on US-touching international segments
ZIH,STL,US,11,-12.75,9.730555555555558,2,full 1990-2025 sample for this route (not by-year),US carriers' airborne time on US-touching international segments
ZLO,DFW,US,8,-2.3245833333333166,4.9125,2,full 1990-2025 sample for this route (not by-year),US carriers' airborne time on US-touching international segments
ZLO,IAH,US,155,-8.361333333333341,9.693918831168837,4,full 1990-2025 sample for this route (not by-year),US carriers' airborne time on US-touching international segments
ZLO,LAX,US,256,-8.794999999999998,9.994371345029215,6,full 1990-2025 sample for this route (not by-year),US carriers' airborne time on US-touching international segments
ZLO,MSP,US,19,-12.36772727272725,10.058363636363634,2,full 1990-2025 sample for this route (not by-year),US carriers' airborne time on US-touching international segments
ZLO,PHX,US,95,-14.905000000000001,9.56333333333335,2,full 1990-2025 sample for this route (not by-year),US carriers' airborne time on US-touching international segments
ZNA,KEH,US,15,-18.395484290271135,3.520491055129614,2,full 1990-2025 sample for this route (not by-year),US carriers' airborne time on US-touching international segments
ZNA,LKE,US,1,-1.6875,-1.6875,0,full 1990-2025 sample for this route (not by-year),US carriers' airborne time on US-touching international segments
ZRH,ATL,US,205,-23.240774193548365,20.998494623655873,6,full 1990-2025 sample for this route (not by-year),US carriers' airborne time on US-touching international segments
ZRH,CVG,US,63,-43.59004445841886,26.583335968379444,2,full 1990-2025 sample for this route (not by-year),US carriers' airborne time on US-touching international segments
ZRH,DFW,US,65,-11.00137634408607,24.175440860215076,2,full 1990-2025 sample for this route (not by-year),US carriers' airborne time on US-touching international segments
ZRH,EWR,US,263,-25.86453333333331,28.876244830438353,6,full 1990-2025 sample for this route (not by-year),US carriers' airborne time on US-touching international segments
ZRH,IAD,US,243,-31.871246488655647,24.793125925925924,6,full 1990-2025 sample for this route (not by-year),US carriers' airborne time on US-touching international segments
ZRH,JFK,US,297,-26.696293165245283,24.89925806451616,6,full 1990-2025 sample for this route (not by-year),US carriers' airborne time on US-touching international segments
ZRH,ORD,US,125,-22.579354838709698,15.234414746543763,4,full 1990-2025 sample for this route (not by-year),US carriers' airborne time on US-touching international segments
ZRH,PHL,US,102,-41.82854703171595,17.584280643291784,4,full 1990-2025 sample for this route (not by-year),US carriers' airborne time on US-touching international segments
ZRH,SFO,US,11,-9.409310344827542,11.11880617658195,2,full 1990-2025 sample for this route (not by-year),US carriers' airborne time on US-touching international segments
ZSA,FLL,US,82,-10.160499999999999,8.792749999999998,2,full 1990-2025 sample for this route (not by-year),US carriers' airborne time on US-touching international segments
ZSA,MIA,US,7,-4.447916666666658,6.591249999999999,2,full 1990-2025 sample for this route (not by-year),US carriers' airborne time on US-touching international segments
