[2026-09-01 21:44:40] 02_carrier_nation INFO: Loaded t100_raw.parquet: 2662470 rows
[2026-09-01 21:44:40] 02_carrier_nation INFO: Loaded airlines.csv: 6162 rows
[2026-09-01 21:44:40] 02_carrier_nation INFO: country-name crosswalk built from T-100: 217 distinct names -> ISO2
[2026-09-01 21:44:40] 02_carrier_nation INFO: UNIQUE_CARRIER null (missing, not a code): 2407 rows, 15483 departures — own category, excluded from match-rate denominator.
[2026-09-01 21:44:40] 02_carrier_nation INFO: No UNIQUE_CARRIER code crosses the US/foreign CARRIER_GROUP boundary across years in this data (checked, not assumed).
[2026-09-01 21:44:40] 02_carrier_nation INFO: Distinct UNIQUE_CARRIER codes (excl. null): 770
[2026-09-01 21:44:40] 02_carrier_nation INFO: US-by-construction (CARRIER_GROUP in {1, 2, 3, 7}): 236 codes.
[2026-09-01 21:44:40] 02_carrier_nation INFO: Foreign codes to match against airlines.csv: 534
[2026-09-01 21:44:41] 02_carrier_nation INFO: merge on=iata/icao/name (priority-ordered) how=left-priority-chain | left=770 right=6162 -> merged=548
[2026-09-01 21:44:41] 02_carrier_nation INFO: Wrote /workspaces/flight-risk/data/interim/carrier_nation.parquet: 8842 (UNIQUE_CARRIER, year) rows.
[2026-09-01 21:44:42] 02_carrier_nation INFO: Wrote /workspaces/flight-risk/rounds/round-1-t100-panel/carrier_nation_matchrate.csv (40 rows).
[2026-09-01 21:44:42] 02_carrier_nation INFO: G7 check: overall departures-weighted match rate = 0.9637 (need >= 0.95); foreign departures-weighted match rate = 0.9130 (need >= 0.90).
[2026-09-01 21:44:42] 02_carrier_nation INFO: Of matched departures overall, share resting on us_by_construction alone = 0.5832.
[2026-09-01 21:44:42] 02_carrier_nation INFO: Wrote /workspaces/flight-risk/rounds/round-1-t100-panel/carrier_nation_unmatched.csv: 222 unmatched codes, 1716907 total departures.
[2026-09-01 21:44:42] 02_carrier_nation INFO: Wrote /workspaces/flight-risk/rounds/round-1-t100-panel/carrier_nation_flips.csv: 0 rows across 0 flipped codes.
[2026-09-01 21:44:42] 02_carrier_nation INFO: G7 PASSED. FIX-02 DONE.
[2026-09-01 21:55:18] 02_carrier_nation INFO: Loaded t100_raw.parquet: 2662470 rows
[2026-09-01 21:55:18] 02_carrier_nation INFO: Loaded airlines.csv: 6162 rows
[2026-09-01 21:55:19] 02_carrier_nation INFO: country-name crosswalk built from T-100: 217 distinct names -> ISO2
[2026-09-01 21:55:19] 02_carrier_nation INFO: UNIQUE_CARRIER null (missing, not a code): 2407 rows, 15483 departures — own category, excluded from match-rate denominator.
[2026-09-01 21:55:19] 02_carrier_nation INFO: No UNIQUE_CARRIER code crosses the US/foreign CARRIER_GROUP boundary across years in this data (checked, not assumed).
[2026-09-01 21:55:19] 02_carrier_nation INFO: Distinct UNIQUE_CARRIER codes (excl. null): 770
[2026-09-01 21:55:19] 02_carrier_nation INFO: US-by-construction (CARRIER_GROUP in {1, 2, 3, 7}): 236 codes.
[2026-09-01 21:55:19] 02_carrier_nation INFO: Foreign codes to match against airlines.csv: 534
[2026-09-01 21:55:19] 02_carrier_nation INFO: merge on=iata/icao/name (priority-ordered) how=left-priority-chain | left=770 right=6162 -> merged=548
[2026-09-01 21:55:19] 02_carrier_nation INFO: Wrote /workspaces/flight-risk/data/interim/carrier_nation.parquet: 8842 (UNIQUE_CARRIER, year) rows.
[2026-09-01 21:55:21] 02_carrier_nation INFO: Wrote /workspaces/flight-risk/rounds/round-1-t100-panel/carrier_nation_matchrate.csv (40 rows).
[2026-09-01 21:55:21] 02_carrier_nation INFO: G7 check: overall departures-weighted match rate = 0.9637 (need >= 0.95); foreign departures-weighted match rate = 0.9130 (need >= 0.90).
[2026-09-01 21:55:21] 02_carrier_nation INFO: Of matched departures overall, share resting on us_by_construction alone = 0.5832.
[2026-09-01 21:55:21] 02_carrier_nation INFO: Wrote /workspaces/flight-risk/rounds/round-1-t100-panel/carrier_nation_unmatched.csv: 222 unmatched codes, 1716907 total departures.
[2026-09-01 21:55:21] 02_carrier_nation INFO: Wrote /workspaces/flight-risk/rounds/round-1-t100-panel/carrier_nation_flips.csv: 0 rows across 0 flipped codes.
[2026-09-01 21:55:21] 02_carrier_nation INFO: G7 PASSED. FIX-02 DONE.
[2026-09-01 22:07:51] 02_carrier_nation INFO: Loaded t100_raw.parquet: 2662470 rows
[2026-09-01 22:07:51] 02_carrier_nation INFO: Loaded airlines.csv: 6162 rows
[2026-09-01 22:07:51] 02_carrier_nation INFO: country-name crosswalk built from T-100: 217 distinct names -> ISO2
[2026-09-01 22:07:51] 02_carrier_nation INFO: UNIQUE_CARRIER null (missing, not a code): 2407 rows, 15483 departures — own category, excluded from match-rate denominator.
[2026-09-01 22:07:52] 02_carrier_nation INFO: No UNIQUE_CARRIER code crosses the US/foreign CARRIER_GROUP boundary across years in this data (checked, not assumed).
[2026-09-01 22:07:52] 02_carrier_nation INFO: Distinct UNIQUE_CARRIER codes (excl. null): 770
[2026-09-01 22:07:52] 02_carrier_nation INFO: US-by-construction (CARRIER_GROUP in {1, 2, 3, 7}): 236 codes.
[2026-09-01 22:07:52] 02_carrier_nation INFO: Foreign codes to match against airlines.csv: 534
[2026-09-01 22:07:52] 02_carrier_nation INFO: Matched codes before suffix-collision check: 548 / 770.
[2026-09-01 22:07:52] 02_carrier_nation INFO: Suffix-collision check: 22 UNIQUE_CARRIER codes refused across 11 base-code families (215007 departures) -- siblings of a reused code that would receive the same nation despite differing UNIQUE_CARRIER_NAME; refused rather than guessed.
[2026-09-01 22:07:52] 02_carrier_nation INFO: Wrote /workspaces/flight-risk/data/interim/carrier_nation.parquet: 8842 (UNIQUE_CARRIER, year) rows.
[2026-09-01 22:07:52] 02_carrier_nation INFO: merge on=iata/icao/name (priority-ordered) how=left-priority-chain, post suffix-collision refusal | left=770 right=6162 -> merged=290
[2026-09-01 22:07:54] 02_carrier_nation INFO: G7 coverage reading: overall departures-weighted match rate = 0.9592 (need >= 0.95); foreign departures-weighted match rate = 0.9021 (need >= 0.90).
[2026-09-01 22:07:57] 02_carrier_nation INFO: Wrote /workspaces/flight-risk/rounds/round-1-t100-panel/carrier_nation_precision_audit.csv: 290 matched-foreign codes audited.
[2026-09-01 22:07:57] 02_carrier_nation INFO: Precision audit: 100 / 290 matched-foreign codes have home_country_dep_share == 0 (0.0433 of matched-foreign departures); 0.0644 of matched-foreign departures have home_country_dep_share < 0.01.
[2026-09-01 22:07:57] 02_carrier_nation INFO: G7 precision-adjusted reading (matched AND home_country_dep_share>0): overall=0.9429 foreign=0.8631 (need >= 0.95 / 0.90).
[2026-09-01 22:07:57] 02_carrier_nation INFO: Precision by match tier (proxy = observed home-country endpoint share):
              n_codes  departures  share_home0_codes  share_home0_dep
match_method                                                         
iata            226.0  17054778.0           0.327434         0.043693
icao             35.0     47345.0           0.657143         0.493759
name_exact       29.0    701536.0           0.103448         0.002544
[2026-09-01 22:07:57] 02_carrier_nation INFO: Wrote /workspaces/flight-risk/rounds/round-1-t100-panel/carrier_nation_matchrate.csv (81 rows).
[2026-09-01 22:07:57] 02_carrier_nation INFO: Wrote /workspaces/flight-risk/rounds/round-1-t100-panel/carrier_nation_audit_sample.csv: 80 rows (40 top-by-departures, 40 random) for human tier scoring.
[2026-09-01 22:07:58] 02_carrier_nation INFO: Wrote /workspaces/flight-risk/rounds/round-1-t100-panel/carrier_nation_unmatched.csv: 244 unmatched-or-refused codes, 1931914 total departures.
[2026-09-01 22:07:59] 02_carrier_nation INFO: Wrote /workspaces/flight-risk/rounds/round-1-t100-panel/carrier_nation_corridor_coverage.csv: 44 airport x window rows.
[2026-09-01 22:08:01] 02_carrier_nation INFO: Name-churn diagnostic: 80 codes with >1 UNIQUE_CARRIER_NAME era, 173 rows, 6548327 departures (0.1383 of all non-null-carrier departures); 32 flagged cross-border (endpoint geography changed alongside the name).
[2026-09-01 22:08:01] 02_carrier_nation INFO: Wrote /workspaces/flight-risk/rounds/round-1-t100-panel/carrier_nation_flips.csv: 195 rows (173 name-churn, 22 suffix-collision-refused).
[2026-09-01 22:08:01] 02_carrier_nation ERROR: DEGENERATE-GATE: G7 is titled 'mapping precision', and its two defensible readings disagree on pass/fail. Coverage reading (does the code resolve to some candidate; overall=0.9592 foreign=0.9021) reads PASS. Precision-adjusted reading (same, but the matched code's own T-100 routes must touch its mapped home country at least once; overall=0.9429 foreign=0.8631) reads FAIL. Per STANDING_RULES rule 4, neither reading is chosen. FIX-02 is BLOCKED-NEEDS-HUMAN. Diagnostics: /workspaces/flight-risk/rounds/round-1-t100-panel/carrier_nation_precision_audit.csv (one row per matched-foreign code), /workspaces/flight-risk/rounds/round-1-t100-panel/carrier_nation_matchrate.csv (both readings side by side), /workspaces/flight-risk/rounds/round-1-t100-panel/carrier_nation_audit_sample.csv (40 largest + random 40 for human tier scoring), /workspaces/flight-risk/rounds/round-1-t100-panel/carrier_nation_flips.csv (suffix-collision and name-churn detail).
[2026-09-01 22:09:37] 02_carrier_nation INFO: Loaded t100_raw.parquet: 2662470 rows
[2026-09-01 22:09:37] 02_carrier_nation INFO: Loaded airlines.csv: 6162 rows
[2026-09-01 22:09:37] 02_carrier_nation INFO: country-name crosswalk built from T-100: 217 distinct names -> ISO2
[2026-09-01 22:09:37] 02_carrier_nation INFO: UNIQUE_CARRIER null (missing, not a code): 2407 rows, 15483 departures — own category, excluded from match-rate denominator.
[2026-09-01 22:09:38] 02_carrier_nation INFO: No UNIQUE_CARRIER code crosses the US/foreign CARRIER_GROUP boundary across years in this data (checked, not assumed).
[2026-09-01 22:09:38] 02_carrier_nation INFO: Distinct UNIQUE_CARRIER codes (excl. null): 770
[2026-09-01 22:09:38] 02_carrier_nation INFO: US-by-construction (CARRIER_GROUP in {1, 2, 3, 7}): 236 codes.
[2026-09-01 22:09:38] 02_carrier_nation INFO: Foreign codes to match against airlines.csv: 534
[2026-09-01 22:09:39] 02_carrier_nation INFO: Matched codes before suffix-collision check: 548 / 770.
[2026-09-01 22:09:39] 02_carrier_nation INFO: Suffix-collision check: 22 UNIQUE_CARRIER codes refused across 11 base-code families (215007 departures) -- siblings of a reused code that would receive the same nation despite differing UNIQUE_CARRIER_NAME; refused rather than guessed.
[2026-09-01 22:09:39] 02_carrier_nation INFO: Wrote /workspaces/flight-risk/data/interim/carrier_nation.parquet: 8842 (UNIQUE_CARRIER, year) rows.
[2026-09-01 22:09:39] 02_carrier_nation INFO: merge on=iata/icao/name (priority-ordered) how=left-priority-chain, post suffix-collision refusal | left=770 right=6162 -> merged=290
[2026-09-01 22:09:41] 02_carrier_nation INFO: G7 coverage reading: overall departures-weighted match rate = 0.9592 (need >= 0.95); foreign departures-weighted match rate = 0.9021 (need >= 0.90).
[2026-09-01 22:09:43] 02_carrier_nation INFO: Wrote /workspaces/flight-risk/rounds/round-1-t100-panel/carrier_nation_precision_audit.csv: 290 matched-foreign codes audited.
[2026-09-01 22:09:43] 02_carrier_nation INFO: Precision audit: 100 / 290 matched-foreign codes have home_country_dep_share == 0 (0.0433 of matched-foreign departures); 0.0644 of matched-foreign departures have home_country_dep_share < 0.01.
[2026-09-01 22:09:43] 02_carrier_nation INFO: G7 precision-adjusted reading (matched AND home_country_dep_share>0): overall=0.9429 foreign=0.8631 (need >= 0.95 / 0.90).
[2026-09-01 22:09:43] 02_carrier_nation INFO: Precision by match tier (proxy = observed home-country endpoint share):
              n_codes  departures  share_home0_codes  share_home0_dep
match_method                                                         
iata            226.0  17054778.0           0.327434         0.043693
icao             35.0     47345.0           0.657143         0.493759
name_exact       29.0    701536.0           0.103448         0.002544
[2026-09-01 22:09:43] 02_carrier_nation INFO: Wrote /workspaces/flight-risk/rounds/round-1-t100-panel/carrier_nation_matchrate.csv (81 rows).
[2026-09-01 22:09:43] 02_carrier_nation INFO: Wrote /workspaces/flight-risk/rounds/round-1-t100-panel/carrier_nation_audit_sample.csv: 80 rows (40 top-by-departures, 40 random) for human tier scoring.
[2026-09-01 22:09:44] 02_carrier_nation INFO: Wrote /workspaces/flight-risk/rounds/round-1-t100-panel/carrier_nation_unmatched.csv: 244 unmatched-or-refused codes, 1931914 total departures.
[2026-09-01 22:09:45] 02_carrier_nation INFO: Wrote /workspaces/flight-risk/rounds/round-1-t100-panel/carrier_nation_corridor_coverage.csv: 44 airport x window rows.
[2026-09-01 22:09:46] 02_carrier_nation INFO: Name-churn diagnostic: 80 codes with >1 UNIQUE_CARRIER_NAME era, 173 rows, 6548327 departures (0.1383 of all non-null-carrier departures); 2 flagged cross-border (endpoint geography changed alongside the name).
[2026-09-01 22:09:46] 02_carrier_nation INFO: Wrote /workspaces/flight-risk/rounds/round-1-t100-panel/carrier_nation_flips.csv: 195 rows (173 name-churn, 22 suffix-collision-refused).
[2026-09-01 22:09:46] 02_carrier_nation ERROR: DEGENERATE-GATE: G7 is titled 'mapping precision', and its two defensible readings disagree on pass/fail. Coverage reading (does the code resolve to some candidate; overall=0.9592 foreign=0.9021) reads PASS. Precision-adjusted reading (same, but the matched code's own T-100 routes must touch its mapped home country at least once; overall=0.9429 foreign=0.8631) reads FAIL. Per STANDING_RULES rule 4, neither reading is chosen. FIX-02 is BLOCKED-NEEDS-HUMAN. Diagnostics: /workspaces/flight-risk/rounds/round-1-t100-panel/carrier_nation_precision_audit.csv (one row per matched-foreign code), /workspaces/flight-risk/rounds/round-1-t100-panel/carrier_nation_matchrate.csv (both readings side by side), /workspaces/flight-risk/rounds/round-1-t100-panel/carrier_nation_audit_sample.csv (40 largest + random 40 for human tier scoring), /workspaces/flight-risk/rounds/round-1-t100-panel/carrier_nation_flips.csv (suffix-collision and name-churn detail).
[2026-09-01 22:09:53] 02_carrier_nation INFO: Loaded t100_raw.parquet: 2662470 rows
[2026-09-01 22:09:53] 02_carrier_nation INFO: Loaded airlines.csv: 6162 rows
[2026-09-01 22:09:54] 02_carrier_nation INFO: country-name crosswalk built from T-100: 217 distinct names -> ISO2
[2026-09-01 22:09:54] 02_carrier_nation INFO: UNIQUE_CARRIER null (missing, not a code): 2407 rows, 15483 departures — own category, excluded from match-rate denominator.
[2026-09-01 22:09:54] 02_carrier_nation INFO: No UNIQUE_CARRIER code crosses the US/foreign CARRIER_GROUP boundary across years in this data (checked, not assumed).
[2026-09-01 22:09:54] 02_carrier_nation INFO: Distinct UNIQUE_CARRIER codes (excl. null): 770
[2026-09-01 22:09:55] 02_carrier_nation INFO: US-by-construction (CARRIER_GROUP in {1, 2, 3, 7}): 236 codes.
[2026-09-01 22:09:55] 02_carrier_nation INFO: Foreign codes to match against airlines.csv: 534
[2026-09-01 22:09:55] 02_carrier_nation INFO: Matched codes before suffix-collision check: 548 / 770.
[2026-09-01 22:09:55] 02_carrier_nation INFO: Suffix-collision check: 22 UNIQUE_CARRIER codes refused across 11 base-code families (215007 departures) -- siblings of a reused code that would receive the same nation despite differing UNIQUE_CARRIER_NAME; refused rather than guessed.
[2026-09-01 22:09:55] 02_carrier_nation INFO: Wrote /workspaces/flight-risk/data/interim/carrier_nation.parquet: 8842 (UNIQUE_CARRIER, year) rows.
[2026-09-01 22:09:55] 02_carrier_nation INFO: merge on=iata/icao/name (priority-ordered) how=left-priority-chain, post suffix-collision refusal | left=770 right=6162 -> merged=290
[2026-09-01 22:09:57] 02_carrier_nation INFO: G7 coverage reading: overall departures-weighted match rate = 0.9592 (need >= 0.95); foreign departures-weighted match rate = 0.9021 (need >= 0.90).
[2026-09-01 22:09:59] 02_carrier_nation INFO: Wrote /workspaces/flight-risk/rounds/round-1-t100-panel/carrier_nation_precision_audit.csv: 290 matched-foreign codes audited.
[2026-09-01 22:09:59] 02_carrier_nation INFO: Precision audit: 100 / 290 matched-foreign codes have home_country_dep_share == 0 (0.0433 of matched-foreign departures); 0.0644 of matched-foreign departures have home_country_dep_share < 0.01.
[2026-09-01 22:09:59] 02_carrier_nation INFO: G7 precision-adjusted reading (matched AND home_country_dep_share>0): overall=0.9429 foreign=0.8631 (need >= 0.95 / 0.90).
[2026-09-01 22:09:59] 02_carrier_nation INFO: Precision by match tier (proxy = observed home-country endpoint share):
              n_codes  departures  share_home0_codes  share_home0_dep
match_method                                                         
iata            226.0  17054778.0           0.327434         0.043693
icao             35.0     47345.0           0.657143         0.493759
name_exact       29.0    701536.0           0.103448         0.002544
[2026-09-01 22:09:59] 02_carrier_nation INFO: Wrote /workspaces/flight-risk/rounds/round-1-t100-panel/carrier_nation_matchrate.csv (81 rows).
[2026-09-01 22:09:59] 02_carrier_nation INFO: Wrote /workspaces/flight-risk/rounds/round-1-t100-panel/carrier_nation_audit_sample.csv: 80 rows (40 top-by-departures, 40 random) for human tier scoring.
[2026-09-01 22:10:01] 02_carrier_nation INFO: Wrote /workspaces/flight-risk/rounds/round-1-t100-panel/carrier_nation_unmatched.csv: 244 unmatched-or-refused codes, 1931914 total departures.
[2026-09-01 22:10:02] 02_carrier_nation INFO: Wrote /workspaces/flight-risk/rounds/round-1-t100-panel/carrier_nation_corridor_coverage.csv: 44 airport x window rows.
[2026-09-01 22:10:02] 02_carrier_nation INFO: Name-churn diagnostic: 80 codes with >1 UNIQUE_CARRIER_NAME era, 173 rows, 6548327 departures (0.1383 of all non-null-carrier departures); 2 flagged cross-border (endpoint geography changed alongside the name).
[2026-09-01 22:10:03] 02_carrier_nation INFO: Wrote /workspaces/flight-risk/rounds/round-1-t100-panel/carrier_nation_flips.csv: 195 rows (173 name-churn, 22 suffix-collision-refused).
[2026-09-01 22:10:03] 02_carrier_nation ERROR: DEGENERATE-GATE: G7 is titled 'mapping precision', and its two defensible readings disagree on pass/fail. Coverage reading (does the code resolve to some candidate; overall=0.9592 foreign=0.9021) reads PASS. Precision-adjusted reading (same, but the matched code's own T-100 routes must touch its mapped home country at least once; overall=0.9429 foreign=0.8631) reads FAIL. Per STANDING_RULES rule 4, neither reading is chosen. FIX-02 is BLOCKED-NEEDS-HUMAN. Diagnostics: /workspaces/flight-risk/rounds/round-1-t100-panel/carrier_nation_precision_audit.csv (one row per matched-foreign code), /workspaces/flight-risk/rounds/round-1-t100-panel/carrier_nation_matchrate.csv (both readings side by side), /workspaces/flight-risk/rounds/round-1-t100-panel/carrier_nation_audit_sample.csv (40 largest + random 40 for human tier scoring), /workspaces/flight-risk/rounds/round-1-t100-panel/carrier_nation_flips.csv (suffix-collision and name-churn detail).
[2026-09-01 22:10:59] 02_carrier_nation INFO: Loaded t100_raw.parquet: 2662470 rows
[2026-09-01 22:10:59] 02_carrier_nation INFO: Loaded airlines.csv: 6162 rows
[2026-09-01 22:10:59] 02_carrier_nation INFO: country-name crosswalk built from T-100: 217 distinct names -> ISO2
[2026-09-01 22:10:59] 02_carrier_nation INFO: UNIQUE_CARRIER null (missing, not a code): 2407 rows, 15483 departures — own category, excluded from match-rate denominator.
[2026-09-01 22:11:00] 02_carrier_nation INFO: No UNIQUE_CARRIER code crosses the US/foreign CARRIER_GROUP boundary across years in this data (checked, not assumed).
[2026-09-01 22:11:00] 02_carrier_nation INFO: Distinct UNIQUE_CARRIER codes (excl. null): 770
[2026-09-01 22:11:00] 02_carrier_nation INFO: US-by-construction (CARRIER_GROUP in {1, 2, 3, 7}): 236 codes.
[2026-09-01 22:11:00] 02_carrier_nation INFO: Foreign codes to match against airlines.csv: 534
[2026-09-01 22:11:00] 02_carrier_nation INFO: Matched codes before suffix-collision check: 548 / 770.
[2026-09-01 22:11:00] 02_carrier_nation INFO: Suffix-collision check: 22 UNIQUE_CARRIER codes refused across 11 base-code families (215007 departures) -- siblings of a reused code that would receive the same nation despite differing UNIQUE_CARRIER_NAME; refused rather than guessed.
[2026-09-01 22:11:00] 02_carrier_nation INFO: Wrote /workspaces/flight-risk/data/interim/carrier_nation.parquet: 8842 (UNIQUE_CARRIER, year) rows.
[2026-09-01 22:11:00] 02_carrier_nation INFO: merge on=iata/icao/name (priority-ordered) how=left-priority-chain, post suffix-collision refusal | left=770 right=6162 -> merged=290
[2026-09-01 22:11:02] 02_carrier_nation INFO: G7 coverage reading: overall departures-weighted match rate = 0.9592 (need >= 0.95); foreign departures-weighted match rate = 0.9021 (need >= 0.90).
[2026-09-01 22:11:05] 02_carrier_nation INFO: Wrote /workspaces/flight-risk/rounds/round-1-t100-panel/carrier_nation_precision_audit.csv: 290 matched-foreign codes audited.
[2026-09-01 22:11:05] 02_carrier_nation INFO: Precision audit: 100 / 290 matched-foreign codes have home_country_dep_share == 0 (0.0433 of matched-foreign departures); 0.0644 of matched-foreign departures have home_country_dep_share < 0.01.
[2026-09-01 22:11:05] 02_carrier_nation INFO: G7 precision-adjusted reading (matched AND home_country_dep_share>0): overall=0.9429 foreign=0.8631 (need >= 0.95 / 0.90).
[2026-09-01 22:11:05] 02_carrier_nation INFO: Precision by match tier (proxy = observed home-country endpoint share):
              n_codes  departures  share_home0_codes  share_home0_dep
match_method                                                         
iata            226.0  17054778.0           0.327434         0.043693
icao             35.0     47345.0           0.657143         0.493759
name_exact       29.0    701536.0           0.103448         0.002544
[2026-09-01 22:11:05] 02_carrier_nation INFO: Wrote /workspaces/flight-risk/rounds/round-1-t100-panel/carrier_nation_matchrate.csv (81 rows).
[2026-09-01 22:11:05] 02_carrier_nation INFO: Wrote /workspaces/flight-risk/rounds/round-1-t100-panel/carrier_nation_audit_sample.csv: 80 rows (40 top-by-departures, 40 random) for human tier scoring.
[2026-09-01 22:11:06] 02_carrier_nation INFO: Wrote /workspaces/flight-risk/rounds/round-1-t100-panel/carrier_nation_unmatched.csv: 244 unmatched-or-refused codes, 1931914 total departures.
[2026-09-01 22:11:07] 02_carrier_nation INFO: Wrote /workspaces/flight-risk/rounds/round-1-t100-panel/carrier_nation_corridor_coverage.csv: 44 airport x window rows.
[2026-09-01 22:11:08] 02_carrier_nation INFO: Name-churn diagnostic: 80 codes with >1 UNIQUE_CARRIER_NAME era, 173 rows, 6548327 departures (0.1383 of all non-null-carrier departures); 2 flagged cross-border (endpoint geography changed alongside the name).
[2026-09-01 22:11:08] 02_carrier_nation INFO: Wrote /workspaces/flight-risk/rounds/round-1-t100-panel/carrier_nation_flips.csv: 195 rows (173 name-churn, 22 suffix-collision-refused).
[2026-09-01 22:11:08] 02_carrier_nation ERROR: DEGENERATE-GATE: G7 is titled 'mapping precision', and its two defensible readings disagree on pass/fail. Coverage reading (does the code resolve to some candidate; overall=0.9592 foreign=0.9021) reads PASS. Precision-adjusted reading (same, but the matched code's own T-100 routes must touch its mapped home country at least once; overall=0.9429 foreign=0.8631) reads FAIL. Per STANDING_RULES rule 4, neither reading is chosen. FIX-02 is BLOCKED-NEEDS-HUMAN. Diagnostics: /workspaces/flight-risk/rounds/round-1-t100-panel/carrier_nation_precision_audit.csv (one row per matched-foreign code), /workspaces/flight-risk/rounds/round-1-t100-panel/carrier_nation_matchrate.csv (both readings side by side), /workspaces/flight-risk/rounds/round-1-t100-panel/carrier_nation_audit_sample.csv (40 largest + random 40 for human tier scoring), /workspaces/flight-risk/rounds/round-1-t100-panel/carrier_nation_flips.csv (suffix-collision and name-churn detail).
[2026-09-01 22:35:45] 02_carrier_nation INFO: Loaded t100_raw.parquet: 2662470 rows
[2026-09-01 22:35:45] 02_carrier_nation INFO: Loaded airlines.csv: 6162 rows
[2026-09-01 22:35:45] 02_carrier_nation INFO: country-name crosswalk built from T-100: 217 distinct names -> ISO2
[2026-09-01 22:35:45] 02_carrier_nation INFO: UNIQUE_CARRIER null (missing, not a code): 2407 rows, 15483 departures — own category, excluded from match-rate denominator.
[2026-09-01 22:35:46] 02_carrier_nation INFO: No UNIQUE_CARRIER code crosses the US/foreign CARRIER_GROUP boundary across years in this data (checked, not assumed).
[2026-09-01 22:35:46] 02_carrier_nation INFO: Distinct UNIQUE_CARRIER codes (excl. null): 770
[2026-09-01 22:35:46] 02_carrier_nation INFO: US-by-construction (CARRIER_GROUP in {1, 2, 3, 7}): 236 codes.
[2026-09-01 22:35:46] 02_carrier_nation INFO: Foreign codes to match against airlines.csv: 534
[2026-09-01 22:35:46] 02_carrier_nation INFO: Matched codes before suffix-collision check: 548 / 770.
[2026-09-01 22:35:46] 02_carrier_nation INFO: Suffix-collision check: 22 UNIQUE_CARRIER codes refused across 11 base-code families (215007 departures) -- siblings of a reused code that would receive the same nation despite differing UNIQUE_CARRIER_NAME; refused rather than guessed.
[2026-09-01 22:35:46] 02_carrier_nation INFO: Wrote /workspaces/flight-risk/data/interim/carrier_nation.parquet: 8842 (UNIQUE_CARRIER, year) rows.
[2026-09-01 22:35:46] 02_carrier_nation INFO: merge on=iata/icao/name (priority-ordered) how=left-priority-chain, post suffix-collision refusal | left=770 right=6162 -> merged=290
[2026-09-01 22:35:49] 02_carrier_nation INFO: G7 coverage reading: overall departures-weighted match rate = 0.9592 (need >= 0.95); foreign departures-weighted match rate = 0.9021 (need >= 0.90).
[2026-09-01 22:35:52] 02_carrier_nation INFO: Wrote /workspaces/flight-risk/rounds/round-1-t100-panel/carrier_nation_precision_audit.csv: 290 matched-foreign codes audited.
[2026-09-01 22:35:52] 02_carrier_nation INFO: Precision audit: 100 / 290 matched-foreign codes have home_country_dep_share == 0 (0.0433 of matched-foreign departures); 0.0644 of matched-foreign departures have home_country_dep_share < 0.01.
[2026-09-01 22:35:52] 02_carrier_nation INFO: G7 precision-adjusted reading (matched AND home_country_dep_share>0): overall=0.9429 foreign=0.8631 (need >= 0.95 / 0.90).
[2026-09-01 22:35:52] 02_carrier_nation INFO: Wrote /workspaces/flight-risk/rounds/round-1-t100-panel/carrier_nation_tier_precision.csv: 3 tier rows (precision proxy = observed home-country endpoint share).
[2026-09-01 22:35:52] 02_carrier_nation INFO: Precision by match tier:
  match_method  n_codes  departures  n_home0_codes  share_home0_codes  share_home0_dep  n_home_lt001_codes  share_home_lt001_dep                                                                                                                                                                                                                                                                                                                                                                                                                                                                                                                                                                                                                                                                                                                                                                                                                                                                                                                                                                                                                                                                                                                                                                                                                                                                                                                                                                                                                                                                                                                                                                                                                                                                                                                                                                                                                                                                                                                                                                                                                                                                                                                                                                                                                                                                                                                                                                                                                                                                                                                                                                                                                                                                                                                                                                                                                                                                                                                                                                                                                                                                                                                                                                                                                                                                                                                                                                                                                                                                                                                                                                                                                                                                                                                                                                                                                                                                                                                                           implausible_pairs_home0
0         iata      226  17054778.0             74           0.327434         0.043693                  76              0.064608  KV (Sky Regional Airlines Inc. -> RU, top_endpoint=CA); RV (Air Canada rouge LP -> IR, top_endpoint=CA); 7Z (Lb Limited -> CV, top_endpoint=BS); 6R (Aerounion Aerotransporte de Carga Union SA de CV -> RU, top_endpoint=MX); K8 (Dutch Caribbean Airlines -> ZM, top_endpoint=AN); FQ (Air Aruba -> BE, top_endpoint=AW); VX (1) (Aces Airlines -> US, top_endpoint=CO); WW (WOW Air ehf -> GB, top_endpoint=IS); DI (Norwegian Air UK Limited -> DE, top_endpoint=GB); N3 (Vuela EL Salvador S.A. de C.V. -> RU, top_endpoint=SV); B0 (Dreamjet SAS Dba La Compagnie -> US, top_endpoint=FR); 9W (Jet Airways (India) Limited -> IN, top_endpoint=BE); V4 (Vensecar International -> KG, top_endpoint=VE); D8 (Norwegian Air International Ltd. -> DJ, top_endpoint=IE); Q6 (Vuela Aviacion, S.A. -> PE, top_endpoint=SV); ZG (ZIPAIR Tokyo Inc. -> MO, top_endpoint=JP); N0 (Norse Atlantic Airways,AS -> AR, top_endpoint=FR); 6Y (Nicaraguense De Aviacion Sa -> LV, top_endpoint=NI); Z0 (Norse Atlantic UK Ltd -> AR, top_endpoint=GB); 9V (Avior Airlines, C.A. -> CR, top_endpoint=VE); TV (Haiti Trans Air -> BE, top_endpoint=HT); 8R (Edelweiss Air Ag -> BR, top_endpoint=CH); 7P (Apa International Air S.A. -> ID, top_endpoint=DO); WO (SWOOP Inc. -> US, top_endpoint=CA); WU (Western Air Ltd -> UA, top_endpoint=BS); CF (Compan. De Aviacion Faucett -> SE, top_endpoint=PE); UD (Fast Air Carrier Ltd. -> FR, top_endpoint=CL); C8 (Cargolux Italia SpA -> US, top_endpoint=LU); YP (Air Premia -> DE, top_endpoint=KR); VR (Transportes Aereos De Cabo -> PT, top_endpoint=CV); UT (Union De Transports Aeriens -> RU, top_endpoint=FR); 7L (Silk Way West Airlines -> IL, top_endpoint=AZ); OJ (Fly Jamaica Airways Limited -> NG, top_endpoint=JM); GH (Ghana Airways Corporation -> RU, top_endpoint=GH); H8 (Sky Airline Peru -> RU, top_endpoint=PE); ED (Andes -> PK, top_endpoint=EC); Y9 (1263343 Alberta Inc. d/b/a Lynx Air -> IR, top_endpoint=CA); R0 (Tantalus Air Ltd. d/b/a Harbour Air d/b/a Harbour Air Seaplanes -> PK, top_endpoint=CA); DM (Arajet S.A. -> DK, top_endpoint=DO); H2 (City Bird -> CL, top_endpoint=BE); 8I (Inselair Aruba NV -> IT, top_endpoint=AW); RL (1) (Aerolineas Nicaraguenses -> JO, top_endpoint=NI); 7G (MK Airlines Ltd. -> JP, top_endpoint=LU); LU (Air Atlantic Dominicana -> CL, top_endpoint=DO); JZ (Japan Air Charter Co. Ltd. -> SE, top_endpoint=JP); Y7 (Flyjet Limited d/b/a Silverjet -> RU, top_endpoint=GB); DC (Caribbean Air Cargo Co Ltd. -> SE, top_endpoint=TT); LL (LEVEL -> MX, top_endpoint=ES); KJ (AIRZETA CO Ltd. -> GB, top_endpoint=KR); AE (Air Europe Limited -> TW, top_endpoint=GB); 7M (Aeromonterrey S.A. -> MN, top_endpoint=MX); HJ (Air Haiti S. A. -> AU, top_endpoint=HT); 9T (TravelspanGT, Inc. S.A. -> CA, top_endpoint=TT); LV (OPENSKIES SAS -> AL, top_endpoint=FR); HB (1) (Air Club International -> US, top_endpoint=CA); OV (Aeromaritime -> EE, top_endpoint=FR); GW (1) (Central American Airlines -> RU, top_endpoint=NI); MM (Euro Atlantic Airways -> JP, top_endpoint=UA); OB (Oasis International Airlines S.A. -> RU, top_endpoint=ES); FB (Translift Airways Limited -> BG, top_endpoint=IE); FP (TAG Aviation S.A. -> US, top_endpoint=CH); Q2 (Zambia Airways Corp. -> MV, top_endpoint=GM); PP (Jet Aviation Business Jets AG -> PK, top_endpoint=CH); 9N (ANA & JP Express Co. Ltd. -> IS, top_endpoint=JP); Q7 (1) (Sobelair -> BS, top_endpoint=BE); 4H (Belize Trans Air -> BD, top_endpoint=BZ); VK (Air Tungaru Corporation -> NG, top_endpoint=KI); DB (Maleth Aero AOC Ltd. -> FR, top_endpoint=GB); ZS (Hispaniola Airways -> SA, top_endpoint=DO); KM (Air Malta -> MT, top_endpoint=IE); WL (1) (World Air Network -> FR, top_endpoint=JP); FK (Flightcraft Air Charter Ltd dba KF Aeroflyer -> TG, top_endpoint=CA); GE (Lufthansa Cargo Airlines -> TW, top_endpoint=DE); ZL (Affretair -> AU, top_endpoint=ZW)
1         icao       35     47345.0             23           0.657143         0.493759                  24              0.516084                                                                                                                                                                                                                                                                                                                                                                                                                                                                                                                                                                                                                                                                                                                                                                                                                                                                                                                                                                                                                                                                                                                                                                                                                                                                                                                                                                                                                                                                                                                                                                                                                                                                                                                                                                                                                                                                                                                                                                                                                                                                                                                                                                                                                                                                                                                                                                                                                                                                                                                                                                                                                                                                                                                         SEQ (Sky Service F.B.O. -> TH, top_endpoint=CA); ACQ (Aeronautica De Cancun -> PE, top_endpoint=MX); TRA (Aeromexico Travel -> NL, top_endpoint=MX); SMQ (Serv. Aerolineas Mexicanas -> TJ, top_endpoint=MX); RTQ (Aerotour Dominicano Cxa -> FR, top_endpoint=DO); APQ (Alas De Transporte International -> US, top_endpoint=DO); PPQ (Propair -> MX, top_endpoint=CA); ADQ (Aeronaves Del Peru -> CA, top_endpoint=PE); CRV (Acropolis Aviation Ltd. -> CI, top_endpoint=GB); VSA (VistaJet Luftfahrtunternehmen GmbH -> ZA, top_endpoint=GB); PDQ (Antigua Paradise Airways -> US, top_endpoint=AG); IGA (Global Jet Austria, GmbH -> PL, top_endpoint=GB); TRQ (Blue Scandinavia Ab -> NL, top_endpoint=SE); PTQ (Pontair Ltd. -> US, top_endpoint=ES); BTQ (Brasair Transportes Aereos -> US, top_endpoint=BR); SWQ (Swiss Private Jet S.A. -> US, top_endpoint=CH); AAQ (Advance Air Charters -> FI, top_endpoint=CA); SBQ (Skyjet S.A. -> US, top_endpoint=GH); AZQ (Anglo Airlines Ltd. -> AZ, top_endpoint=GB); ALQ (Alliance Executive Jets Ltd. -> CA, top_endpoint=DE); EXC (Hapag-Lloyd Executive GmbH -> SE, top_endpoint=DE); ASQ (Aerosur (1) -> US, top_endpoint=UY); WPT (World2Fly Portugal SA -> CA, top_endpoint=ES)
2   name_exact       29    701536.0              3           0.103448         0.002544                   5              0.029884                                                                                                                                                                                                                                                                                                                                                                                                                                                                                                                                                                                                                                                                                                                                                                                                                                                                                                                                                                                                                                                                                                                                                                                                                                                                                                                                                                                                                                                                                                                                                                                                                                                                                                                                                                                                                                                                                                                                                                                                                                                                                                                                                                                                                                                                                                                                                                                                                                                                                                                                                                                                                                                                                                                                                                                                                                                                                                                                                                                                                                                                                                                                                                                                                                                                                                                                                                                                                                                                                                                                                                                                                                                                                                                                                                                                                 PIQ (Pacific International Airlines -> US, top_endpoint=PA); SIQ (Premiair -> LU, top_endpoint=SE); M2 (MHS Aviation GmbH -> DE, top_endpoint=GB)
[2026-09-01 22:35:53] 02_carrier_nation INFO: Class-F (headline sample) readings: coverage foreign=0.9303 overall=0.9710; precision-adjusted (home0) foreign=0.8911 overall=0.9547; precision-adjusted (<0.01) foreign=0.8710 overall=0.9463.
[2026-09-01 22:35:53] 02_carrier_nation INFO: Wrote /workspaces/flight-risk/rounds/round-1-t100-panel/carrier_nation_matchrate.csv (84 rows).
[2026-09-01 22:35:53] 02_carrier_nation INFO: Wrote /workspaces/flight-risk/rounds/round-1-t100-panel/carrier_nation_gate_sensitivity.csv: 4 rows. Foreign coverage margin over G7_FOREIGN_MIN = 41643 departures; icao-tier matched departures = 47345; excluding icao tier alone gives foreign coverage = 0.8997 (vs G7_FOREIGN_MIN = 0.90).
[2026-09-01 22:35:53] 02_carrier_nation INFO: Wrote /workspaces/flight-risk/rounds/round-1-t100-panel/carrier_nation_audit_sample.csv: 80 rows (40 top-by-departures, 40 random) for human tier scoring.
[2026-09-01 22:35:54] 02_carrier_nation INFO: Wrote /workspaces/flight-risk/rounds/round-1-t100-panel/carrier_nation_unmatched.csv: 244 unmatched-or-refused codes, 1931914 total departures.
[2026-09-01 22:35:56] 02_carrier_nation INFO: Wrote /workspaces/flight-risk/rounds/round-1-t100-panel/carrier_nation_corridor_coverage.csv: 44 airport x window rows (all-carrier / foreign-only / foreign-precision-adjusted, covid_flag).
[2026-09-01 22:35:56] 02_carrier_nation INFO: Name-churn diagnostic: 80 codes with >1 UNIQUE_CARRIER_NAME era, 173 rows, 6548327 departures (0.1383 of all non-null-carrier departures); 2 flagged cross-border (endpoint geography changed alongside the name).
[2026-09-01 22:35:56] 02_carrier_nation INFO: Wrote /workspaces/flight-risk/rounds/round-1-t100-panel/carrier_nation_flips.csv: 195 rows (173 name-churn, 22 suffix-collision-refused).
[2026-09-01 22:35:56] 02_carrier_nation ERROR: DEGENERATE-GATE: G7 is titled 'mapping precision', and its two defensible readings disagree on pass/fail. Coverage reading (does the code resolve to some candidate; overall=0.9592 foreign=0.9021) reads PASS. Precision-adjusted reading (same, but the matched code's own T-100 routes must touch its mapped home country at least once; overall=0.9429 foreign=0.8631) reads FAIL. Per STANDING_RULES rule 4, neither reading is chosen. FIX-02 is BLOCKED-NEEDS-HUMAN. Diagnostics: /workspaces/flight-risk/rounds/round-1-t100-panel/carrier_nation_precision_audit.csv (one row per matched-foreign code), /workspaces/flight-risk/rounds/round-1-t100-panel/carrier_nation_matchrate.csv (both readings side by side), /workspaces/flight-risk/rounds/round-1-t100-panel/carrier_nation_audit_sample.csv (40 largest + random 40 for human tier scoring), /workspaces/flight-risk/rounds/round-1-t100-panel/carrier_nation_flips.csv (suffix-collision and name-churn detail).
[2026-09-01 22:36:39] 02_carrier_nation INFO: Loaded t100_raw.parquet: 2662470 rows
[2026-09-01 22:36:39] 02_carrier_nation INFO: Loaded airlines.csv: 6162 rows
[2026-09-01 22:36:39] 02_carrier_nation INFO: country-name crosswalk built from T-100: 217 distinct names -> ISO2
[2026-09-01 22:36:39] 02_carrier_nation INFO: UNIQUE_CARRIER null (missing, not a code): 2407 rows, 15483 departures — own category, excluded from match-rate denominator.
[2026-09-01 22:36:40] 02_carrier_nation INFO: No UNIQUE_CARRIER code crosses the US/foreign CARRIER_GROUP boundary across years in this data (checked, not assumed).
[2026-09-01 22:36:40] 02_carrier_nation INFO: Distinct UNIQUE_CARRIER codes (excl. null): 770
[2026-09-01 22:36:40] 02_carrier_nation INFO: US-by-construction (CARRIER_GROUP in {1, 2, 3, 7}): 236 codes.
[2026-09-01 22:36:40] 02_carrier_nation INFO: Foreign codes to match against airlines.csv: 534
[2026-09-01 22:36:40] 02_carrier_nation INFO: Matched codes before suffix-collision check: 548 / 770.
[2026-09-01 22:36:40] 02_carrier_nation INFO: Suffix-collision check: 22 UNIQUE_CARRIER codes refused across 11 base-code families (215007 departures) -- siblings of a reused code that would receive the same nation despite differing UNIQUE_CARRIER_NAME; refused rather than guessed.
[2026-09-01 22:36:40] 02_carrier_nation INFO: Wrote /workspaces/flight-risk/data/interim/carrier_nation.parquet: 8842 (UNIQUE_CARRIER, year) rows.
[2026-09-01 22:36:40] 02_carrier_nation INFO: merge on=iata/icao/name (priority-ordered) how=left-priority-chain, post suffix-collision refusal | left=770 right=6162 -> merged=290
[2026-09-01 22:36:43] 02_carrier_nation INFO: G7 coverage reading: overall departures-weighted match rate = 0.9592 (need >= 0.95); foreign departures-weighted match rate = 0.9021 (need >= 0.90).
[2026-09-01 22:36:46] 02_carrier_nation INFO: Wrote /workspaces/flight-risk/rounds/round-1-t100-panel/carrier_nation_precision_audit.csv: 290 matched-foreign codes audited.
[2026-09-01 22:36:46] 02_carrier_nation INFO: Precision audit: 100 / 290 matched-foreign codes have home_country_dep_share == 0 (0.0433 of matched-foreign departures); 0.0644 of matched-foreign departures have home_country_dep_share < 0.01.
[2026-09-01 22:36:46] 02_carrier_nation INFO: G7 precision-adjusted reading (matched AND home_country_dep_share>0): overall=0.9429 foreign=0.8631 (need >= 0.95 / 0.90).
[2026-09-01 22:36:46] 02_carrier_nation INFO: Wrote /workspaces/flight-risk/rounds/round-1-t100-panel/carrier_nation_tier_precision.csv: 3 tier rows (precision proxy = observed home-country endpoint share).
[2026-09-01 22:36:46] 02_carrier_nation INFO: Precision by match tier:
  match_method  n_codes  departures  n_home0_codes  share_home0_codes  share_home0_dep  n_home_lt001_codes  share_home_lt001_dep                                                                                                                                                                                                                                                                                                                                                                                                                                                                                                                                                                                                                                                                                                                                                                                                                                                                                                                                                                                                                                                                                                                                                                                                                                                                                                                                                                                                                                                                                                                                                                                                                                                                                                                                                                                                                                                                                                                                                                                                                                                                                                                                                                                                                                                                                                                                                                                                                                                                                                                                                                                                                                                                                                                                                                                                                                                                                                                                                                                                                                                                                                                                                                                                                                                                                                                                                                                                                                                                                                                                                                                                                                                                                                                                                                                                                                                                                                                                           implausible_pairs_home0
0         iata      226  17054778.0             74           0.327434         0.043693                  76              0.064608  KV (Sky Regional Airlines Inc. -> RU, top_endpoint=CA); RV (Air Canada rouge LP -> IR, top_endpoint=CA); 7Z (Lb Limited -> CV, top_endpoint=BS); 6R (Aerounion Aerotransporte de Carga Union SA de CV -> RU, top_endpoint=MX); K8 (Dutch Caribbean Airlines -> ZM, top_endpoint=AN); FQ (Air Aruba -> BE, top_endpoint=AW); VX (1) (Aces Airlines -> US, top_endpoint=CO); WW (WOW Air ehf -> GB, top_endpoint=IS); DI (Norwegian Air UK Limited -> DE, top_endpoint=GB); N3 (Vuela EL Salvador S.A. de C.V. -> RU, top_endpoint=SV); B0 (Dreamjet SAS Dba La Compagnie -> US, top_endpoint=FR); 9W (Jet Airways (India) Limited -> IN, top_endpoint=BE); V4 (Vensecar International -> KG, top_endpoint=VE); D8 (Norwegian Air International Ltd. -> DJ, top_endpoint=IE); Q6 (Vuela Aviacion, S.A. -> PE, top_endpoint=SV); ZG (ZIPAIR Tokyo Inc. -> MO, top_endpoint=JP); N0 (Norse Atlantic Airways,AS -> AR, top_endpoint=FR); 6Y (Nicaraguense De Aviacion Sa -> LV, top_endpoint=NI); Z0 (Norse Atlantic UK Ltd -> AR, top_endpoint=GB); 9V (Avior Airlines, C.A. -> CR, top_endpoint=VE); TV (Haiti Trans Air -> BE, top_endpoint=HT); 8R (Edelweiss Air Ag -> BR, top_endpoint=CH); 7P (Apa International Air S.A. -> ID, top_endpoint=DO); WO (SWOOP Inc. -> US, top_endpoint=CA); WU (Western Air Ltd -> UA, top_endpoint=BS); CF (Compan. De Aviacion Faucett -> SE, top_endpoint=PE); UD (Fast Air Carrier Ltd. -> FR, top_endpoint=CL); C8 (Cargolux Italia SpA -> US, top_endpoint=LU); YP (Air Premia -> DE, top_endpoint=KR); VR (Transportes Aereos De Cabo -> PT, top_endpoint=CV); UT (Union De Transports Aeriens -> RU, top_endpoint=FR); 7L (Silk Way West Airlines -> IL, top_endpoint=AZ); OJ (Fly Jamaica Airways Limited -> NG, top_endpoint=JM); GH (Ghana Airways Corporation -> RU, top_endpoint=GH); H8 (Sky Airline Peru -> RU, top_endpoint=PE); ED (Andes -> PK, top_endpoint=EC); Y9 (1263343 Alberta Inc. d/b/a Lynx Air -> IR, top_endpoint=CA); R0 (Tantalus Air Ltd. d/b/a Harbour Air d/b/a Harbour Air Seaplanes -> PK, top_endpoint=CA); DM (Arajet S.A. -> DK, top_endpoint=DO); H2 (City Bird -> CL, top_endpoint=BE); 8I (Inselair Aruba NV -> IT, top_endpoint=AW); RL (1) (Aerolineas Nicaraguenses -> JO, top_endpoint=NI); 7G (MK Airlines Ltd. -> JP, top_endpoint=LU); LU (Air Atlantic Dominicana -> CL, top_endpoint=DO); JZ (Japan Air Charter Co. Ltd. -> SE, top_endpoint=JP); Y7 (Flyjet Limited d/b/a Silverjet -> RU, top_endpoint=GB); DC (Caribbean Air Cargo Co Ltd. -> SE, top_endpoint=TT); LL (LEVEL -> MX, top_endpoint=ES); KJ (AIRZETA CO Ltd. -> GB, top_endpoint=KR); AE (Air Europe Limited -> TW, top_endpoint=GB); 7M (Aeromonterrey S.A. -> MN, top_endpoint=MX); HJ (Air Haiti S. A. -> AU, top_endpoint=HT); 9T (TravelspanGT, Inc. S.A. -> CA, top_endpoint=TT); LV (OPENSKIES SAS -> AL, top_endpoint=FR); HB (1) (Air Club International -> US, top_endpoint=CA); OV (Aeromaritime -> EE, top_endpoint=FR); GW (1) (Central American Airlines -> RU, top_endpoint=NI); MM (Euro Atlantic Airways -> JP, top_endpoint=UA); OB (Oasis International Airlines S.A. -> RU, top_endpoint=ES); FB (Translift Airways Limited -> BG, top_endpoint=IE); FP (TAG Aviation S.A. -> US, top_endpoint=CH); Q2 (Zambia Airways Corp. -> MV, top_endpoint=GM); PP (Jet Aviation Business Jets AG -> PK, top_endpoint=CH); 9N (ANA & JP Express Co. Ltd. -> IS, top_endpoint=JP); Q7 (1) (Sobelair -> BS, top_endpoint=BE); 4H (Belize Trans Air -> BD, top_endpoint=BZ); VK (Air Tungaru Corporation -> NG, top_endpoint=KI); DB (Maleth Aero AOC Ltd. -> FR, top_endpoint=GB); ZS (Hispaniola Airways -> SA, top_endpoint=DO); KM (Air Malta -> MT, top_endpoint=IE); WL (1) (World Air Network -> FR, top_endpoint=JP); FK (Flightcraft Air Charter Ltd dba KF Aeroflyer -> TG, top_endpoint=CA); GE (Lufthansa Cargo Airlines -> TW, top_endpoint=DE); ZL (Affretair -> AU, top_endpoint=ZW)
1         icao       35     47345.0             23           0.657143         0.493759                  24              0.516084                                                                                                                                                                                                                                                                                                                                                                                                                                                                                                                                                                                                                                                                                                                                                                                                                                                                                                                                                                                                                                                                                                                                                                                                                                                                                                                                                                                                                                                                                                                                                                                                                                                                                                                                                                                                                                                                                                                                                                                                                                                                                                                                                                                                                                                                                                                                                                                                                                                                                                                                                                                                                                                                                                                         SEQ (Sky Service F.B.O. -> TH, top_endpoint=CA); ACQ (Aeronautica De Cancun -> PE, top_endpoint=MX); TRA (Aeromexico Travel -> NL, top_endpoint=MX); SMQ (Serv. Aerolineas Mexicanas -> TJ, top_endpoint=MX); RTQ (Aerotour Dominicano Cxa -> FR, top_endpoint=DO); APQ (Alas De Transporte International -> US, top_endpoint=DO); PPQ (Propair -> MX, top_endpoint=CA); ADQ (Aeronaves Del Peru -> CA, top_endpoint=PE); CRV (Acropolis Aviation Ltd. -> CI, top_endpoint=GB); VSA (VistaJet Luftfahrtunternehmen GmbH -> ZA, top_endpoint=GB); PDQ (Antigua Paradise Airways -> US, top_endpoint=AG); IGA (Global Jet Austria, GmbH -> PL, top_endpoint=GB); TRQ (Blue Scandinavia Ab -> NL, top_endpoint=SE); PTQ (Pontair Ltd. -> US, top_endpoint=ES); BTQ (Brasair Transportes Aereos -> US, top_endpoint=BR); SWQ (Swiss Private Jet S.A. -> US, top_endpoint=CH); AAQ (Advance Air Charters -> FI, top_endpoint=CA); SBQ (Skyjet S.A. -> US, top_endpoint=GH); AZQ (Anglo Airlines Ltd. -> AZ, top_endpoint=GB); ALQ (Alliance Executive Jets Ltd. -> CA, top_endpoint=DE); EXC (Hapag-Lloyd Executive GmbH -> SE, top_endpoint=DE); ASQ (Aerosur (1) -> US, top_endpoint=UY); WPT (World2Fly Portugal SA -> CA, top_endpoint=ES)
2   name_exact       29    701536.0              3           0.103448         0.002544                   5              0.029884                                                                                                                                                                                                                                                                                                                                                                                                                                                                                                                                                                                                                                                                                                                                                                                                                                                                                                                                                                                                                                                                                                                                                                                                                                                                                                                                                                                                                                                                                                                                                                                                                                                                                                                                                                                                                                                                                                                                                                                                                                                                                                                                                                                                                                                                                                                                                                                                                                                                                                                                                                                                                                                                                                                                                                                                                                                                                                                                                                                                                                                                                                                                                                                                                                                                                                                                                                                                                                                                                                                                                                                                                                                                                                                                                                                                                 PIQ (Pacific International Airlines -> US, top_endpoint=PA); SIQ (Premiair -> LU, top_endpoint=SE); M2 (MHS Aviation GmbH -> DE, top_endpoint=GB)
[2026-09-01 22:36:47] 02_carrier_nation INFO: Class-F (headline sample) readings: coverage foreign=0.9303 overall=0.9710; precision-adjusted (home0) foreign=0.8911 overall=0.9547; precision-adjusted (<0.01) foreign=0.8710 overall=0.9463.
[2026-09-01 22:36:47] 02_carrier_nation INFO: Wrote /workspaces/flight-risk/rounds/round-1-t100-panel/carrier_nation_matchrate.csv (84 rows).
[2026-09-01 22:36:47] 02_carrier_nation INFO: Wrote /workspaces/flight-risk/rounds/round-1-t100-panel/carrier_nation_gate_sensitivity.csv: 4 rows. Foreign coverage margin over G7_FOREIGN_MIN = 41643 departures; icao-tier matched departures = 47345; excluding icao tier alone gives foreign coverage = 0.8997 (vs G7_FOREIGN_MIN = 0.90).
[2026-09-01 22:36:47] 02_carrier_nation INFO: Wrote /workspaces/flight-risk/rounds/round-1-t100-panel/carrier_nation_audit_sample.csv: 80 rows (40 top-by-departures, 40 random) for human tier scoring.
[2026-09-01 22:36:49] 02_carrier_nation INFO: Wrote /workspaces/flight-risk/rounds/round-1-t100-panel/carrier_nation_unmatched.csv: 244 unmatched-or-refused codes, 1931914 total departures.
[2026-09-01 22:36:50] 02_carrier_nation INFO: Wrote /workspaces/flight-risk/rounds/round-1-t100-panel/carrier_nation_corridor_coverage.csv: 44 airport x window rows (all-carrier / foreign-only / foreign-precision-adjusted, covid_flag).
[2026-09-01 22:36:50] 02_carrier_nation INFO: Name-churn diagnostic: 80 codes with >1 UNIQUE_CARRIER_NAME era, 173 rows, 6548327 departures (0.1383 of all non-null-carrier departures); 2 flagged cross-border (endpoint geography changed alongside the name).
[2026-09-01 22:36:50] 02_carrier_nation INFO: Wrote /workspaces/flight-risk/rounds/round-1-t100-panel/carrier_nation_flips.csv: 195 rows (173 name-churn, 22 suffix-collision-refused).
[2026-09-01 22:36:50] 02_carrier_nation ERROR: DEGENERATE-GATE: G7 is titled 'mapping precision', and its two defensible readings disagree on pass/fail. Coverage reading (does the code resolve to some candidate; overall=0.9592 foreign=0.9021) reads PASS. Precision-adjusted reading (same, but the matched code's own T-100 routes must touch its mapped home country at least once; overall=0.9429 foreign=0.8631) reads FAIL. Per STANDING_RULES rule 4, neither reading is chosen. FIX-02 is BLOCKED-NEEDS-HUMAN. Diagnostics: /workspaces/flight-risk/rounds/round-1-t100-panel/carrier_nation_precision_audit.csv (one row per matched-foreign code), /workspaces/flight-risk/rounds/round-1-t100-panel/carrier_nation_matchrate.csv (both readings side by side), /workspaces/flight-risk/rounds/round-1-t100-panel/carrier_nation_audit_sample.csv (40 largest + random 40 for human tier scoring), /workspaces/flight-risk/rounds/round-1-t100-panel/carrier_nation_flips.csv (suffix-collision and name-churn detail).
[2026-09-01 22:36:55] 02_carrier_nation INFO: Loaded t100_raw.parquet: 2662470 rows
[2026-09-01 22:36:55] 02_carrier_nation INFO: Loaded airlines.csv: 6162 rows
[2026-09-01 22:36:55] 02_carrier_nation INFO: country-name crosswalk built from T-100: 217 distinct names -> ISO2
[2026-09-01 22:36:55] 02_carrier_nation INFO: UNIQUE_CARRIER null (missing, not a code): 2407 rows, 15483 departures — own category, excluded from match-rate denominator.
[2026-09-01 22:36:56] 02_carrier_nation INFO: No UNIQUE_CARRIER code crosses the US/foreign CARRIER_GROUP boundary across years in this data (checked, not assumed).
[2026-09-01 22:36:56] 02_carrier_nation INFO: Distinct UNIQUE_CARRIER codes (excl. null): 770
[2026-09-01 22:36:56] 02_carrier_nation INFO: US-by-construction (CARRIER_GROUP in {1, 2, 3, 7}): 236 codes.
[2026-09-01 22:36:56] 02_carrier_nation INFO: Foreign codes to match against airlines.csv: 534
[2026-09-01 22:36:56] 02_carrier_nation INFO: Matched codes before suffix-collision check: 548 / 770.
[2026-09-01 22:36:56] 02_carrier_nation INFO: Suffix-collision check: 22 UNIQUE_CARRIER codes refused across 11 base-code families (215007 departures) -- siblings of a reused code that would receive the same nation despite differing UNIQUE_CARRIER_NAME; refused rather than guessed.
[2026-09-01 22:36:56] 02_carrier_nation INFO: Wrote /workspaces/flight-risk/data/interim/carrier_nation.parquet: 8842 (UNIQUE_CARRIER, year) rows.
[2026-09-01 22:36:56] 02_carrier_nation INFO: merge on=iata/icao/name (priority-ordered) how=left-priority-chain, post suffix-collision refusal | left=770 right=6162 -> merged=290
[2026-09-01 22:36:59] 02_carrier_nation INFO: G7 coverage reading: overall departures-weighted match rate = 0.9592 (need >= 0.95); foreign departures-weighted match rate = 0.9021 (need >= 0.90).
[2026-09-01 22:37:01] 02_carrier_nation INFO: Wrote /workspaces/flight-risk/rounds/round-1-t100-panel/carrier_nation_precision_audit.csv: 290 matched-foreign codes audited.
[2026-09-01 22:37:01] 02_carrier_nation INFO: Precision audit: 100 / 290 matched-foreign codes have home_country_dep_share == 0 (0.0433 of matched-foreign departures); 0.0644 of matched-foreign departures have home_country_dep_share < 0.01.
[2026-09-01 22:37:01] 02_carrier_nation INFO: G7 precision-adjusted reading (matched AND home_country_dep_share>0): overall=0.9429 foreign=0.8631 (need >= 0.95 / 0.90).
[2026-09-01 22:37:01] 02_carrier_nation INFO: Wrote /workspaces/flight-risk/rounds/round-1-t100-panel/carrier_nation_tier_precision.csv: 3 tier rows (precision proxy = observed home-country endpoint share).
[2026-09-01 22:37:01] 02_carrier_nation INFO: Precision by match tier:
  match_method  n_codes  departures  n_home0_codes  share_home0_codes  share_home0_dep  n_home_lt001_codes  share_home_lt001_dep                                                                                                                                                                                                                                                                                                                                                                                                                                                                                                                                                                                                                                                                                                                                                                                                                                                                                                                                                                                                                                                                                                                                                                                                                                                                                                                                                                                                                                                                                                                                                                                                                                                                                                                                                                                                                                                                                                                                                                                                                                                                                                                                                                                                                                                                                                                                                                                                                                                                                                                                                                                                                                                                                                                                                                                                                                                                                                                                                                                                                                                                                                                                                                                                                                                                                                                                                                                                                                                                                                                                                                                                                                                                                                                                                                                                                                                                                                                                           implausible_pairs_home0
0         iata      226  17054778.0             74           0.327434         0.043693                  76              0.064608  KV (Sky Regional Airlines Inc. -> RU, top_endpoint=CA); RV (Air Canada rouge LP -> IR, top_endpoint=CA); 7Z (Lb Limited -> CV, top_endpoint=BS); 6R (Aerounion Aerotransporte de Carga Union SA de CV -> RU, top_endpoint=MX); K8 (Dutch Caribbean Airlines -> ZM, top_endpoint=AN); FQ (Air Aruba -> BE, top_endpoint=AW); VX (1) (Aces Airlines -> US, top_endpoint=CO); WW (WOW Air ehf -> GB, top_endpoint=IS); DI (Norwegian Air UK Limited -> DE, top_endpoint=GB); N3 (Vuela EL Salvador S.A. de C.V. -> RU, top_endpoint=SV); B0 (Dreamjet SAS Dba La Compagnie -> US, top_endpoint=FR); 9W (Jet Airways (India) Limited -> IN, top_endpoint=BE); V4 (Vensecar International -> KG, top_endpoint=VE); D8 (Norwegian Air International Ltd. -> DJ, top_endpoint=IE); Q6 (Vuela Aviacion, S.A. -> PE, top_endpoint=SV); ZG (ZIPAIR Tokyo Inc. -> MO, top_endpoint=JP); N0 (Norse Atlantic Airways,AS -> AR, top_endpoint=FR); 6Y (Nicaraguense De Aviacion Sa -> LV, top_endpoint=NI); Z0 (Norse Atlantic UK Ltd -> AR, top_endpoint=GB); 9V (Avior Airlines, C.A. -> CR, top_endpoint=VE); TV (Haiti Trans Air -> BE, top_endpoint=HT); 8R (Edelweiss Air Ag -> BR, top_endpoint=CH); 7P (Apa International Air S.A. -> ID, top_endpoint=DO); WO (SWOOP Inc. -> US, top_endpoint=CA); WU (Western Air Ltd -> UA, top_endpoint=BS); CF (Compan. De Aviacion Faucett -> SE, top_endpoint=PE); UD (Fast Air Carrier Ltd. -> FR, top_endpoint=CL); C8 (Cargolux Italia SpA -> US, top_endpoint=LU); YP (Air Premia -> DE, top_endpoint=KR); VR (Transportes Aereos De Cabo -> PT, top_endpoint=CV); UT (Union De Transports Aeriens -> RU, top_endpoint=FR); 7L (Silk Way West Airlines -> IL, top_endpoint=AZ); OJ (Fly Jamaica Airways Limited -> NG, top_endpoint=JM); GH (Ghana Airways Corporation -> RU, top_endpoint=GH); H8 (Sky Airline Peru -> RU, top_endpoint=PE); ED (Andes -> PK, top_endpoint=EC); Y9 (1263343 Alberta Inc. d/b/a Lynx Air -> IR, top_endpoint=CA); R0 (Tantalus Air Ltd. d/b/a Harbour Air d/b/a Harbour Air Seaplanes -> PK, top_endpoint=CA); DM (Arajet S.A. -> DK, top_endpoint=DO); H2 (City Bird -> CL, top_endpoint=BE); 8I (Inselair Aruba NV -> IT, top_endpoint=AW); RL (1) (Aerolineas Nicaraguenses -> JO, top_endpoint=NI); 7G (MK Airlines Ltd. -> JP, top_endpoint=LU); LU (Air Atlantic Dominicana -> CL, top_endpoint=DO); JZ (Japan Air Charter Co. Ltd. -> SE, top_endpoint=JP); Y7 (Flyjet Limited d/b/a Silverjet -> RU, top_endpoint=GB); DC (Caribbean Air Cargo Co Ltd. -> SE, top_endpoint=TT); LL (LEVEL -> MX, top_endpoint=ES); KJ (AIRZETA CO Ltd. -> GB, top_endpoint=KR); AE (Air Europe Limited -> TW, top_endpoint=GB); 7M (Aeromonterrey S.A. -> MN, top_endpoint=MX); HJ (Air Haiti S. A. -> AU, top_endpoint=HT); 9T (TravelspanGT, Inc. S.A. -> CA, top_endpoint=TT); LV (OPENSKIES SAS -> AL, top_endpoint=FR); HB (1) (Air Club International -> US, top_endpoint=CA); OV (Aeromaritime -> EE, top_endpoint=FR); GW (1) (Central American Airlines -> RU, top_endpoint=NI); MM (Euro Atlantic Airways -> JP, top_endpoint=UA); OB (Oasis International Airlines S.A. -> RU, top_endpoint=ES); FB (Translift Airways Limited -> BG, top_endpoint=IE); FP (TAG Aviation S.A. -> US, top_endpoint=CH); Q2 (Zambia Airways Corp. -> MV, top_endpoint=GM); PP (Jet Aviation Business Jets AG -> PK, top_endpoint=CH); 9N (ANA & JP Express Co. Ltd. -> IS, top_endpoint=JP); Q7 (1) (Sobelair -> BS, top_endpoint=BE); 4H (Belize Trans Air -> BD, top_endpoint=BZ); VK (Air Tungaru Corporation -> NG, top_endpoint=KI); DB (Maleth Aero AOC Ltd. -> FR, top_endpoint=GB); ZS (Hispaniola Airways -> SA, top_endpoint=DO); KM (Air Malta -> MT, top_endpoint=IE); WL (1) (World Air Network -> FR, top_endpoint=JP); FK (Flightcraft Air Charter Ltd dba KF Aeroflyer -> TG, top_endpoint=CA); GE (Lufthansa Cargo Airlines -> TW, top_endpoint=DE); ZL (Affretair -> AU, top_endpoint=ZW)
1         icao       35     47345.0             23           0.657143         0.493759                  24              0.516084                                                                                                                                                                                                                                                                                                                                                                                                                                                                                                                                                                                                                                                                                                                                                                                                                                                                                                                                                                                                                                                                                                                                                                                                                                                                                                                                                                                                                                                                                                                                                                                                                                                                                                                                                                                                                                                                                                                                                                                                                                                                                                                                                                                                                                                                                                                                                                                                                                                                                                                                                                                                                                                                                                                         SEQ (Sky Service F.B.O. -> TH, top_endpoint=CA); ACQ (Aeronautica De Cancun -> PE, top_endpoint=MX); TRA (Aeromexico Travel -> NL, top_endpoint=MX); SMQ (Serv. Aerolineas Mexicanas -> TJ, top_endpoint=MX); RTQ (Aerotour Dominicano Cxa -> FR, top_endpoint=DO); APQ (Alas De Transporte International -> US, top_endpoint=DO); PPQ (Propair -> MX, top_endpoint=CA); ADQ (Aeronaves Del Peru -> CA, top_endpoint=PE); CRV (Acropolis Aviation Ltd. -> CI, top_endpoint=GB); VSA (VistaJet Luftfahrtunternehmen GmbH -> ZA, top_endpoint=GB); PDQ (Antigua Paradise Airways -> US, top_endpoint=AG); IGA (Global Jet Austria, GmbH -> PL, top_endpoint=GB); TRQ (Blue Scandinavia Ab -> NL, top_endpoint=SE); PTQ (Pontair Ltd. -> US, top_endpoint=ES); BTQ (Brasair Transportes Aereos -> US, top_endpoint=BR); SWQ (Swiss Private Jet S.A. -> US, top_endpoint=CH); AAQ (Advance Air Charters -> FI, top_endpoint=CA); SBQ (Skyjet S.A. -> US, top_endpoint=GH); AZQ (Anglo Airlines Ltd. -> AZ, top_endpoint=GB); ALQ (Alliance Executive Jets Ltd. -> CA, top_endpoint=DE); EXC (Hapag-Lloyd Executive GmbH -> SE, top_endpoint=DE); ASQ (Aerosur (1) -> US, top_endpoint=UY); WPT (World2Fly Portugal SA -> CA, top_endpoint=ES)
2   name_exact       29    701536.0              3           0.103448         0.002544                   5              0.029884                                                                                                                                                                                                                                                                                                                                                                                                                                                                                                                                                                                                                                                                                                                                                                                                                                                                                                                                                                                                                                                                                                                                                                                                                                                                                                                                                                                                                                                                                                                                                                                                                                                                                                                                                                                                                                                                                                                                                                                                                                                                                                                                                                                                                                                                                                                                                                                                                                                                                                                                                                                                                                                                                                                                                                                                                                                                                                                                                                                                                                                                                                                                                                                                                                                                                                                                                                                                                                                                                                                                                                                                                                                                                                                                                                                                                 PIQ (Pacific International Airlines -> US, top_endpoint=PA); SIQ (Premiair -> LU, top_endpoint=SE); M2 (MHS Aviation GmbH -> DE, top_endpoint=GB)
[2026-09-01 22:37:03] 02_carrier_nation INFO: Class-F (headline sample) readings: coverage foreign=0.9303 overall=0.9710; precision-adjusted (home0) foreign=0.8911 overall=0.9547; precision-adjusted (<0.01) foreign=0.8710 overall=0.9463.
[2026-09-01 22:37:03] 02_carrier_nation INFO: Wrote /workspaces/flight-risk/rounds/round-1-t100-panel/carrier_nation_matchrate.csv (84 rows).
[2026-09-01 22:37:03] 02_carrier_nation INFO: Wrote /workspaces/flight-risk/rounds/round-1-t100-panel/carrier_nation_gate_sensitivity.csv: 4 rows. Foreign coverage margin over G7_FOREIGN_MIN = 41643 departures; icao-tier matched departures = 47345; excluding icao tier alone gives foreign coverage = 0.8997 (vs G7_FOREIGN_MIN = 0.90).
[2026-09-01 22:37:03] 02_carrier_nation INFO: Wrote /workspaces/flight-risk/rounds/round-1-t100-panel/carrier_nation_audit_sample.csv: 80 rows (40 top-by-departures, 40 random) for human tier scoring.
[2026-09-01 22:37:04] 02_carrier_nation INFO: Wrote /workspaces/flight-risk/rounds/round-1-t100-panel/carrier_nation_unmatched.csv: 244 unmatched-or-refused codes, 1931914 total departures.
[2026-09-01 22:37:05] 02_carrier_nation INFO: Wrote /workspaces/flight-risk/rounds/round-1-t100-panel/carrier_nation_corridor_coverage.csv: 44 airport x window rows (all-carrier / foreign-only / foreign-precision-adjusted, covid_flag).
[2026-09-01 22:37:06] 02_carrier_nation INFO: Name-churn diagnostic: 80 codes with >1 UNIQUE_CARRIER_NAME era, 173 rows, 6548327 departures (0.1383 of all non-null-carrier departures); 2 flagged cross-border (endpoint geography changed alongside the name).
[2026-09-01 22:37:06] 02_carrier_nation INFO: Wrote /workspaces/flight-risk/rounds/round-1-t100-panel/carrier_nation_flips.csv: 195 rows (173 name-churn, 22 suffix-collision-refused).
[2026-09-01 22:37:06] 02_carrier_nation ERROR: DEGENERATE-GATE: G7 is titled 'mapping precision', and its two defensible readings disagree on pass/fail. Coverage reading (does the code resolve to some candidate; overall=0.9592 foreign=0.9021) reads PASS. Precision-adjusted reading (same, but the matched code's own T-100 routes must touch its mapped home country at least once; overall=0.9429 foreign=0.8631) reads FAIL. Per STANDING_RULES rule 4, neither reading is chosen. FIX-02 is BLOCKED-NEEDS-HUMAN. Diagnostics: /workspaces/flight-risk/rounds/round-1-t100-panel/carrier_nation_precision_audit.csv (one row per matched-foreign code), /workspaces/flight-risk/rounds/round-1-t100-panel/carrier_nation_matchrate.csv (both readings side by side), /workspaces/flight-risk/rounds/round-1-t100-panel/carrier_nation_audit_sample.csv (40 largest + random 40 for human tier scoring), /workspaces/flight-risk/rounds/round-1-t100-panel/carrier_nation_flips.csv (suffix-collision and name-churn detail).
[2026-09-01 22:37:11] 02_carrier_nation INFO: Loaded t100_raw.parquet: 2662470 rows
[2026-09-01 22:37:11] 02_carrier_nation INFO: Loaded airlines.csv: 6162 rows
[2026-09-01 22:37:11] 02_carrier_nation INFO: country-name crosswalk built from T-100: 217 distinct names -> ISO2
[2026-09-01 22:37:11] 02_carrier_nation INFO: UNIQUE_CARRIER null (missing, not a code): 2407 rows, 15483 departures — own category, excluded from match-rate denominator.
[2026-09-01 22:37:12] 02_carrier_nation INFO: No UNIQUE_CARRIER code crosses the US/foreign CARRIER_GROUP boundary across years in this data (checked, not assumed).
[2026-09-01 22:37:12] 02_carrier_nation INFO: Distinct UNIQUE_CARRIER codes (excl. null): 770
[2026-09-01 22:37:12] 02_carrier_nation INFO: US-by-construction (CARRIER_GROUP in {1, 2, 3, 7}): 236 codes.
[2026-09-01 22:37:12] 02_carrier_nation INFO: Foreign codes to match against airlines.csv: 534
[2026-09-01 22:37:12] 02_carrier_nation INFO: Matched codes before suffix-collision check: 548 / 770.
[2026-09-01 22:37:12] 02_carrier_nation INFO: Suffix-collision check: 22 UNIQUE_CARRIER codes refused across 11 base-code families (215007 departures) -- siblings of a reused code that would receive the same nation despite differing UNIQUE_CARRIER_NAME; refused rather than guessed.
[2026-09-01 22:37:12] 02_carrier_nation INFO: Wrote /workspaces/flight-risk/data/interim/carrier_nation.parquet: 8842 (UNIQUE_CARRIER, year) rows.
[2026-09-01 22:37:12] 02_carrier_nation INFO: merge on=iata/icao/name (priority-ordered) how=left-priority-chain, post suffix-collision refusal | left=770 right=6162 -> merged=290
[2026-09-01 22:37:15] 02_carrier_nation INFO: G7 coverage reading: overall departures-weighted match rate = 0.9592 (need >= 0.95); foreign departures-weighted match rate = 0.9021 (need >= 0.90).
[2026-09-01 22:37:17] 02_carrier_nation INFO: Wrote /workspaces/flight-risk/rounds/round-1-t100-panel/carrier_nation_precision_audit.csv: 290 matched-foreign codes audited.
[2026-09-01 22:37:17] 02_carrier_nation INFO: Precision audit: 100 / 290 matched-foreign codes have home_country_dep_share == 0 (0.0433 of matched-foreign departures); 0.0644 of matched-foreign departures have home_country_dep_share < 0.01.
[2026-09-01 22:37:17] 02_carrier_nation INFO: G7 precision-adjusted reading (matched AND home_country_dep_share>0): overall=0.9429 foreign=0.8631 (need >= 0.95 / 0.90).
[2026-09-01 22:37:17] 02_carrier_nation INFO: Wrote /workspaces/flight-risk/rounds/round-1-t100-panel/carrier_nation_tier_precision.csv: 3 tier rows (precision proxy = observed home-country endpoint share).
[2026-09-01 22:37:17] 02_carrier_nation INFO: Precision by match tier:
  match_method  n_codes  departures  n_home0_codes  share_home0_codes  share_home0_dep  n_home_lt001_codes  share_home_lt001_dep                                                                                                                                                                                                                                                                                                                                                                                                                                                                                                                                                                                                                                                                                                                                                                                                                                                                                                                                                                                                                                                                                                                                                                                                                                                                                                                                                                                                                                                                                                                                                                                                                                                                                                                                                                                                                                                                                                                                                                                                                                                                                                                                                                                                                                                                                                                                                                                                                                                                                                                                                                                                                                                                                                                                                                                                                                                                                                                                                                                                                                                                                                                                                                                                                                                                                                                                                                                                                                                                                                                                                                                                                                                                                                                                                                                                                                                                                                                                           implausible_pairs_home0
0         iata      226  17054778.0             74           0.327434         0.043693                  76              0.064608  KV (Sky Regional Airlines Inc. -> RU, top_endpoint=CA); RV (Air Canada rouge LP -> IR, top_endpoint=CA); 7Z (Lb Limited -> CV, top_endpoint=BS); 6R (Aerounion Aerotransporte de Carga Union SA de CV -> RU, top_endpoint=MX); K8 (Dutch Caribbean Airlines -> ZM, top_endpoint=AN); FQ (Air Aruba -> BE, top_endpoint=AW); VX (1) (Aces Airlines -> US, top_endpoint=CO); WW (WOW Air ehf -> GB, top_endpoint=IS); DI (Norwegian Air UK Limited -> DE, top_endpoint=GB); N3 (Vuela EL Salvador S.A. de C.V. -> RU, top_endpoint=SV); B0 (Dreamjet SAS Dba La Compagnie -> US, top_endpoint=FR); 9W (Jet Airways (India) Limited -> IN, top_endpoint=BE); V4 (Vensecar International -> KG, top_endpoint=VE); D8 (Norwegian Air International Ltd. -> DJ, top_endpoint=IE); Q6 (Vuela Aviacion, S.A. -> PE, top_endpoint=SV); ZG (ZIPAIR Tokyo Inc. -> MO, top_endpoint=JP); N0 (Norse Atlantic Airways,AS -> AR, top_endpoint=FR); 6Y (Nicaraguense De Aviacion Sa -> LV, top_endpoint=NI); Z0 (Norse Atlantic UK Ltd -> AR, top_endpoint=GB); 9V (Avior Airlines, C.A. -> CR, top_endpoint=VE); TV (Haiti Trans Air -> BE, top_endpoint=HT); 8R (Edelweiss Air Ag -> BR, top_endpoint=CH); 7P (Apa International Air S.A. -> ID, top_endpoint=DO); WO (SWOOP Inc. -> US, top_endpoint=CA); WU (Western Air Ltd -> UA, top_endpoint=BS); CF (Compan. De Aviacion Faucett -> SE, top_endpoint=PE); UD (Fast Air Carrier Ltd. -> FR, top_endpoint=CL); C8 (Cargolux Italia SpA -> US, top_endpoint=LU); YP (Air Premia -> DE, top_endpoint=KR); VR (Transportes Aereos De Cabo -> PT, top_endpoint=CV); UT (Union De Transports Aeriens -> RU, top_endpoint=FR); 7L (Silk Way West Airlines -> IL, top_endpoint=AZ); OJ (Fly Jamaica Airways Limited -> NG, top_endpoint=JM); GH (Ghana Airways Corporation -> RU, top_endpoint=GH); H8 (Sky Airline Peru -> RU, top_endpoint=PE); ED (Andes -> PK, top_endpoint=EC); Y9 (1263343 Alberta Inc. d/b/a Lynx Air -> IR, top_endpoint=CA); R0 (Tantalus Air Ltd. d/b/a Harbour Air d/b/a Harbour Air Seaplanes -> PK, top_endpoint=CA); DM (Arajet S.A. -> DK, top_endpoint=DO); H2 (City Bird -> CL, top_endpoint=BE); 8I (Inselair Aruba NV -> IT, top_endpoint=AW); RL (1) (Aerolineas Nicaraguenses -> JO, top_endpoint=NI); 7G (MK Airlines Ltd. -> JP, top_endpoint=LU); LU (Air Atlantic Dominicana -> CL, top_endpoint=DO); JZ (Japan Air Charter Co. Ltd. -> SE, top_endpoint=JP); Y7 (Flyjet Limited d/b/a Silverjet -> RU, top_endpoint=GB); DC (Caribbean Air Cargo Co Ltd. -> SE, top_endpoint=TT); LL (LEVEL -> MX, top_endpoint=ES); KJ (AIRZETA CO Ltd. -> GB, top_endpoint=KR); AE (Air Europe Limited -> TW, top_endpoint=GB); 7M (Aeromonterrey S.A. -> MN, top_endpoint=MX); HJ (Air Haiti S. A. -> AU, top_endpoint=HT); 9T (TravelspanGT, Inc. S.A. -> CA, top_endpoint=TT); LV (OPENSKIES SAS -> AL, top_endpoint=FR); HB (1) (Air Club International -> US, top_endpoint=CA); OV (Aeromaritime -> EE, top_endpoint=FR); GW (1) (Central American Airlines -> RU, top_endpoint=NI); MM (Euro Atlantic Airways -> JP, top_endpoint=UA); OB (Oasis International Airlines S.A. -> RU, top_endpoint=ES); FB (Translift Airways Limited -> BG, top_endpoint=IE); FP (TAG Aviation S.A. -> US, top_endpoint=CH); Q2 (Zambia Airways Corp. -> MV, top_endpoint=GM); PP (Jet Aviation Business Jets AG -> PK, top_endpoint=CH); 9N (ANA & JP Express Co. Ltd. -> IS, top_endpoint=JP); Q7 (1) (Sobelair -> BS, top_endpoint=BE); 4H (Belize Trans Air -> BD, top_endpoint=BZ); VK (Air Tungaru Corporation -> NG, top_endpoint=KI); DB (Maleth Aero AOC Ltd. -> FR, top_endpoint=GB); ZS (Hispaniola Airways -> SA, top_endpoint=DO); KM (Air Malta -> MT, top_endpoint=IE); WL (1) (World Air Network -> FR, top_endpoint=JP); FK (Flightcraft Air Charter Ltd dba KF Aeroflyer -> TG, top_endpoint=CA); GE (Lufthansa Cargo Airlines -> TW, top_endpoint=DE); ZL (Affretair -> AU, top_endpoint=ZW)
1         icao       35     47345.0             23           0.657143         0.493759                  24              0.516084                                                                                                                                                                                                                                                                                                                                                                                                                                                                                                                                                                                                                                                                                                                                                                                                                                                                                                                                                                                                                                                                                                                                                                                                                                                                                                                                                                                                                                                                                                                                                                                                                                                                                                                                                                                                                                                                                                                                                                                                                                                                                                                                                                                                                                                                                                                                                                                                                                                                                                                                                                                                                                                                                                                         SEQ (Sky Service F.B.O. -> TH, top_endpoint=CA); ACQ (Aeronautica De Cancun -> PE, top_endpoint=MX); TRA (Aeromexico Travel -> NL, top_endpoint=MX); SMQ (Serv. Aerolineas Mexicanas -> TJ, top_endpoint=MX); RTQ (Aerotour Dominicano Cxa -> FR, top_endpoint=DO); APQ (Alas De Transporte International -> US, top_endpoint=DO); PPQ (Propair -> MX, top_endpoint=CA); ADQ (Aeronaves Del Peru -> CA, top_endpoint=PE); CRV (Acropolis Aviation Ltd. -> CI, top_endpoint=GB); VSA (VistaJet Luftfahrtunternehmen GmbH -> ZA, top_endpoint=GB); PDQ (Antigua Paradise Airways -> US, top_endpoint=AG); IGA (Global Jet Austria, GmbH -> PL, top_endpoint=GB); TRQ (Blue Scandinavia Ab -> NL, top_endpoint=SE); PTQ (Pontair Ltd. -> US, top_endpoint=ES); BTQ (Brasair Transportes Aereos -> US, top_endpoint=BR); SWQ (Swiss Private Jet S.A. -> US, top_endpoint=CH); AAQ (Advance Air Charters -> FI, top_endpoint=CA); SBQ (Skyjet S.A. -> US, top_endpoint=GH); AZQ (Anglo Airlines Ltd. -> AZ, top_endpoint=GB); ALQ (Alliance Executive Jets Ltd. -> CA, top_endpoint=DE); EXC (Hapag-Lloyd Executive GmbH -> SE, top_endpoint=DE); ASQ (Aerosur (1) -> US, top_endpoint=UY); WPT (World2Fly Portugal SA -> CA, top_endpoint=ES)
2   name_exact       29    701536.0              3           0.103448         0.002544                   5              0.029884                                                                                                                                                                                                                                                                                                                                                                                                                                                                                                                                                                                                                                                                                                                                                                                                                                                                                                                                                                                                                                                                                                                                                                                                                                                                                                                                                                                                                                                                                                                                                                                                                                                                                                                                                                                                                                                                                                                                                                                                                                                                                                                                                                                                                                                                                                                                                                                                                                                                                                                                                                                                                                                                                                                                                                                                                                                                                                                                                                                                                                                                                                                                                                                                                                                                                                                                                                                                                                                                                                                                                                                                                                                                                                                                                                                                                 PIQ (Pacific International Airlines -> US, top_endpoint=PA); SIQ (Premiair -> LU, top_endpoint=SE); M2 (MHS Aviation GmbH -> DE, top_endpoint=GB)
[2026-09-01 22:37:19] 02_carrier_nation INFO: Class-F (headline sample) readings: coverage foreign=0.9303 overall=0.9710; precision-adjusted (home0) foreign=0.8911 overall=0.9547; precision-adjusted (<0.01) foreign=0.8710 overall=0.9463.
[2026-09-01 22:37:19] 02_carrier_nation INFO: Wrote /workspaces/flight-risk/rounds/round-1-t100-panel/carrier_nation_matchrate.csv (84 rows).
[2026-09-01 22:37:19] 02_carrier_nation INFO: Wrote /workspaces/flight-risk/rounds/round-1-t100-panel/carrier_nation_gate_sensitivity.csv: 4 rows. Foreign coverage margin over G7_FOREIGN_MIN = 41643 departures; icao-tier matched departures = 47345; excluding icao tier alone gives foreign coverage = 0.8997 (vs G7_FOREIGN_MIN = 0.90).
[2026-09-01 22:37:19] 02_carrier_nation INFO: Wrote /workspaces/flight-risk/rounds/round-1-t100-panel/carrier_nation_audit_sample.csv: 80 rows (40 top-by-departures, 40 random) for human tier scoring.
[2026-09-01 22:37:20] 02_carrier_nation INFO: Wrote /workspaces/flight-risk/rounds/round-1-t100-panel/carrier_nation_unmatched.csv: 244 unmatched-or-refused codes, 1931914 total departures.
[2026-09-01 22:37:22] 02_carrier_nation INFO: Wrote /workspaces/flight-risk/rounds/round-1-t100-panel/carrier_nation_corridor_coverage.csv: 44 airport x window rows (all-carrier / foreign-only / foreign-precision-adjusted, covid_flag).
[2026-09-01 22:37:22] 02_carrier_nation INFO: Name-churn diagnostic: 80 codes with >1 UNIQUE_CARRIER_NAME era, 173 rows, 6548327 departures (0.1383 of all non-null-carrier departures); 2 flagged cross-border (endpoint geography changed alongside the name).
[2026-09-01 22:37:22] 02_carrier_nation INFO: Wrote /workspaces/flight-risk/rounds/round-1-t100-panel/carrier_nation_flips.csv: 195 rows (173 name-churn, 22 suffix-collision-refused).
[2026-09-01 22:37:22] 02_carrier_nation ERROR: DEGENERATE-GATE: G7 is titled 'mapping precision', and its two defensible readings disagree on pass/fail. Coverage reading (does the code resolve to some candidate; overall=0.9592 foreign=0.9021) reads PASS. Precision-adjusted reading (same, but the matched code's own T-100 routes must touch its mapped home country at least once; overall=0.9429 foreign=0.8631) reads FAIL. Per STANDING_RULES rule 4, neither reading is chosen. FIX-02 is BLOCKED-NEEDS-HUMAN. Diagnostics: /workspaces/flight-risk/rounds/round-1-t100-panel/carrier_nation_precision_audit.csv (one row per matched-foreign code), /workspaces/flight-risk/rounds/round-1-t100-panel/carrier_nation_matchrate.csv (both readings side by side), /workspaces/flight-risk/rounds/round-1-t100-panel/carrier_nation_audit_sample.csv (40 largest + random 40 for human tier scoring), /workspaces/flight-risk/rounds/round-1-t100-panel/carrier_nation_flips.csv (suffix-collision and name-churn detail).
